    Finished `release` profile [optimized + debuginfo] target(s) in 0.03s
    Finished `release` profile [optimized + debuginfo] target(s) in 0.02s
     Running `target/x86_64-unknown-linux-gnu/release/fstapi_diff -artifact_prefix=/home/rodrigodd/repos/fst-writer/fuzz/artifacts/fstapi_diff/ -fork=27 -ignore_crashes=1 /home/rodrigodd/repos/fst-writer/fuzz/corpus/fstapi_diff`
INFO: Running with entropic power schedule (0xFF, 100).
INFO: Seed: 1753341280
INFO: Loaded 1 modules   (17814 inline 8-bit counters): 17814 [0x55d8696f9ac0, 0x55d8696fe056), 
INFO: Loaded 1 PC tables (17814 PCs): 17814 [0x55d8696fe058,0x55d8697439b8), 
INFO: -fork=27: fuzzing in separate process(s)
INFO: -fork=27: 0 seed inputs, starting to fuzz in /tmp/libFuzzerTemp.FuzzWithFork3183.dir
#141: cov: 0 ft: 0 corp: 0 exec/s: 70 oom/timeout/crash: 0/0/0 time: 2s job: 1 dft_time: 0
  NEW_FUNC: 0x55d869552eb0 in core::ptr::drop_glue::<fst_writer::writer::FstHeaderWriter<alloc::io::buffered::bufwriter::BufWriter<std::fs::File>>> /home/rodrigodd/.rustup/toolchains/nightly-x86_64-unknown-linux-gnu/lib/rustlib/src/rust/library/core/src/ptr/mod.rs:847
  NEW_FUNC: 0x55d869555f20 in core::ptr::drop_glue::<alloc::vec::Vec<fstapi_diff::Item>> /home/rodrigodd/.rustup/toolchains/nightly-x86_64-unknown-linux-gnu/lib/rustlib/src/rust/library/core/src/ptr/mod.rs:847
  NEW_FUNC: 0x55d869559570 in core::ptr::drop_glue::<alloc::io::buffered::bufwriter::BufWriter<std::fs::File>> /home/rodrigodd/.rustup/toolchains/nightly-x86_64-unknown-linux-gnu/lib/rustlib/src/rust/library/core/src/ptr/mod.rs:847
  NEW_FUNC: 0x55d86955a380 in core::ptr::drop_glue::<fstapi_diff::Item> /home/rodrigodd/.rustup/toolchains/nightly-x86_64-unknown-linux-gnu/lib/rustlib/src/rust/library/core/src/ptr/mod.rs:847
  NEW_FUNC: 0x55d869566390 in fst_writer::io::write_c_str_fixed_length::<alloc::io::buffered::bufwriter::BufWriter<std::fs::File>> /home/rodrigodd/repos/fst-writer/src/io.rs:89
  NEW_FUNC: 0x55d8695680d0 in fst_writer::io::write_u8::<alloc::io::buffered::bufwriter::BufWriter<std::fs::File>> /home/rodrigodd/repos/fst-writer/src/io.rs:68
  NEW_FUNC: 0x55d869568570 in fst_writer::io::write_u64::<alloc::io::buffered::bufwriter::BufWriter<std::fs::File>> /home/rodrigodd/repos/fst-writer/src/io.rs:62
  NEW_FUNC: 0x55d869598b00 in <alloc::raw_vec::RawVecInner<_>>::reserve::do_reserve_and_handle::<alloc::alloc::Global> /home/rodrigodd/.rustup/toolchains/nightly-x86_64-unknown-linux-gnu/lib/rustlib/src/rust/library/alloc/src/raw_vec/mod.rs:658
  NEW_FUNC: 0x55d86959cd50 in <fstapi_diff::Waveform as arbitrary::Arbitrary>::arbitrary_take_rest::{closure#0} /home/rodrigodd/repos/fst-writer/fuzz/fuzz_targets/fstapi_diff.rs:60
  NEW_FUNC: 0x55d86959d9f0 in <fstapi_diff::Item as arbitrary::Arbitrary>::arbitrary::{closure#0} /home/rodrigodd/repos/fst-writer/fuzz/fuzz_targets/fstapi_diff.rs:29
  NEW_FUNC: 0x55d8695ac5f0 in fstapi_diff::sanitize /home/rodrigodd/repos/fst-writer/fuzz/fuzz_targets/fstapi_diff.rs:160
  NEW_FUNC: 0x55d8695ba6e0 in <alloc::raw_vec::RawVecInner>::finish_grow /home/rodrigodd/.rustup/toolchains/nightly-x86_64-unknown-linux-gnu/lib/rustlib/src/rust/library/alloc/src/raw_vec/mod.rs:544
  NEW_FUNC: 0x55d8695bb4d0 in <alloc::io::buffered::bufwriter::BufWriter<std::fs::File>>::flush_buf /home/rodrigodd/.rustup/toolchains/nightly-x86_64-unknown-linux-gnu/lib/rustlib/src/rust/library/alloc/src/io/buffered/bufwriter.rs:208
  NEW_FUNC: 0x55d8695bde20 in fstapi_diff::_::__libfuzzer_sys_run /home/rodrigodd/.cargo/registry/src/index.crates.io-1949cf8c6b5b557f/libfuzzer-sys-0.4.13/src/lib.rs:368
  NEW_FUNC: 0x55d8695c8eb0 in <core::iter::adapters::GenericShunt<arbitrary::unstructured::ArbitraryIter<fstapi_diff::Item>, core::result::Result<core::convert::Infallible, arbitrary::error::Error>> as core::iter::traits::iterator::Iterator>::next /home/rodrigodd/.rustup/toolchains/nightly-x86_64-unknown-linux-gnu/lib/rustlib/src/rust/library/core/src/iter/adapters/mod.rs:176
  NEW_FUNC: 0x55d8695c93a0 in <core::iter::adapters::GenericShunt<arbitrary::unstructured::ArbitraryTakeRestIter<fstapi_diff::Op>, core::result::Result<core::convert::Infallible, arbitrary::error::Error>> as core::iter::traits::iterator::Iterator>::next /home/rodrigodd/.rustup/toolchains/nightly-x86_64-unknown-linux-gnu/lib/rustlib/src/rust/library/core/src/iter/adapters/mod.rs:176
  NEW_FUNC: 0x55d8695d1d90 in <core::io::cursor::Cursor<alloc::vec::Vec<u8>> as core::io::write::Write>::write_all /home/rodrigodd/.rustup/toolchains/nightly-x86_64-unknown-linux-gnu/lib/rustlib/src/rust/library/core/src/io/cursor.rs:507
  NEW_FUNC: 0x55d8695d69b0 in rust_fuzzer_test_input /home/rodrigodd/.cargo/registry/src/index.crates.io-1949cf8c6b5b557f/libfuzzer-sys-0.4.13/src/lib.rs:325
  NEW_FUNC: 0x55d8695d8960 in <tempfile::Builder>::tempdir /home/rodrigodd/.cargo/registry/src/index.crates.io-1949cf8c6b5b557f/tempfile-3.27.0/src/lib.rs:595
  NEW_FUNC: 0x55d8695d9fd0 in tempfile::dir::create /home/rodrigodd/.cargo/registry/src/index.crates.io-1949cf8c6b5b557f/tempfile-3.27.0/src/dir/mod.rs:506
  NEW_FUNC: 0x55d8695da900 in tempfile::dir::tempdir /home/rodrigodd/.cargo/registry/src/index.crates.io-1949cf8c6b5b557f/tempfile-3.27.0/src/dir/mod.rs:64
  NEW_FUNC: 0x55d8695daae0 in tempfile::env::temp_dir /home/rodrigodd/.cargo/registry/src/index.crates.io-1949cf8c6b5b557f/tempfile-3.27.0/src/env.rs:45
  NEW_FUNC: 0x55d8695dad30 in tempfile::util::tmpname /home/rodrigodd/.cargo/registry/src/index.crates.io-1949cf8c6b5b557f/tempfile-3.27.0/src/util.rs:7
  NEW_FUNC: 0x55d8695db610 in <tempfile::dir::TempDir as core::ops::drop::Drop>::drop /home/rodrigodd/.cargo/registry/src/index.crates.io-1949cf8c6b5b557f/tempfile-3.27.0/src/dir/mod.rs:499
  NEW_FUNC: 0x55d8695dc9c0 in fastrand::global_rng::random_seed /home/rodrigodd/.cargo/registry/src/index.crates.io-1949cf8c6b5b557f/fastrand-2.5.0/src/global_rng.rs:203
  NEW_FUNC: 0x55d8695dcdd0 in <core::hash::sip::Hasher<core::hash::sip::Sip13Rounds> as core::hash::Hasher>::write /home/rodrigodd/.rustup/toolchains/nightly-x86_64-unknown-linux-gnu/lib/rustlib/src/rust/library/core/src/hash/sip.rs:256
  NEW_FUNC: 0x55d8695ddd40 in LLVMFuzzerTestOneInput /home/rodrigodd/.cargo/registry/src/index.crates.io-1949cf8c6b5b557f/libfuzzer-sys-0.4.13/src/lib.rs:59
  NEW_FUNC: 0x55d8695ddfb5 in <std::sync::once_lock::OnceLock<core::option::Option<alloc::string::String>>>::initialize::<<std::sync::once_lock::OnceLock<core::option::Option<alloc::string::String>>>::get_or_init<libfuzzer_sys::rust_libfuzzer_debug_path::{closure#0}>::{closure#0}, !> /home/rodrigodd/.rustup/toolchains/nightly-x86_64-unknown-linux-gnu/lib/rustlib/src/rust/library/std/src/sync/once_lock.rs:562
  NEW_FUNC: 0x55d8695de690 in std::panicking::catch_unwind::do_call::<libfuzzer_sys::test_input_wrap::{closure#0}, i32> /home/rodrigodd/.rustup/toolchains/nightly-x86_64-unknown-linux-gnu/lib/rustlib/src/rust/library/std/src/panicking.rs:572
  NEW_FUNC: 0x55d8695de860 in <std::sync::once::Once>::call_once_force::<<std::sync::once_lock::OnceLock<core::option::Option<alloc::string::String>>>::initialize<<std::sync::once_lock::OnceLock<core::option::Option<alloc::string::String>>>::get_or_init<libfuzzer_sys::rust_libfuzzer_debug_path::{closure#0}>::{closure#0}, !>::{closure#0}>::{closure#0} /home/rodrigodd/.rustup/toolchains/nightly-x86_64-unknown-linux-gnu/lib/rustlib/src/rust/library/std/src/sync/once.rs:226
  NEW_FUNC: 0x55d8695df0d0 in libfuzzer_sys::rust_libfuzzer_debug_path /home/rodrigodd/.cargo/registry/src/index.crates.io-1949cf8c6b5b557f/libfuzzer-sys-0.4.13/src/lib.rs:76
  NEW_FUNC: 0x55d8695df390 in __rust_try libfuzzer_sys.75ca555cd7f29574-cgu.0
  NEW_FUNC: 0x55d86963ae20 in <fstapi::writer::Writer>::timescale_from_str /home/rodrigodd/.cargo/registry/src/index.crates.io-1949cf8c6b5b557f/fstapi-0.0.3/src/writer.rs:86
  NEW_FUNC: 0x55d86963b390 in <fstapi::writer::Writer>::comment /home/rodrigodd/.cargo/registry/src/index.crates.io-1949cf8c6b5b557f/fstapi-0.0.3/src/writer.rs:31
  NEW_FUNC: 0x55d86963b890 in <fstapi::writer::Writer>::set_scope /home/rodrigodd/.cargo/registry/src/index.crates.io-1949cf8c6b5b557f/fstapi-0.0.3/src/writer.rs:129
  NEW_FUNC: 0x55d86963c0c0 in <fstapi::writer::Writer as core::ops::drop::Drop>::drop /home/rodrigodd/.cargo/registry/src/index.crates.io-1949cf8c6b5b557f/fstapi-0.0.3/src/writer.rs:204
  NEW_FUNC: 0x55d86964d100 in <fst_writer::types::FstScopeType as arbitrary::Arbitrary>::arbitrary /home/rodrigodd/repos/fst-writer/src/types.rs:89
  NEW_FUNC: 0x55d86968bd60 in <arbitrary::unstructured::Unstructured>::arbitrary_byte_size /home/rodrigodd/.cargo/registry/src/index.crates.io-1949cf8c6b5b557f/arbitrary-1.4.2/src/unstructured.rs:225
  NEW_FUNC: 0x55d86968ca10 in arbitrary::foreign::core::str::arbitrary_str /home/rodrigodd/.cargo/registry/src/index.crates.io-1949cf8c6b5b557f/arbitrary-1.4.2/src/foreign/core/str.rs:6
  NEW_FUNC: 0x55d86968d0e0 in <bool as arbitrary::Arbitrary>::arbitrary /home/rodrigodd/.cargo/registry/src/index.crates.io-1949cf8c6b5b557f/arbitrary-1.4.2/src/foreign/core/bool.rs:5
  NEW_FUNC: 0x55d86968d2c0 in <alloc::string::String as arbitrary::Arbitrary>::arbitrary /home/rodrigodd/.cargo/registry/src/index.crates.io-1949cf8c6b5b557f/arbitrary-1.4.2/src/foreign/alloc/string.rs:7
  NEW_FUNC: 0x55d86968dae0 in <u16 as arbitrary::Arbitrary>::arbitrary /home/rodrigodd/.cargo/registry/src/index.crates.io-1949cf8c6b5b557f/arbitrary-1.4.2/src/foreign/core/num.rs:16
  NEW_FUNC: 0x55d86968de00 in <u32 as arbitrary::Arbitrary>::arbitrary /home/rodrigodd/.cargo/registry/src/index.crates.io-1949cf8c6b5b557f/arbitrary-1.4.2/src/foreign/core/num.rs:16
#347: cov: 358 ft: 375 corp: 5 exec/s: 68 oom/timeout/crash: 0/0/0 time: 3s job: 2 dft_time: 0
#622: cov: 358 ft: 375 corp: 5 exec/s: 68 oom/timeout/crash: 0/0/0 time: 4s job: 3 dft_time: 0
#1119: cov: 358 ft: 375 corp: 5 exec/s: 99 oom/timeout/crash: 0/0/0 time: 5s job: 4 dft_time: 0
  NEW_FUNC: 0x55d869551290 in <fst_writer::buffer::SignalBuffer>::flush::<alloc::io::buffered::bufwriter::BufWriter<std::fs::File>> /home/rodrigodd/repos/fst-writer/src/buffer.rs:269
  NEW_FUNC: 0x55d869555140 in core::ptr::drop_glue::<fst_reader::reader::FstReader<alloc::io::buffered::bufreader::BufReader<std::fs::File>>> /home/rodrigodd/.rustup/toolchains/nightly-x86_64-unknown-linux-gnu/lib/rustlib/src/rust/library/core/src/ptr/mod.rs:847
  NEW_FUNC: 0x55d869556300 in core::ptr::drop_glue::<alloc::vec::Vec<fstapi_diff::HierItem>> /home/rodrigodd/.rustup/toolchains/nightly-x86_64-unknown-linux-gnu/lib/rustlib/src/rust/library/core/src/ptr/mod.rs:847
  NEW_FUNC: 0x55d869557d50 in core::ptr::drop_glue::<alloc::vec::Vec<(u64, usize, alloc::string::String)>> /home/rodrigodd/.rustup/toolchains/nightly-x86_64-unknown-linux-gnu/lib/rustlib/src/rust/library/core/src/ptr/mod.rs:847
  NEW_FUNC: 0x55d8695582f0 in core::ptr::drop_glue::<alloc::vec::Vec<u8>> /home/rodrigodd/.rustup/toolchains/nightly-x86_64-unknown-linux-gnu/lib/rustlib/src/rust/library/core/src/ptr/mod.rs:847
  NEW_FUNC: 0x55d8695585b0 in core::ptr::drop_glue::<alloc::vec::Vec<u32>> /home/rodrigodd/.rustup/toolchains/nightly-x86_64-unknown-linux-gnu/lib/rustlib/src/rust/library/core/src/ptr/mod.rs:847
  NEW_FUNC: 0x55d869558880 in core::ptr::drop_glue::<alloc::vec::Vec<u64>> /home/rodrigodd/.rustup/toolchains/nightly-x86_64-unknown-linux-gnu/lib/rustlib/src/rust/library/core/src/ptr/mod.rs:847
  NEW_FUNC: 0x55d869559310 in core::ptr::drop_glue::<alloc::io::buffered::bufreader::BufReader<std::fs::File>> /home/rodrigodd/.rustup/toolchains/nightly-x86_64-unknown-linux-gnu/lib/rustlib/src/rust/library/core/src/ptr/mod.rs:847
  NEW_FUNC: 0x55d86955a9d0 in core::ptr::drop_glue::<fstapi_diff::Parsed> /home/rodrigodd/.rustup/toolchains/nightly-x86_64-unknown-linux-gnu/lib/rustlib/src/rust/library/core/src/ptr/mod.rs:847
  NEW_FUNC: 0x55d86955bac0 in core::ptr::drop_glue::<fst_writer::buffer::SignalBuffer> /home/rodrigodd/.rustup/toolchains/nightly-x86_64-unknown-linux-gnu/lib/rustlib/src/rust/library/core/src/ptr/mod.rs:847
  NEW_FUNC: 0x55d86955c540 in core::ptr::drop_glue::<fst_reader::io::OffsetTable> /home/rodrigodd/.rustup/toolchains/nightly-x86_64-unknown-linux-gnu/lib/rustlib/src/rust/library/core/src/ptr/mod.rs:847
  NEW_FUNC: 0x55d86955c810 in core::ptr::drop_glue::<fst_reader::io::ReaderError> /home/rodrigodd/.rustup/toolchains/nightly-x86_64-unknown-linux-gnu/lib/rustlib/src/rust/library/core/src/ptr/mod.rs:847
  NEW_FUNC: 0x55d86955d810 in core::ptr::drop_glue::<fst_reader::types::FstHierarchyEntry> /home/rodrigodd/.rustup/toolchains/nightly-x86_64-unknown-linux-gnu/lib/rustlib/src/rust/library/core/src/ptr/mod.rs:847
  NEW_FUNC: 0x55d86955ed40 in core::ptr::drop_glue::<fst_reader::reader::MetaData> /home/rodrigodd/.rustup/toolchains/nightly-x86_64-unknown-linux-gnu/lib/rustlib/src/rust/library/core/src/ptr/mod.rs:847
  NEW_FUNC: 0x55d869560440 in fst_writer::io::flush_zeros::<alloc::vec::Vec<u8>> /home/rodrigodd/repos/fst-writer/src/io.rs:381
  NEW_FUNC: 0x55d869560660 in fst_writer::io::write_frame::<alloc::io::buffered::bufwriter::BufWriter<std::fs::File>> /home/rodrigodd/repos/fst-writer/src/io.rs:447
  NEW_FUNC: 0x55d869560b90 in fst_writer::io::write_time_table::<alloc::io::buffered::bufwriter::BufWriter<std::fs::File>> /home/rodrigodd/repos/fst-writer/src/io.rs:512
  NEW_FUNC: 0x55d8695621c0 in fst_writer::io::write_variant_u64::<alloc::vec::Vec<u8>> /home/rodrigodd/repos/fst-writer/src/io.rs:14
  NEW_FUNC: 0x55d869562c40 in fst_writer::io::write_variant_u64::<core::io::cursor::Cursor<alloc::vec::Vec<u8>>> /home/rodrigodd/repos/fst-writer/src/io.rs:14
  NEW_FUNC: 0x55d8695632c0 in fst_writer::io::write_variant_u64::<alloc::io::buffered::bufwriter::BufWriter<std::fs::File>> /home/rodrigodd/repos/fst-writer/src/io.rs:14
  NEW_FUNC: 0x55d869563f00 in fst_writer::io::write_value_changes::<alloc::io::buffered::bufwriter::BufWriter<std::fs::File>, <fst_writer::buffer::SignalBuffer>::flush<alloc::io::buffered::bufwriter::BufWriter<std::fs::File>>::{closure#0}, alloc::vec::Vec<u8>> /home/rodrigodd/repos/fst-writer/src/io.rs:395
  NEW_FUNC: 0x55d869566b10 in fst_writer::io::write_value_change_section::<alloc::io::buffered::bufwriter::BufWriter<std::fs::File>, <fst_writer::buffer::SignalBuffer>::flush<alloc::io::buffered::bufwriter::BufWriter<std::fs::File>>::{closure#0}> /home/rodrigodd/repos/fst-writer/src/io.rs:457
  NEW_FUNC: 0x55d86956aa20 in fst_reader::io::read_bytes::<alloc::io::buffered::bufreader::BufReader<std::fs::File>> /home/rodrigodd/.cargo/git/checkouts/fst-reader-8a2317345e7fb8d5/f09278b/src/io.rs:389
  NEW_FUNC: 0x55d86956c850 in fst_reader::io::read_bytes::<&mut alloc::io::buffered::bufreader::BufReader<std::fs::File>> /home/rodrigodd/.cargo/git/checkouts/fst-reader-8a2317345e7fb8d5/f09278b/src/io.rs:389
  NEW_FUNC: 0x55d86956d900 in fst_reader::io::read_c_str::<&[u8]> /home/rodrigodd/.cargo/git/checkouts/fst-reader-8a2317345e7fb8d5/f09278b/src/io.rs:252
  NEW_FUNC: 0x55d86956f750 in fst_reader::io::read_time_table::<alloc::io::buffered::bufreader::BufReader<std::fs::File>> /home/rodrigodd/.cargo/git/checkouts/fst-reader-8a2317345e7fb8d5/f09278b/src/io.rs:1241
  NEW_FUNC: 0x55d869570330 in fst_reader::io::read_gzip_header::<alloc::io::buffered::bufreader::BufReader<std::fs::File>> /home/rodrigodd/.cargo/git/checkouts/fst-reader-8a2317345e7fb8d5/f09278b/src/io.rs:632
  NEW_FUNC: 0x55d869570d50 in fst_reader::io::read_variant_u32::<&[u8]> /home/rodrigodd/.cargo/git/checkouts/fst-reader-8a2317345e7fb8d5/f09278b/src/io.rs:99
  NEW_FUNC: 0x55d869573c80 in fst_reader::io::read_variant_u64::<&mut alloc::io::buffered::bufreader::BufReader<std::fs::File>> /home/rodrigodd/.cargo/git/checkouts/fst-reader-8a2317345e7fb8d5/f09278b/src/io.rs:137
  NEW_FUNC: 0x55d869574380 in fst_reader::io::read_variant_u64::<&[u8]> /home/rodrigodd/.cargo/git/checkouts/fst-reader-8a2317345e7fb8d5/f09278b/src/io.rs:137
  NEW_FUNC: 0x55d8695752e0 in fst_reader::io::read_hierarchy_entry::<&[u8]> /home/rodrigodd/.cargo/git/checkouts/fst-reader-8a2317345e7fb8d5/f09278b/src/io.rs:873
  NEW_FUNC: 0x55d869579b40 in fst_reader::io::read_c_str_fixed_length::<alloc::io::buffered::bufreader::BufReader<std::fs::File>> /home/rodrigodd/.cargo/git/checkouts/fst-reader-8a2317345e7fb8d5/f09278b/src/io.rs:277
  NEW_FUNC: 0x55d86957ad30 in fst_reader::io::read_lz4_compressed_bytes::<alloc::io::buffered::bufreader::BufReader<std::fs::File>> /home/rodrigodd/.cargo/git/checkouts/fst-reader-8a2317345e7fb8d5/f09278b/src/io.rs:437
  NEW_FUNC: 0x55d86957cde0 in fst_reader::io::read_zlib_compressed_bytes::<alloc::io::buffered::bufreader::BufReader<std::fs::File>> /home/rodrigodd/.cargo/git/checkouts/fst-reader-8a2317345e7fb8d5/f09278b/src/io.rs:339
  NEW_FUNC: 0x55d86957e350 in fst_reader::io::read_zlib_compressed_bytes::<&mut alloc::io::buffered::bufreader::BufReader<std::fs::File>> /home/rodrigodd/.cargo/git/checkouts/fst-reader-8a2317345e7fb8d5/f09278b/src/io.rs:339
  NEW_FUNC: 0x55d869580580 in fst_reader::reader::read_signals::<(), alloc::io::buffered::bufreader::BufReader<std::fs::File>, fstapi_diff::parse::{closure#1}> /home/rodrigodd/.cargo/git/checkouts/fst-reader-8a2317345e7fb8d5/f09278b/src/reader.rs:325
  NEW_FUNC: 0x55d86958e060 in lz4_flex::block::compress::compress_internal::<lz4_flex::block::hashtable::HashTable4KU16, false, lz4_flex::sink::SliceSink> /home/rodrigodd/.cargo/registry/src/index.crates.io-1949cf8c6b5b557f/lz4_flex-0.11.6/src/block/compress.rs:349
  NEW_FUNC: 0x55d8695901d0 in lz4_flex::block::compress::handle_last_literals::<lz4_flex::sink::SliceSink> /home/rodrigodd/.cargo/registry/src/index.crates.io-1949cf8c6b5b557f/lz4_flex-0.11.6/src/block/compress.rs:268
  NEW_FUNC: 0x55d8695909b0 in lz4_flex::block::compress::compress_into_vec_with_dict::<false> /home/rodrigodd/.cargo/registry/src/index.crates.io-1949cf8c6b5b557f/lz4_flex-0.11.6/src/block/compress.rs:659
  NEW_FUNC: 0x55d869599d40 in alloc::io::read::default_read_to_end::small_probe_read::<core::io::util::Take<&mut alloc::io::buffered::bufreader::BufReader<std::fs::File>>> /home/rodrigodd/.rustup/toolchains/nightly-x86_64-unknown-linux-gnu/lib/rustlib/src/rust/library/alloc/src/io/read.rs:854
  NEW_FUNC: 0x55d86959ac40 in alloc::io::read::default_read_to_end::small_probe_read::<core::io::util::Take<&mut &mut alloc::io::buffered::bufreader::BufReader<std::fs::File>>> /home/rodrigodd/.rustup/toolchains/nightly-x86_64-unknown-linux-gnu/lib/rustlib/src/rust/library/alloc/src/io/read.rs:854
  NEW_FUNC: 0x55d86959bb80 in fstapi_diff::parse::{closure#0} /home/rodrigodd/repos/fst-writer/fuzz/fuzz_targets/fstapi_diff.rs:94
  NEW_FUNC: 0x55d86959c530 in fstapi_diff::parse::{closure#1} /home/rodrigodd/repos/fst-writer/fuzz/fuzz_targets/fstapi_diff.rs:114
  NEW_FUNC: 0x55d86959ef90 in fstapi_diff::parse /home/rodrigodd/repos/fst-writer/fuzz/fuzz_targets/fstapi_diff.rs:87
  NEW_FUNC: 0x55d8695acca0 in <fst_reader::reader::FstReader<alloc::io::buffered::bufreader::BufReader<std::fs::File>>>::open_internal /home/rodrigodd/.cargo/git/checkouts/fst-reader-8a2317345e7fb8d5/f09278b/src/reader.rs:97
  NEW_FUNC: 0x55d8695b7d30 in <fst_reader::reader::HeaderReader<alloc::io::buffered::bufreader::BufReader<std::fs::File>>>::read_hierarchy /home/rodrigodd/.cargo/git/checkouts/fst-reader-8a2317345e7fb8d5/f09278b/src/reader.rs:547
  NEW_FUNC: 0x55d8695b8470 in <fst_reader::reader::HeaderReader<alloc::io::buffered::bufreader::BufReader<std::fs::File>>>::skip /home/rodrigodd/.cargo/git/checkouts/fst-reader-8a2317345e7fb8d5/f09278b/src/reader.rs:541
  NEW_FUNC: 0x55d8695b8700 in <fst_reader::reader::HeaderReader<alloc::io::buffered::bufreader::BufReader<std::fs::File>>>::read_data /home/rodrigodd/.cargo/git/checkouts/fst-reader-8a2317345e7fb8d5/f09278b/src/reader.rs:473
  NEW_FUNC: 0x55d8695b9f10 in <alloc::raw_vec::RawVec<fstapi_diff::HierItem>>::grow_one /home/rodrigodd/.rustup/toolchains/nightly-x86_64-unknown-linux-gnu/lib/rustlib/src/rust/library/alloc/src/raw_vec/mod.rs:186
  NEW_FUNC: 0x55d8695ba0a0 in <alloc::raw_vec::RawVec<fst_writer::types::FstSignalType>>::grow_one /home/rodrigodd/.rustup/toolchains/nightly-x86_64-unknown-linux-gnu/lib/rustlib/src/rust/library/alloc/src/raw_vec/mod.rs:186
  NEW_FUNC: 0x55d8695ba3c0 in <alloc::raw_vec::RawVec<(fstapi_diff::VarType, fstapi::types::Handle, fst_writer::types::FstSignalId)>>::grow_one /home/rodrigodd/.rustup/toolchains/nightly-x86_64-unknown-linux-gnu/lib/rustlib/src/rust/library/alloc/src/raw_vec/mod.rs:186
  NEW_FUNC: 0x55d8695bacf0 in <alloc::raw_vec::RawVecInner>::with_capacity_in /home/rodrigodd/.rustup/toolchains/nightly-x86_64-unknown-linux-gnu/lib/rustlib/src/rust/library/alloc/src/raw_vec/mod.rs:434
  NEW_FUNC: 0x55d8695bae20 in <alloc::vec::Vec<u64>>::append_elements /home/rodrigodd/.rustup/toolchains/nightly-x86_64-unknown-linux-gnu/lib/rustlib/src/rust/library/alloc/src/vec/mod.rs:2959
  NEW_FUNC: 0x55d8695bc180 in lz4_flex::block::decompress_safe::decompress /home/rodrigodd/.cargo/registry/src/index.crates.io-1949cf8c6b5b557f/lz4_flex-0.13.1/src/block/decompress_safe.rs:354
  NEW_FUNC: 0x55d8695c9d50 in <&mut alloc::io::buffered::bufreader::BufReader<std::fs::File> as alloc::io::read::Read>::read_buf /home/rodrigodd/.rustup/toolchains/nightly-x86_64-unknown-linux-gnu/lib/rustlib/src/rust/library/alloc/src/io/impls.rs:27
  NEW_FUNC: 0x55d8695d0ae0 in <alloc::io::buffered::bufreader::BufReader<std::fs::File> as alloc::io::read::Read>::read_exact /home/rodrigodd/.rustup/toolchains/nightly-x86_64-unknown-linux-gnu/lib/rustlib/src/rust/library/alloc/src/io/buffered/bufreader.rs:389
  NEW_FUNC: 0x55d8695d12a0 in <alloc::io::buffered::bufreader::BufReader<std::fs::File> as alloc::io::read::Read>::read /home/rodrigodd/.rustup/toolchains/nightly-x86_64-unknown-linux-gnu/lib/rustlib/src/rust/library/alloc/src/io/buffered/bufreader.rs:352
  NEW_FUNC: 0x55d8695d1b60 in <alloc::io::buffered::bufwriter::BufWriter<std::fs::File> as core::io::write::Write>::write_all /home/rodrigodd/.rustup/toolchains/nightly-x86_64-unknown-linux-gnu/lib/rustlib/src/rust/library/alloc/src/io/buffered/bufwriter.rs:571
  NEW_FUNC: 0x55d8695d2270 in <alloc::io::buffered::bufwriter::BufWriter<std::fs::File> as core::io::seek::Seek>::seek /home/rodrigodd/.rustup/toolchains/nightly-x86_64-unknown-linux-gnu/lib/rustlib/src/rust/library/alloc/src/io/buffered/bufwriter.rs:703
  NEW_FUNC: 0x55d8695d2950 in <lz4_flex::sink::SliceSink as lz4_flex::sink::Sink>::extend_from_slice_wild /home/rodrigodd/.cargo/registry/src/index.crates.io-1949cf8c6b5b557f/lz4_flex-0.13.1/src/sink.rs:172
  NEW_FUNC: 0x55d8695d39d0 in <lz4_flex::sink::SliceSink as lz4_flex::sink::Sink>::extend_from_slice_wild /home/rodrigodd/.cargo/registry/src/index.crates.io-1949cf8c6b5b557f/lz4_flex-0.11.6/src/sink.rs:172
  NEW_FUNC: 0x55d8695d56b0 in <alloc::io::buffered::bufwriter::BufWriter<std::fs::File> as core::io::seek::Seek>::stream_position /home/rodrigodd/.rustup/toolchains/nightly-x86_64-unknown-linux-gnu/lib/rustlib/src/rust/library/core/src/io/seek.rs:145
  NEW_FUNC: 0x55d86963a6c0 in <fstapi::writer::Writer>::create_var /home/rodrigodd/.cargo/registry/src/index.crates.io-1949cf8c6b5b557f/fstapi-0.0.3/src/writer.rs:142
  NEW_FUNC: 0x55d8696462d0 in fst_writer::io::write_variant_u64::<alloc::vec::Vec<u8>> /home/rodrigodd/repos/fst-writer/src/io.rs:14
  NEW_FUNC: 0x55d869646d50 in <alloc::raw_vec::RawVecInner<_>>::reserve::do_reserve_and_handle::<alloc::alloc::Global> /home/rodrigodd/.rustup/toolchains/nightly-x86_64-unknown-linux-gnu/lib/rustlib/src/rust/library/alloc/src/raw_vec/mod.rs:658
  NEW_FUNC: 0x55d869647370 in <fst_writer::types::FstSignalId>::from_index /home/rodrigodd/repos/fst-writer/src/types.rs:30
  NEW_FUNC: 0x55d8696473d0 in <fst_writer::buffer::SignalBuffer>::time_change /home/rodrigodd/repos/fst-writer/src/buffer.rs:104
  NEW_FUNC: 0x55d869648ed0 in <fst_writer::buffer::SignalBuffer>::append_value_change /home/rodrigodd/repos/fst-writer/src/buffer.rs:184
  NEW_FUNC: 0x55d86964a220 in <fst_writer::buffer::SignalBuffer>::mock_initial_time_step /home/rodrigodd/repos/fst-writer/src/buffer.rs:238
  NEW_FUNC: 0x55d86964a630 in <fst_writer::buffer::SignalBuffer>::new /home/rodrigodd/repos/fst-writer/src/buffer.rs:70
  NEW_FUNC: 0x55d86964bf10 in <alloc::raw_vec::RawVecInner>::finish_grow /home/rodrigodd/.rustup/toolchains/nightly-x86_64-unknown-linux-gnu/lib/rustlib/src/rust/library/alloc/src/raw_vec/mod.rs:544
  NEW_FUNC: 0x55d86964c520 in <fst_writer::types::FstSignalType>::bit_vec /home/rodrigodd/repos/fst-writer/src/types.rs:54
  NEW_FUNC: 0x55d86964c580 in fst_writer::buffer::read_variant_u64 /home/rodrigodd/repos/fst-writer/src/buffer.rs:471
  NEW_FUNC: 0x55d86964dbb0 in <fst_writer::buffer::SingleVecLists as fst_writer::buffer::ValueLists>::extract_list /home/rodrigodd/repos/fst-writer/src/buffer.rs:347
  NEW_FUNC: 0x55d86964ecb0 in <fst_writer::buffer::SingleVecLists as fst_writer::buffer::ValueLists>::append /home/rodrigodd/repos/fst-writer/src/buffer.rs:327
  NEW_FUNC: 0x55d86964f850 in <alloc::boxed::Box<[u8]> as core::clone::Clone>::clone /home/rodrigodd/.rustup/toolchains/nightly-x86_64-unknown-linux-gnu/lib/rustlib/src/rust/library/alloc/src/boxed.rs:2122
  NEW_FUNC: 0x55d869650090 in <alloc::raw_vec::RawVecInner<_>>::reserve::do_reserve_and_handle::<alloc::alloc::Global> /home/rodrigodd/.rustup/toolchains/nightly-x86_64-unknown-linux-gnu/lib/rustlib/src/rust/library/alloc/src/raw_vec/mod.rs:658
  NEW_FUNC: 0x55d869650290 in <miniz_oxide::deflate::core::CompressorOxide>::new /home/rodrigodd/.cargo/registry/src/index.crates.io-1949cf8c6b5b557f/miniz_oxide-0.8.9/src/deflate/core.rs:339
  NEW_FUNC: 0x55d869650a50 in <alloc::raw_vec::RawVecInner>::finish_grow /home/rodrigodd/.rustup/toolchains/nightly-x86_64-unknown-linux-gnu/lib/rustlib/src/rust/library/alloc/src/raw_vec/mod.rs:544
  NEW_FUNC: 0x55d869650fd0 in <miniz_oxide::deflate::core::OutputBufferOxide>::put_bits /home/rodrigodd/.cargo/registry/src/index.crates.io-1949cf8c6b5b557f/miniz_oxide-0.8.9/src/deflate/core.rs:598
  NEW_FUNC: 0x55d8696524d0 in <miniz_oxide::deflate::core::HuffmanOxide>::optimize_table /home/rodrigodd/.cargo/registry/src/index.crates.io-1949cf8c6b5b557f/miniz_oxide-0.8.9/src/deflate/core.rs:909
  NEW_FUNC: 0x55d869655c20 in miniz_oxide::deflate::compress_to_vec_zlib /home/rodrigodd/.cargo/registry/src/index.crates.io-1949cf8c6b5b557f/miniz_oxide-0.8.9/src/deflate/mod.rs:118
  NEW_FUNC: 0x55d869655c60 in miniz_oxide::deflate::compress_to_vec_inner /home/rodrigodd/.cargo/registry/src/index.crates.io-1949cf8c6b5b557f/miniz_oxide-0.8.9/src/deflate/mod.rs:123
  NEW_FUNC: 0x55d8696563c0 in miniz_oxide::deflate::core::flush_block /home/rodrigodd/.cargo/registry/src/index.crates.io-1949cf8c6b5b557f/miniz_oxide-0.8.9/src/deflate/core.rs:1595
  NEW_FUNC: 0x55d86965ddc0 in miniz_oxide::deflate::core::compress_block /home/rodrigodd/.cargo/registry/src/index.crates.io-1949cf8c6b5b557f/miniz_oxide-0.8.9/src/deflate/core.rs:1580
  NEW_FUNC: 0x55d869664210 in miniz_oxide::deflate::core::compress_inner /home/rodrigodd/.cargo/registry/src/index.crates.io-1949cf8c6b5b557f/miniz_oxide-0.8.9/src/deflate/core.rs:2237
  NEW_FUNC: 0x55d869666ff0 in miniz_oxide::deflate::core::record_literal /home/rodrigodd/.cargo/registry/src/index.crates.io-1949cf8c6b5b557f/miniz_oxide-0.8.9/src/deflate/core.rs:1725
  NEW_FUNC: 0x55d869667640 in miniz_oxide::deflate::core::compress_normal /home/rodrigodd/.cargo/registry/src/index.crates.io-1949cf8c6b5b557f/miniz_oxide-0.8.9/src/deflate/core.rs:1762
  NEW_FUNC: 0x55d86966ae60 in miniz_oxide::deflate::core::flush_output_buffer /home/rodrigodd/.cargo/registry/src/index.crates.io-1949cf8c6b5b557f/miniz_oxide-0.8.9/src/deflate/core.rs:2160
  NEW_FUNC: 0x55d86966b920 in <miniz_oxide::deflate::buffer::HashBuffers as core::default::Default>::default /home/rodrigodd/.cargo/registry/src/index.crates.io-1949cf8c6b5b557f/miniz_oxide-0.8.9/src/deflate/buffer.rs:44
  NEW_FUNC: 0x55d86966d750 in <fst_reader::types::FstSignalHandle>::from_index /home/rodrigodd/.cargo/git/checkouts/fst-reader-8a2317345e7fb8d5/f09278b/src/types.rs:27
  NEW_FUNC: 0x55d86966d7b0 in <fst_reader::types::FstSignalHandle>::new /home/rodrigodd/.cargo/git/checkouts/fst-reader-8a2317345e7fb8d5/f09278b/src/types.rs:24
  NEW_FUNC: 0x55d86966d810 in <fst_reader::types::SignalInfo>::from_file_format /home/rodrigodd/.cargo/git/checkouts/fst-reader-8a2317345e7fb8d5/f09278b/src/types.rs:306
  NEW_FUNC: 0x55d86966d860 in <fst_reader::types::BitMask>::repeat /home/rodrigodd/.cargo/git/checkouts/fst-reader-8a2317345e7fb8d5/f09278b/src/types.rs:440
  NEW_FUNC: 0x55d86966e3e0 in fst_reader::io::parse_misc_attribute /home/rodrigodd/.cargo/git/checkouts/fst-reader-8a2317345e7fb8d5/f09278b/src/io.rs:818
  NEW_FUNC: 0x55d869672710 in fst_reader::io::read_value_change_alias2 /home/rodrigodd/.cargo/git/checkouts/fst-reader-8a2317345e7fb8d5/f09278b/src/io.rs:1461
  NEW_FUNC: 0x55d8696749a0 in fst_reader::io::read_one_bit_signal_time_delta /home/rodrigodd/.cargo/git/checkouts/fst-reader-8a2317345e7fb8d5/f09278b/src/io.rs:325
  NEW_FUNC: 0x55d869675460 in <fst_reader::io::OffsetTableIter as core::iter::traits::iterator::Iterator>::next /home/rodrigodd/.cargo/git/checkouts/fst-reader-8a2317345e7fb8d5/f09278b/src/io.rs:1436
  NEW_FUNC: 0x55d869677150 in miniz_oxide::inflate::decompress_to_vec_inner /home/rodrigodd/.cargo/registry/src/index.crates.io-1949cf8c6b5b557f/miniz_oxide-0.9.1/src/inflate/mod.rs:206
  NEW_FUNC: 0x55d86967a090 in miniz_oxide::inflate::core::decompress_with_limit /home/rodrigodd/.cargo/registry/src/index.crates.io-1949cf8c6b5b557f/miniz_oxide-0.9.1/src/inflate/core.rs:1420
  NEW_FUNC: 0x55d869684390 in miniz_oxide::inflate::core::init_tree /home/rodrigodd/.cargo/registry/src/index.crates.io-1949cf8c6b5b557f/miniz_oxide-0.9.1/src/inflate/core.rs:870
  NEW_FUNC: 0x55d86968a6d0 in <core::iter::adapters::enumerate::Enumerate<core::iter::adapters::zip::Zip<core::slice::iter::Iter<u16>, core::slice::iter::IterMut<u32>>> as core::iter::traits::iterator::Iterator>::nth /home/rodrigodd/.rustup/toolchains/nightly-x86_64-unknown-linux-gnu/lib/rustlib/src/rust/library/core/src/iter/adapters/enumerate.rs:93
  NEW_FUNC: 0x55d86968ab10 in <adler2::Adler32>::write_slice /home/rodrigodd/.cargo/registry/src/index.crates.io-1949cf8c6b5b557f/adler2-2.0.1/src/lib.rs:142
  NEW_FUNC: 0x55d86968d7a0 in <i8 as arbitrary::Arbitrary>::arbitrary /home/rodrigodd/.cargo/registry/src/index.crates.io-1949cf8c6b5b557f/arbitrary-1.4.2/src/foreign/core/num.rs:16
#1532: cov: 1592 ft: 1682 corp: 10 exec/s: 68 oom/timeout/crash: 0/0/0 time: 6s job: 5 dft_time: 0
#2229: cov: 1592 ft: 1682 corp: 10 exec/s: 99 oom/timeout/crash: 0/0/0 time: 7s job: 6 dft_time: 0
#2781: cov: 1592 ft: 1682 corp: 10 exec/s: 69 oom/timeout/crash: 0/0/0 time: 8s job: 7 dft_time: 0
  NEW_FUNC: 0x55d86968e120 in <u64 as arbitrary::Arbitrary>::arbitrary /home/rodrigodd/.cargo/registry/src/index.crates.io-1949cf8c6b5b557f/arbitrary-1.4.2/src/foreign/core/num.rs:16
#3580: cov: 1599 ft: 1689 corp: 11 exec/s: 88 oom/timeout/crash: 0/0/0 time: 9s job: 8 dft_time: 0
#4626: cov: 1615 ft: 1719 corp: 20 exec/s: 104 oom/timeout/crash: 0/0/0 time: 10s job: 9 dft_time: 0
#5369: cov: 1619 ft: 1724 corp: 23 exec/s: 67 oom/timeout/crash: 0/0/0 time: 11s job: 10 dft_time: 0
#6196: cov: 1619 ft: 1724 corp: 23 exec/s: 68 oom/timeout/crash: 0/0/0 time: 12s job: 11 dft_time: 0
#7492: cov: 1619 ft: 1724 corp: 23 exec/s: 99 oom/timeout/crash: 0/0/0 time: 13s job: 12 dft_time: 0
#8881: cov: 1619 ft: 1725 corp: 24 exec/s: 99 oom/timeout/crash: 0/0/0 time: 14s job: 13 dft_time: 0
#9913: cov: 1619 ft: 1725 corp: 24 exec/s: 68 oom/timeout/crash: 0/0/0 time: 15s job: 14 dft_time: 0
#11012: cov: 1619 ft: 1725 corp: 24 exec/s: 68 oom/timeout/crash: 0/0/0 time: 16s job: 15 dft_time: 0
#12714: cov: 1619 ft: 1725 corp: 24 exec/s: 100 oom/timeout/crash: 0/0/0 time: 17s job: 16 dft_time: 0
  NEW_FUNC: 0x55d86957f3e0 in fst_reader::io::read_f64::<&[u8]> /home/rodrigodd/.cargo/git/checkouts/fst-reader-8a2317345e7fb8d5/f09278b/src/io.rs:419
  NEW_FUNC: 0x55d8695bd970 in lz4_flex::block::compress::count_same_bytes /home/rodrigodd/.cargo/registry/src/index.crates.io-1949cf8c6b5b557f/lz4_flex-0.11.6/src/block/compress.rs:107
  NEW_FUNC: 0x55d86966c010 in lz4_flex::block::compress::count_same_bytes::count_same_bytes_tail /home/rodrigodd/.cargo/registry/src/index.crates.io-1949cf8c6b5b557f/lz4_flex-0.11.6/src/block/compress.rs:134
  NEW_FUNC: 0x55d869674f10 in fst_reader::io::read_multi_bit_signal_time_delta /home/rodrigodd/.cargo/git/checkouts/fst-reader-8a2317345e7fb8d5/f09278b/src/io.rs:332
  NEW_FUNC: 0x55d8696769d0 in <alloc::raw_vec::RawVecInner<_>>::reserve::do_reserve_and_handle::<alloc::alloc::Global> /home/rodrigodd/.rustup/toolchains/nightly-x86_64-unknown-linux-gnu/lib/rustlib/src/rust/library/alloc/src/raw_vec/mod.rs:658
  NEW_FUNC: 0x55d869676bd0 in <alloc::raw_vec::RawVecInner>::finish_grow /home/rodrigodd/.rustup/toolchains/nightly-x86_64-unknown-linux-gnu/lib/rustlib/src/rust/library/alloc/src/raw_vec/mod.rs:544
  NEW_FUNC: 0x55d869682fe0 in miniz_oxide::inflate::core::transfer /home/rodrigodd/.cargo/registry/src/index.crates.io-1949cf8c6b5b557f/miniz_oxide-0.9.1/src/inflate/core.rs:1074
#14511: cov: 1863 ft: 2206 corp: 34 exec/s: 99 oom/timeout/crash: 0/0/0 time: 18s job: 17 dft_time: 0
#16435: cov: 1866 ft: 2240 corp: 42 exec/s: 101 oom/timeout/crash: 0/0/0 time: 19s job: 18 dft_time: 0
#18365: cov: 1871 ft: 2317 corp: 45 exec/s: 96 oom/timeout/crash: 0/0/0 time: 20s job: 19 dft_time: 0
#19847: cov: 1871 ft: 2317 corp: 45 exec/s: 70 oom/timeout/crash: 0/0/0 time: 21s job: 20 dft_time: 0
#22013: cov: 1871 ft: 2317 corp: 45 exec/s: 98 oom/timeout/crash: 0/0/0 time: 22s job: 21 dft_time: 0
#23579: cov: 1873 ft: 2332 corp: 48 exec/s: 68 oom/timeout/crash: 0/0/0 time: 23s job: 22 dft_time: 0
#25316: cov: 1873 ft: 2332 corp: 48 exec/s: 72 oom/timeout/crash: 0/0/0 time: 24s job: 23 dft_time: 0
#27011: cov: 1873 ft: 2332 corp: 48 exec/s: 67 oom/timeout/crash: 0/0/0 time: 25s job: 24 dft_time: 0
#28914: cov: 1873 ft: 2334 corp: 49 exec/s: 73 oom/timeout/crash: 0/0/0 time: 26s job: 25 dft_time: 0
#31687: cov: 1876 ft: 2350 corp: 52 exec/s: 102 oom/timeout/crash: 0/0/0 time: 27s job: 26 dft_time: 0
#34478: cov: 1877 ft: 2351 corp: 53 exec/s: 99 oom/timeout/crash: 0/0/0 time: 28s job: 27 dft_time: 0
  NEW_FUNC: 0x55d8695542a0 in core::ptr::drop_glue::<fst_reader::reader::HeaderReader<alloc::io::buffered::bufreader::BufReader<std::fs::File>>> /home/rodrigodd/.rustup/toolchains/nightly-x86_64-unknown-linux-gnu/lib/rustlib/src/rust/library/core/src/ptr/mod.rs:847
  NEW_FUNC: 0x55d86963abe0 in <fstapi::writer::Writer>::set_upscope /home/rodrigodd/.cargo/registry/src/index.crates.io-1949cf8c6b5b557f/fstapi-0.0.3/src/writer.rs:137
  NEW_FUNC: 0x55d86963ac50 in <fstapi::writer::Writer>::emit_time_change /home/rodrigodd/.cargo/registry/src/index.crates.io-1949cf8c6b5b557f/fstapi-0.0.3/src/writer.rs:190
#37403: cov: 1963 ft: 2699 corp: 66 exec/s: 100 oom/timeout/crash: 0/0/0 time: 31s job: 28 dft_time: 0
#39427: cov: 1963 ft: 2705 corp: 67 exec/s: 67 oom/timeout/crash: 0/0/0 time: 33s job: 29 dft_time: 0
#41675: cov: 1963 ft: 2705 corp: 67 exec/s: 72 oom/timeout/crash: 0/0/0 time: 35s job: 30 dft_time: 0
#44814: cov: 1963 ft: 2705 corp: 67 exec/s: 98 oom/timeout/crash: 0/0/0 time: 37s job: 31 dft_time: 0
#47261: cov: 1963 ft: 2705 corp: 67 exec/s: 74 oom/timeout/crash: 0/0/0 time: 39s job: 32 dft_time: 0
#49613: cov: 1963 ft: 2705 corp: 67 exec/s: 69 oom/timeout/crash: 0/0/0 time: 41s job: 33 dft_time: 0
#53001: cov: 1963 ft: 2705 corp: 67 exec/s: 96 oom/timeout/crash: 0/0/0 time: 43s job: 34 dft_time: 0
#55426: cov: 1966 ft: 2720 corp: 70 exec/s: 67 oom/timeout/crash: 0/0/0 time: 45s job: 35 dft_time: 0
#58990: cov: 1966 ft: 2720 corp: 70 exec/s: 96 oom/timeout/crash: 0/0/0 time: 47s job: 36 dft_time: 0
#61902: cov: 1966 ft: 2722 corp: 71 exec/s: 76 oom/timeout/crash: 0/0/0 time: 49s job: 37 dft_time: 0
#64589: cov: 1966 ft: 2722 corp: 71 exec/s: 68 oom/timeout/crash: 0/0/0 time: 51s job: 38 dft_time: 0
#68537: cov: 1974 ft: 2734 corp: 73 exec/s: 98 oom/timeout/crash: 0/0/0 time: 53s job: 39 dft_time: 0
#71275: cov: 1974 ft: 2737 corp: 76 exec/s: 66 oom/timeout/crash: 0/0/0 time: 55s job: 40 dft_time: 0
#74377: cov: 1974 ft: 2737 corp: 76 exec/s: 73 oom/timeout/crash: 0/0/0 time: 57s job: 41 dft_time: 0
#78597: cov: 1974 ft: 2737 corp: 76 exec/s: 98 oom/timeout/crash: 0/0/0 time: 59s job: 42 dft_time: 0
#82904: cov: 1974 ft: 2737 corp: 76 exec/s: 97 oom/timeout/crash: 0/0/0 time: 61s job: 43 dft_time: 0
  NEW_FUNC: 0x55d869592a00 in core::slice::sort::shared::smallsort::insertion_sort_shift_left::<(u64, usize, alloc::string::String), <(u64, usize, alloc::string::String) as core::cmp::PartialOrd>::lt> /home/rodrigodd/.rustup/toolchains/nightly-x86_64-unknown-linux-gnu/lib/rustlib/src/rust/library/core/src/slice/sort/shared/smallsort.rs:574
  NEW_FUNC: 0x55d86963ad30 in <fstapi::writer::Writer>::emit_value_change /home/rodrigodd/.cargo/registry/src/index.crates.io-1949cf8c6b5b557f/fstapi-0.0.3/src/writer.rs:158
  NEW_FUNC: 0x55d869647c80 in <fst_writer::buffer::SignalBuffer>::signal_change /home/rodrigodd/repos/fst-writer/src/buffer.rs:143
#87306: cov: 2080 ft: 3194 corp: 102 exec/s: 97 oom/timeout/crash: 0/0/0 time: 63s job: 44 dft_time: 0
#91140: cov: 2080 ft: 3195 corp: 103 exec/s: 83 oom/timeout/crash: 0/0/0 time: 65s job: 45 dft_time: 0
#95689: cov: 2080 ft: 3195 corp: 103 exec/s: 96 oom/timeout/crash: 0/0/0 time: 67s job: 46 dft_time: 0
#100317: cov: 2081 ft: 3196 corp: 104 exec/s: 96 oom/timeout/crash: 0/0/0 time: 69s job: 47 dft_time: 0
#104606: cov: 2081 ft: 3196 corp: 104 exec/s: 87 oom/timeout/crash: 0/0/0 time: 71s job: 48 dft_time: 0
#108107: cov: 2084 ft: 3215 corp: 111 exec/s: 70 oom/timeout/crash: 0/0/0 time: 73s job: 49 dft_time: 0
#112423: cov: 2084 ft: 3215 corp: 111 exec/s: 84 oom/timeout/crash: 0/0/0 time: 75s job: 50 dft_time: 0
#115976: cov: 2084 ft: 3215 corp: 111 exec/s: 68 oom/timeout/crash: 0/0/0 time: 77s job: 51 dft_time: 0
#119803: cov: 2084 ft: 3215 corp: 111 exec/s: 72 oom/timeout/crash: 0/0/0 time: 79s job: 52 dft_time: 0
#123769: cov: 2084 ft: 3215 corp: 111 exec/s: 73 oom/timeout/crash: 0/0/0 time: 81s job: 53 dft_time: 0
#128927: cov: 2084 ft: 3215 corp: 111 exec/s: 93 oom/timeout/crash: 0/0/0 time: 83s job: 54 dft_time: 0
#134371: cov: 2084 ft: 3215 corp: 111 exec/s: 97 oom/timeout/crash: 0/0/0 time: 87s job: 55 dft_time: 0
  NEW_FUNC: 0x55d8695bbcb0 in fst_reader::io::multi_bit_digital_signal_to_chars /home/rodrigodd/.cargo/git/checkouts/fst-reader-8a2317345e7fb8d5/f09278b/src/io.rs:315
#138264: cov: 2123 ft: 3279 corp: 114 exec/s: 68 oom/timeout/crash: 0/0/0 time: 90s job: 56 dft_time: 0
#143507: cov: 2123 ft: 3279 corp: 114 exec/s: 90 oom/timeout/crash: 0/0/0 time: 93s job: 57 dft_time: 0
#149234: cov: 2148 ft: 3656 corp: 132 exec/s: 97 oom/timeout/crash: 0/0/0 time: 96s job: 58 dft_time: 0
#153272: cov: 2149 ft: 3667 corp: 137 exec/s: 67 oom/timeout/crash: 0/0/0 time: 99s job: 59 dft_time: 0
#157655: cov: 2149 ft: 3667 corp: 137 exec/s: 71 oom/timeout/crash: 0/0/0 time: 102s job: 60 dft_time: 0
#162634: cov: 2149 ft: 3669 corp: 138 exec/s: 80 oom/timeout/crash: 0/0/0 time: 105s job: 61 dft_time: 0
#166986: cov: 2149 ft: 3680 corp: 140 exec/s: 69 oom/timeout/crash: 0/0/0 time: 108s job: 62 dft_time: 0
#173072: cov: 2149 ft: 3680 corp: 140 exec/s: 95 oom/timeout/crash: 0/0/0 time: 111s job: 63 dft_time: 0
#177576: cov: 2167 ft: 3722 corp: 150 exec/s: 69 oom/timeout/crash: 0/0/0 time: 114s job: 64 dft_time: 0
#183833: cov: 2167 ft: 3722 corp: 150 exec/s: 94 oom/timeout/crash: 0/0/0 time: 117s job: 65 dft_time: 0
#189670: cov: 2167 ft: 3722 corp: 150 exec/s: 87 oom/timeout/crash: 0/0/0 time: 120s job: 66 dft_time: 0
#194251: cov: 2168 ft: 3724 corp: 152 exec/s: 67 oom/timeout/crash: 0/0/0 time: 123s job: 67 dft_time: 0
#199218: cov: 2168 ft: 3724 corp: 152 exec/s: 71 oom/timeout/crash: 0/0/0 time: 126s job: 68 dft_time: 0
#205779: cov: 2168 ft: 3730 corp: 153 exec/s: 93 oom/timeout/crash: 0/0/0 time: 129s job: 69 dft_time: 0
#212359: cov: 2168 ft: 3730 corp: 153 exec/s: 92 oom/timeout/crash: 0/0/0 time: 132s job: 70 dft_time: 0
#219101: cov: 2175 ft: 3854 corp: 176 exec/s: 93 oom/timeout/crash: 0/0/0 time: 135s job: 71 dft_time: 0
  NEW_FUNC: 0x55d869677b80 in miniz_oxide::inflate::core::apply_match /home/rodrigodd/.cargo/registry/src/index.crates.io-1949cf8c6b5b557f/miniz_oxide-0.9.1/src/inflate/core.rs:1154
#225975: cov: 2183 ft: 3883 corp: 181 exec/s: 94 oom/timeout/crash: 0/0/0 time: 138s job: 72 dft_time: 0
#233002: cov: 2184 ft: 3884 corp: 182 exec/s: 94 oom/timeout/crash: 0/0/0 time: 141s job: 73 dft_time: 0
#237999: cov: 2199 ft: 3931 corp: 192 exec/s: 66 oom/timeout/crash: 0/0/0 time: 144s job: 74 dft_time: 0
#243274: cov: 2202 ft: 3936 corp: 193 exec/s: 69 oom/timeout/crash: 0/0/0 time: 147s job: 75 dft_time: 0
#248524: cov: 2202 ft: 3938 corp: 194 exec/s: 68 oom/timeout/crash: 0/0/0 time: 150s job: 76 dft_time: 0
#255801: cov: 2202 ft: 3938 corp: 194 exec/s: 93 oom/timeout/crash: 0/0/0 time: 153s job: 77 dft_time: 0
#261112: cov: 2203 ft: 4000 corp: 206 exec/s: 67 oom/timeout/crash: 0/0/0 time: 156s job: 78 dft_time: 0
#267011: cov: 2203 ft: 4000 corp: 206 exec/s: 73 oom/timeout/crash: 0/0/0 time: 159s job: 79 dft_time: 0
#273667: cov: 2203 ft: 4000 corp: 206 exec/s: 82 oom/timeout/crash: 0/0/0 time: 162s job: 80 dft_time: 0
#281623: cov: 2203 ft: 4000 corp: 206 exec/s: 97 oom/timeout/crash: 0/0/0 time: 165s job: 81 dft_time: 0
#289425: cov: 2204 ft: 4033 corp: 210 exec/s: 94 oom/timeout/crash: 0/0/0 time: 170s job: 82 dft_time: 0
#295393: cov: 2204 ft: 4033 corp: 210 exec/s: 71 oom/timeout/crash: 0/0/0 time: 174s job: 83 dft_time: 0
#303336: cov: 2206 ft: 4047 corp: 214 exec/s: 93 oom/timeout/crash: 0/0/0 time: 178s job: 84 dft_time: 0
#309270: cov: 2206 ft: 4047 corp: 214 exec/s: 69 oom/timeout/crash: 0/0/0 time: 182s job: 85 dft_time: 0
#317282: cov: 2215 ft: 4082 corp: 217 exec/s: 92 oom/timeout/crash: 0/0/0 time: 186s job: 86 dft_time: 0
#323234: cov: 2215 ft: 4082 corp: 217 exec/s: 67 oom/timeout/crash: 0/0/0 time: 190s job: 87 dft_time: 0
#331649: cov: 2244 ft: 4141 corp: 221 exec/s: 94 oom/timeout/crash: 0/0/0 time: 194s job: 88 dft_time: 0
#337853: cov: 2251 ft: 4225 corp: 225 exec/s: 68 oom/timeout/crash: 0/0/0 time: 198s job: 89 dft_time: 0
#346308: cov: 2251 ft: 4229 corp: 229 exec/s: 92 oom/timeout/crash: 0/0/0 time: 202s job: 90 dft_time: 0
#353070: cov: 2268 ft: 4281 corp: 232 exec/s: 73 oom/timeout/crash: 0/0/0 time: 206s job: 91 dft_time: 0
#359247: cov: 2268 ft: 4281 corp: 232 exec/s: 66 oom/timeout/crash: 0/0/0 time: 210s job: 92 dft_time: 0
#368110: cov: 2276 ft: 4294 corp: 235 exec/s: 94 oom/timeout/crash: 0/0/0 time: 214s job: 93 dft_time: 0
#374807: cov: 2276 ft: 4294 corp: 235 exec/s: 70 oom/timeout/crash: 0/0/0 time: 218s job: 94 dft_time: 0
#384044: cov: 2276 ft: 4301 corp: 236 exec/s: 96 oom/timeout/crash: 0/0/0 time: 222s job: 95 dft_time: 0
#392895: cov: 2276 ft: 4310 corp: 240 exec/s: 91 oom/timeout/crash: 0/0/0 time: 226s job: 96 dft_time: 0
#399690: cov: 2279 ft: 4355 corp: 249 exec/s: 69 oom/timeout/crash: 0/0/0 time: 231s job: 97 dft_time: 0
#408752: cov: 2292 ft: 4418 corp: 252 exec/s: 91 oom/timeout/crash: 0/0/0 time: 234s job: 98 dft_time: 0
#418207: cov: 2309 ft: 4569 corp: 271 exec/s: 94 oom/timeout/crash: 0/0/0 time: 238s job: 99 dft_time: 0
#427267: cov: 2309 ft: 4569 corp: 271 exec/s: 89 oom/timeout/crash: 0/0/0 time: 242s job: 100 dft_time: 0
#434827: cov: 2309 ft: 4586 corp: 273 exec/s: 74 oom/timeout/crash: 0/0/0 time: 246s job: 101 dft_time: 0
#441745: cov: 2309 ft: 4594 corp: 276 exec/s: 67 oom/timeout/crash: 0/0/0 time: 250s job: 102 dft_time: 0
#448736: cov: 2309 ft: 4605 corp: 278 exec/s: 67 oom/timeout/crash: 0/0/0 time: 254s job: 103 dft_time: 0
#458569: cov: 2309 ft: 4605 corp: 278 exec/s: 93 oom/timeout/crash: 0/0/0 time: 258s job: 104 dft_time: 0
#465691: cov: 2311 ft: 4629 corp: 282 exec/s: 67 oom/timeout/crash: 0/0/0 time: 262s job: 105 dft_time: 0
#473120: cov: 2311 ft: 4642 corp: 285 exec/s: 69 oom/timeout/crash: 0/0/0 time: 266s job: 106 dft_time: 0
#483072: cov: 2311 ft: 4642 corp: 285 exec/s: 92 oom/timeout/crash: 0/0/0 time: 270s job: 107 dft_time: 0
#491775: cov: 2313 ft: 4651 corp: 291 exec/s: 79 oom/timeout/crash: 0/0/0 time: 274s job: 108 dft_time: 0
#499569: cov: 2313 ft: 4657 corp: 295 exec/s: 70 oom/timeout/crash: 0/0/0 time: 280s job: 109 dft_time: 0
#509837: cov: 2313 ft: 4658 corp: 296 exec/s: 92 oom/timeout/crash: 0/0/0 time: 285s job: 110 dft_time: 0
#520400: cov: 2329 ft: 4879 corp: 314 exec/s: 94 oom/timeout/crash: 0/0/0 time: 290s job: 111 dft_time: 0
#530300: cov: 2329 ft: 4893 corp: 317 exec/s: 87 oom/timeout/crash: 0/0/0 time: 295s job: 112 dft_time: 0
#537869: cov: 2329 ft: 4894 corp: 318 exec/s: 66 oom/timeout/crash: 0/0/0 time: 300s job: 113 dft_time: 0
#548715: cov: 2329 ft: 4894 corp: 318 exec/s: 94 oom/timeout/crash: 0/0/0 time: 305s job: 114 dft_time: 0
#559272: cov: 2329 ft: 4894 corp: 318 exec/s: 91 oom/timeout/crash: 0/0/0 time: 310s job: 115 dft_time: 0
#567208: cov: 2334 ft: 4904 corp: 322 exec/s: 67 oom/timeout/crash: 0/0/0 time: 315s job: 116 dft_time: 0
#574952: cov: 2337 ft: 4912 corp: 327 exec/s: 65 oom/timeout/crash: 0/0/0 time: 320s job: 117 dft_time: 0
#584544: cov: 2337 ft: 4912 corp: 327 exec/s: 80 oom/timeout/crash: 0/0/0 time: 325s job: 118 dft_time: 0
#596019: cov: 2337 ft: 4947 corp: 328 exec/s: 95 oom/timeout/crash: 0/0/0 time: 330s job: 119 dft_time: 0
#607087: cov: 2385 ft: 4996 corp: 329 exec/s: 91 oom/timeout/crash: 0/0/0 time: 335s job: 120 dft_time: 0
#618185: cov: 2385 ft: 4998 corp: 330 exec/s: 90 oom/timeout/crash: 0/0/0 time: 340s job: 121 dft_time: 0
#626931: cov: 2385 ft: 4998 corp: 330 exec/s: 71 oom/timeout/crash: 0/0/0 time: 345s job: 122 dft_time: 0
#638234: cov: 2385 ft: 5007 corp: 331 exec/s: 91 oom/timeout/crash: 0/0/0 time: 350s job: 123 dft_time: 0
#646527: cov: 2387 ft: 5033 corp: 337 exec/s: 66 oom/timeout/crash: 0/0/0 time: 356s job: 124 dft_time: 0
#655311: cov: 2387 ft: 5048 corp: 339 exec/s: 69 oom/timeout/crash: 0/0/0 time: 361s job: 125 dft_time: 0
#663993: cov: 2388 ft: 5052 corp: 341 exec/s: 68 oom/timeout/crash: 0/0/0 time: 365s job: 126 dft_time: 0
#674583: cov: 2388 ft: 5055 corp: 344 exec/s: 82 oom/timeout/crash: 0/0/0 time: 370s job: 127 dft_time: 0
#686155: cov: 2388 ft: 5055 corp: 344 exec/s: 89 oom/timeout/crash: 0/0/0 time: 375s job: 128 dft_time: 0
#696433: cov: 2388 ft: 5114 corp: 349 exec/s: 79 oom/timeout/crash: 0/0/0 time: 380s job: 129 dft_time: 0
#708247: cov: 2388 ft: 5116 corp: 351 exec/s: 90 oom/timeout/crash: 0/0/0 time: 385s job: 130 dft_time: 0
#717179: cov: 2389 ft: 5118 corp: 353 exec/s: 67 oom/timeout/crash: 0/0/0 time: 390s job: 131 dft_time: 0
#726631: cov: 2389 ft: 5119 corp: 354 exec/s: 71 oom/timeout/crash: 0/0/0 time: 395s job: 132 dft_time: 0
#735653: cov: 2389 ft: 5119 corp: 354 exec/s: 67 oom/timeout/crash: 0/0/0 time: 400s job: 133 dft_time: 0
#746131: cov: 2389 ft: 5119 corp: 354 exec/s: 77 oom/timeout/crash: 0/0/0 time: 405s job: 134 dft_time: 0
#755725: cov: 2389 ft: 5122 corp: 357 exec/s: 70 oom/timeout/crash: 0/0/0 time: 411s job: 135 dft_time: 0
#768584: cov: 2391 ft: 5316 corp: 367 exec/s: 93 oom/timeout/crash: 0/0/0 time: 417s job: 136 dft_time: 0
#781448: cov: 2391 ft: 5317 corp: 368 exec/s: 93 oom/timeout/crash: 0/0/0 time: 423s job: 137 dft_time: 0
#794359: cov: 2391 ft: 5438 corp: 379 exec/s: 92 oom/timeout/crash: 0/0/0 time: 430s job: 138 dft_time: 0
#805975: cov: 2391 ft: 5451 corp: 381 exec/s: 82 oom/timeout/crash: 0/0/0 time: 435s job: 139 dft_time: 0
#815965: cov: 2391 ft: 5451 corp: 381 exec/s: 70 oom/timeout/crash: 0/0/0 time: 441s job: 140 dft_time: 0
#829115: cov: 2391 ft: 5462 corp: 387 exec/s: 92 oom/timeout/crash: 0/0/0 time: 447s job: 141 dft_time: 0
  NEW_FUNC: 0x55d8695590d0 in core::ptr::drop_glue::<core::io::cursor::Cursor<alloc::vec::Vec<u8>>> /home/rodrigodd/.rustup/toolchains/nightly-x86_64-unknown-linux-gnu/lib/rustlib/src/rust/library/core/src/ptr/mod.rs:847
  NEW_FUNC: 0x55d869569c70 in fst_reader::io::read_bytes::<core::io::cursor::Cursor<alloc::vec::Vec<u8>>> /home/rodrigodd/.cargo/git/checkouts/fst-reader-8a2317345e7fb8d5/f09278b/src/io.rs:389
  NEW_FUNC: 0x55d869598d00 in alloc::io::read::default_read_to_end::small_probe_read::<core::io::util::Take<&mut core::io::cursor::Cursor<alloc::vec::Vec<u8>>>> /home/rodrigodd/.rustup/toolchains/nightly-x86_64-unknown-linux-gnu/lib/rustlib/src/rust/library/alloc/src/io/read.rs:854
  NEW_FUNC: 0x55d8695ba550 in <alloc::raw_vec::RawVec<u64>>::grow_one /home/rodrigodd/.rustup/toolchains/nightly-x86_64-unknown-linux-gnu/lib/rustlib/src/rust/library/alloc/src/raw_vec/mod.rs:186
#839730: cov: 2433 ft: 5537 corp: 398 exec/s: 74 oom/timeout/crash: 0/0/0 time: 453s job: 142 dft_time: 0
#853136: cov: 2433 ft: 5542 corp: 400 exec/s: 93 oom/timeout/crash: 0/0/0 time: 459s job: 143 dft_time: 0
#862818: cov: 2433 ft: 5546 corp: 402 exec/s: 66 oom/timeout/crash: 0/0/0 time: 465s job: 144 dft_time: 0
#872505: cov: 2433 ft: 5548 corp: 403 exec/s: 66 oom/timeout/crash: 0/0/0 time: 471s job: 145 dft_time: 0
#883343: cov: 2433 ft: 5548 corp: 403 exec/s: 73 oom/timeout/crash: 0/0/0 time: 477s job: 146 dft_time: 0
#896786: cov: 2433 ft: 5589 corp: 406 exec/s: 90 oom/timeout/crash: 0/0/0 time: 483s job: 147 dft_time: 0
  NEW_FUNC: 0x55d86963b320 in <fstapi::writer::Writer>::flush /home/rodrigodd/.cargo/registry/src/index.crates.io-1949cf8c6b5b557f/fstapi-0.0.3/src/writer.rs:198
#907765: cov: 2459 ft: 5697 corp: 411 exec/s: 73 oom/timeout/crash: 0/0/0 time: 489s job: 148 dft_time: 0
#918093: cov: 2459 ft: 5705 corp: 412 exec/s: 68 oom/timeout/crash: 0/0/0 time: 495s job: 149 dft_time: 0
#932013: cov: 2459 ft: 5707 corp: 413 exec/s: 92 oom/timeout/crash: 0/0/0 time: 501s job: 150 dft_time: 0
#943775: cov: 2466 ft: 5777 corp: 423 exec/s: 77 oom/timeout/crash: 0/0/0 time: 508s job: 151 dft_time: 0
#954102: cov: 2466 ft: 5778 corp: 424 exec/s: 67 oom/timeout/crash: 0/0/0 time: 514s job: 152 dft_time: 0
#965438: cov: 2466 ft: 5781 corp: 426 exec/s: 73 oom/timeout/crash: 0/0/0 time: 519s job: 153 dft_time: 0
#978470: cov: 2466 ft: 5781 corp: 426 exec/s: 84 oom/timeout/crash: 0/0/0 time: 526s job: 154 dft_time: 0
#992996: cov: 2466 ft: 5782 corp: 427 exec/s: 93 oom/timeout/crash: 0/0/0 time: 531s job: 155 dft_time: 0
#1007626: cov: 2466 ft: 5811 corp: 430 exec/s: 93 oom/timeout/crash: 0/0/0 time: 537s job: 156 dft_time: 0
#1022321: cov: 2467 ft: 5816 corp: 434 exec/s: 93 oom/timeout/crash: 0/0/0 time: 543s job: 157 dft_time: 0
#1033149: cov: 2467 ft: 5837 corp: 440 exec/s: 68 oom/timeout/crash: 0/0/0 time: 549s job: 158 dft_time: 0
#1047677: cov: 2470 ft: 5845 corp: 442 exec/s: 90 oom/timeout/crash: 0/0/0 time: 555s job: 159 dft_time: 0
#1058404: cov: 2473 ft: 5879 corp: 444 exec/s: 66 oom/timeout/crash: 0/0/0 time: 561s job: 160 dft_time: 0
#1071676: cov: 2473 ft: 5879 corp: 444 exec/s: 81 oom/timeout/crash: 0/0/0 time: 567s job: 161 dft_time: 0
#1083150: cov: 2473 ft: 5879 corp: 444 exec/s: 70 oom/timeout/crash: 0/0/0 time: 574s job: 162 dft_time: 0
#1098288: cov: 2473 ft: 5889 corp: 446 exec/s: 92 oom/timeout/crash: 0/0/0 time: 582s job: 163 dft_time: 0
#1111727: cov: 2473 ft: 5903 corp: 449 exec/s: 81 oom/timeout/crash: 0/0/0 time: 589s job: 164 dft_time: 0
#1127074: cov: 2473 ft: 5908 corp: 451 exec/s: 92 oom/timeout/crash: 0/0/0 time: 596s job: 165 dft_time: 0
#1139812: cov: 2486 ft: 6013 corp: 469 exec/s: 76 oom/timeout/crash: 0/0/0 time: 603s job: 166 dft_time: 0
#1152859: cov: 2486 ft: 6013 corp: 469 exec/s: 77 oom/timeout/crash: 0/0/0 time: 610s job: 167 dft_time: 0
#1168466: cov: 2486 ft: 6013 corp: 469 exec/s: 92 oom/timeout/crash: 0/0/0 time: 617s job: 168 dft_time: 0
#1181688: cov: 2486 ft: 6015 corp: 471 exec/s: 77 oom/timeout/crash: 0/0/0 time: 624s job: 169 dft_time: 0
#1195634: cov: 2486 ft: 6031 corp: 474 exec/s: 81 oom/timeout/crash: 0/0/0 time: 631s job: 170 dft_time: 0
#1211574: cov: 2487 ft: 6038 corp: 476 exec/s: 92 oom/timeout/crash: 0/0/0 time: 638s job: 171 dft_time: 0
  NEW_FUNC: 0x55d869659c30 in miniz_oxide::deflate::core::record_match /home/rodrigodd/.cargo/registry/src/index.crates.io-1949cf8c6b5b557f/miniz_oxide-0.8.9/src/deflate/core.rs:1735
#1224402: cov: 2536 ft: 6088 corp: 479 exec/s: 74 oom/timeout/crash: 0/0/0 time: 644s job: 172 dft_time: 0
#1236315: cov: 2536 ft: 6088 corp: 479 exec/s: 68 oom/timeout/crash: 0/0/0 time: 652s job: 173 dft_time: 0
#1247841: cov: 2536 ft: 6088 corp: 479 exec/s: 65 oom/timeout/crash: 0/0/0 time: 658s job: 174 dft_time: 0
#1259764: cov: 2536 ft: 6112 corp: 481 exec/s: 67 oom/timeout/crash: 0/0/0 time: 665s job: 175 dft_time: 0
#1272954: cov: 2536 ft: 6114 corp: 482 exec/s: 74 oom/timeout/crash: 0/0/0 time: 672s job: 176 dft_time: 0
#1289157: cov: 2536 ft: 6114 corp: 482 exec/s: 91 oom/timeout/crash: 0/0/0 time: 680s job: 177 dft_time: 0
#1301695: cov: 2539 ft: 6202 corp: 502 exec/s: 70 oom/timeout/crash: 0/0/0 time: 687s job: 178 dft_time: 0
#1316110: cov: 2539 ft: 6202 corp: 502 exec/s: 80 oom/timeout/crash: 0/0/0 time: 694s job: 179 dft_time: 0
#1332984: cov: 2539 ft: 6202 corp: 502 exec/s: 93 oom/timeout/crash: 0/0/0 time: 700s job: 180 dft_time: 0
#1350171: cov: 2540 ft: 6204 corp: 504 exec/s: 94 oom/timeout/crash: 0/0/0 time: 708s job: 181 dft_time: 0
#1363463: cov: 2540 ft: 6207 corp: 506 exec/s: 72 oom/timeout/crash: 0/0/0 time: 715s job: 182 dft_time: 0
#1380512: cov: 2540 ft: 6207 corp: 506 exec/s: 92 oom/timeout/crash: 0/0/0 time: 722s job: 183 dft_time: 0
#1397356: cov: 2544 ft: 6224 corp: 512 exec/s: 91 oom/timeout/crash: 0/0/0 time: 728s job: 184 dft_time: 0
#1414569: cov: 2544 ft: 6225 corp: 513 exec/s: 92 oom/timeout/crash: 0/0/0 time: 736s job: 185 dft_time: 0
#1426884: cov: 2544 ft: 6228 corp: 515 exec/s: 65 oom/timeout/crash: 0/0/0 time: 742s job: 186 dft_time: 0
#1444414: cov: 2544 ft: 6228 corp: 515 exec/s: 93 oom/timeout/crash: 0/0/0 time: 749s job: 187 dft_time: 0
#1456854: cov: 2544 ft: 6243 corp: 521 exec/s: 65 oom/timeout/crash: 0/0/0 time: 756s job: 188 dft_time: 0
#1469862: cov: 2546 ft: 6308 corp: 530 exec/s: 68 oom/timeout/crash: 0/0/0 time: 764s job: 189 dft_time: 0
#1483053: cov: 2546 ft: 6310 corp: 532 exec/s: 69 oom/timeout/crash: 0/0/0 time: 773s job: 190 dft_time: 0
#1500647: cov: 2546 ft: 6311 corp: 533 exec/s: 91 oom/timeout/crash: 0/0/0 time: 781s job: 191 dft_time: 0
#1518347: cov: 2546 ft: 6311 corp: 533 exec/s: 91 oom/timeout/crash: 0/0/0 time: 789s job: 192 dft_time: 0
#1536187: cov: 2546 ft: 6312 corp: 534 exec/s: 91 oom/timeout/crash: 0/0/0 time: 797s job: 193 dft_time: 0
#1550981: cov: 2546 ft: 6312 corp: 534 exec/s: 75 oom/timeout/crash: 0/0/0 time: 805s job: 194 dft_time: 0
#1566757: cov: 2546 ft: 6319 corp: 536 exec/s: 80 oom/timeout/crash: 0/0/0 time: 813s job: 195 dft_time: 0
#1580927: cov: 2547 ft: 6320 corp: 537 exec/s: 71 oom/timeout/crash: 0/0/0 time: 821s job: 196 dft_time: 0
#1597793: cov: 2547 ft: 6320 corp: 537 exec/s: 85 oom/timeout/crash: 0/0/0 time: 829s job: 197 dft_time: 0
#1616139: cov: 2551 ft: 6328 corp: 543 exec/s: 92 oom/timeout/crash: 0/0/0 time: 837s job: 198 dft_time: 0
#1633145: cov: 2553 ft: 6336 corp: 548 exec/s: 85 oom/timeout/crash: 0/0/0 time: 844s job: 199 dft_time: 0
#1648330: cov: 2553 ft: 6337 corp: 549 exec/s: 75 oom/timeout/crash: 0/0/0 time: 853s job: 200 dft_time: 0
#1662352: cov: 2553 ft: 6337 corp: 549 exec/s: 69 oom/timeout/crash: 0/0/0 time: 861s job: 201 dft_time: 0
#1679404: cov: 2553 ft: 6345 corp: 551 exec/s: 84 oom/timeout/crash: 0/0/0 time: 869s job: 202 dft_time: 0
#1693019: cov: 2553 ft: 6347 corp: 552 exec/s: 66 oom/timeout/crash: 0/0/0 time: 876s job: 203 dft_time: 0
#1707042: cov: 2553 ft: 6353 corp: 553 exec/s: 68 oom/timeout/crash: 0/0/0 time: 885s job: 204 dft_time: 0
#1723162: cov: 2555 ft: 6366 corp: 558 exec/s: 78 oom/timeout/crash: 0/0/0 time: 893s job: 205 dft_time: 0
#1738379: cov: 2555 ft: 6393 corp: 560 exec/s: 73 oom/timeout/crash: 0/0/0 time: 901s job: 206 dft_time: 0
#1755117: cov: 2555 ft: 6393 corp: 560 exec/s: 80 oom/timeout/crash: 0/0/0 time: 909s job: 207 dft_time: 0
#1774382: cov: 2555 ft: 6395 corp: 562 exec/s: 92 oom/timeout/crash: 0/0/0 time: 917s job: 208 dft_time: 0
#1789575: cov: 2558 ft: 6441 corp: 576 exec/s: 72 oom/timeout/crash: 0/0/0 time: 925s job: 209 dft_time: 0
#1806813: cov: 2558 ft: 6445 corp: 578 exec/s: 81 oom/timeout/crash: 0/0/0 time: 933s job: 210 dft_time: 0
#1823785: cov: 2558 ft: 6453 corp: 582 exec/s: 80 oom/timeout/crash: 0/0/0 time: 941s job: 211 dft_time: 0
#1838276: cov: 2558 ft: 6468 corp: 585 exec/s: 68 oom/timeout/crash: 0/0/0 time: 949s job: 212 dft_time: 0
#1855716: cov: 2558 ft: 6470 corp: 587 exec/s: 81 oom/timeout/crash: 0/0/0 time: 957s job: 213 dft_time: 0
#1875817: cov: 2560 ft: 6495 corp: 593 exec/s: 93 oom/timeout/crash: 0/0/0 time: 965s job: 214 dft_time: 0
#1891839: cov: 2563 ft: 6515 corp: 602 exec/s: 74 oom/timeout/crash: 0/0/0 time: 973s job: 215 dft_time: 0
#1910340: cov: 2563 ft: 6515 corp: 602 exec/s: 85 oom/timeout/crash: 0/0/0 time: 981s job: 216 dft_time: 0
#1926295: cov: 2563 ft: 6516 corp: 603 exec/s: 73 oom/timeout/crash: 0/0/0 time: 991s job: 217 dft_time: 0
#1942966: cov: 2563 ft: 6519 corp: 605 exec/s: 76 oom/timeout/crash: 0/0/0 time: 1000s job: 218 dft_time: 0
#1962047: cov: 2566 ft: 6541 corp: 613 exec/s: 86 oom/timeout/crash: 0/0/0 time: 1009s job: 219 dft_time: 0
#1976726: cov: 2566 ft: 6542 corp: 614 exec/s: 66 oom/timeout/crash: 0/0/0 time: 1018s job: 220 dft_time: 0
#1994239: cov: 2566 ft: 6542 corp: 614 exec/s: 78 oom/timeout/crash: 0/0/0 time: 1027s job: 221 dft_time: 0
#2009594: cov: 2566 ft: 6544 corp: 615 exec/s: 68 oom/timeout/crash: 0/0/0 time: 1036s job: 222 dft_time: 0
#2030157: cov: 2566 ft: 6546 corp: 617 exec/s: 91 oom/timeout/crash: 0/0/0 time: 1045s job: 223 dft_time: 0
#2050352: cov: 2566 ft: 6547 corp: 618 exec/s: 89 oom/timeout/crash: 0/0/0 time: 1054s job: 224 dft_time: 0
#2071047: cov: 2566 ft: 6549 corp: 619 exec/s: 91 oom/timeout/crash: 0/0/0 time: 1063s job: 225 dft_time: 0
#2090206: cov: 2568 ft: 6558 corp: 626 exec/s: 84 oom/timeout/crash: 0/0/0 time: 1071s job: 226 dft_time: 0
#2110909: cov: 2569 ft: 6566 corp: 629 exec/s: 90 oom/timeout/crash: 0/0/0 time: 1081s job: 227 dft_time: 0
#2126425: cov: 2569 ft: 6566 corp: 629 exec/s: 67 oom/timeout/crash: 0/0/0 time: 1090s job: 228 dft_time: 0
#2145298: cov: 2569 ft: 6570 corp: 630 exec/s: 82 oom/timeout/crash: 0/0/0 time: 1099s job: 229 dft_time: 0
#2166269: cov: 2569 ft: 6573 corp: 632 exec/s: 90 oom/timeout/crash: 0/0/0 time: 1108s job: 230 dft_time: 0
#2187690: cov: 2569 ft: 6574 corp: 633 exec/s: 92 oom/timeout/crash: 0/0/0 time: 1117s job: 231 dft_time: 0
#2203625: cov: 2569 ft: 6574 corp: 633 exec/s: 68 oom/timeout/crash: 0/0/0 time: 1126s job: 232 dft_time: 0
#2225078: cov: 2571 ft: 6591 corp: 637 exec/s: 91 oom/timeout/crash: 0/0/0 time: 1135s job: 233 dft_time: 0
#2243330: cov: 2571 ft: 6635 corp: 638 exec/s: 77 oom/timeout/crash: 0/0/0 time: 1144s job: 234 dft_time: 0
#2265041: cov: 2571 ft: 6641 corp: 642 exec/s: 91 oom/timeout/crash: 0/0/0 time: 1153s job: 235 dft_time: 0
#2287191: cov: 2571 ft: 6647 corp: 645 exec/s: 93 oom/timeout/crash: 0/0/0 time: 1162s job: 236 dft_time: 0
#2303188: cov: 2571 ft: 6649 corp: 647 exec/s: 67 oom/timeout/crash: 0/0/0 time: 1171s job: 237 dft_time: 0
#2325099: cov: 2571 ft: 6650 corp: 648 exec/s: 91 oom/timeout/crash: 0/0/0 time: 1180s job: 238 dft_time: 0
#2347396: cov: 2571 ft: 6719 corp: 657 exec/s: 92 oom/timeout/crash: 0/0/0 time: 1189s job: 239 dft_time: 0
#2363200: cov: 2571 ft: 6721 corp: 658 exec/s: 65 oom/timeout/crash: 0/0/0 time: 1198s job: 240 dft_time: 0
#2379165: cov: 2571 ft: 6721 corp: 658 exec/s: 65 oom/timeout/crash: 0/0/0 time: 1207s job: 241 dft_time: 0
#2395369: cov: 2571 ft: 6759 corp: 662 exec/s: 66 oom/timeout/crash: 0/0/0 time: 1216s job: 242 dft_time: 0
#2417578: cov: 2572 ft: 6772 corp: 669 exec/s: 91 oom/timeout/crash: 0/0/0 time: 1225s job: 243 dft_time: 0
  NEW_FUNC: 0x55d8696782b0 in miniz_oxide::inflate::core::decompress_fast /home/rodrigodd/.cargo/registry/src/index.crates.io-1949cf8c6b5b557f/miniz_oxide-0.9.1/src/inflate/core.rs:1221
#2435341: cov: 2592 ft: 6800 corp: 672 exec/s: 72 oom/timeout/crash: 0/0/0 time: 1236s job: 244 dft_time: 0
#2452937: cov: 2592 ft: 6800 corp: 672 exec/s: 71 oom/timeout/crash: 0/0/0 time: 1246s job: 245 dft_time: 0
#2472381: cov: 2592 ft: 6803 corp: 675 exec/s: 78 oom/timeout/crash: 0/0/0 time: 1256s job: 246 dft_time: 0
#2491877: cov: 2592 ft: 6807 corp: 676 exec/s: 78 oom/timeout/crash: 0/0/0 time: 1266s job: 247 dft_time: 0
#2507933: cov: 2592 ft: 6808 corp: 677 exec/s: 64 oom/timeout/crash: 0/0/0 time: 1276s job: 248 dft_time: 0
#2528512: cov: 2592 ft: 6832 corp: 681 exec/s: 82 oom/timeout/crash: 0/0/0 time: 1286s job: 249 dft_time: 0
#2545431: cov: 2605 ft: 6923 corp: 687 exec/s: 67 oom/timeout/crash: 0/0/0 time: 1296s job: 250 dft_time: 0
#2567269: cov: 2605 ft: 6926 corp: 689 exec/s: 86 oom/timeout/crash: 0/0/0 time: 1306s job: 251 dft_time: 0
#2590452: cov: 2605 ft: 6955 corp: 690 exec/s: 91 oom/timeout/crash: 0/0/0 time: 1316s job: 252 dft_time: 0
#2607639: cov: 2618 ft: 6974 corp: 692 exec/s: 67 oom/timeout/crash: 0/0/0 time: 1326s job: 253 dft_time: 0
#2630917: cov: 2618 ft: 6974 corp: 692 exec/s: 91 oom/timeout/crash: 0/0/0 time: 1336s job: 254 dft_time: 0
#2647639: cov: 2619 ft: 6981 corp: 695 exec/s: 65 oom/timeout/crash: 0/0/0 time: 1346s job: 255 dft_time: 0
#2668871: cov: 2619 ft: 6981 corp: 695 exec/s: 82 oom/timeout/crash: 0/0/0 time: 1356s job: 256 dft_time: 0
#2686286: cov: 2619 ft: 6981 corp: 695 exec/s: 67 oom/timeout/crash: 0/0/0 time: 1366s job: 257 dft_time: 0
#2705242: cov: 2619 ft: 6981 corp: 695 exec/s: 73 oom/timeout/crash: 0/0/0 time: 1376s job: 258 dft_time: 0
#2727538: cov: 2624 ft: 6998 corp: 698 exec/s: 85 oom/timeout/crash: 0/0/0 time: 1387s job: 259 dft_time: 0
#2751705: cov: 2624 ft: 7000 corp: 699 exec/s: 92 oom/timeout/crash: 0/0/0 time: 1396s job: 260 dft_time: 0
#2775142: cov: 2624 ft: 7001 corp: 700 exec/s: 89 oom/timeout/crash: 0/0/0 time: 1406s job: 261 dft_time: 0
#2799255: cov: 2624 ft: 7001 corp: 700 exec/s: 91 oom/timeout/crash: 0/0/0 time: 1416s job: 262 dft_time: 0
#2823469: cov: 2624 ft: 7015 corp: 704 exec/s: 91 oom/timeout/crash: 0/0/0 time: 1426s job: 263 dft_time: 0
#2843132: cov: 2624 ft: 7028 corp: 708 exec/s: 74 oom/timeout/crash: 0/0/0 time: 1436s job: 264 dft_time: 0
#2866433: cov: 2624 ft: 7028 corp: 708 exec/s: 87 oom/timeout/crash: 0/0/0 time: 1446s job: 265 dft_time: 0
#2887486: cov: 2624 ft: 7029 corp: 709 exec/s: 78 oom/timeout/crash: 0/0/0 time: 1456s job: 266 dft_time: 0
#2905339: cov: 2624 ft: 7035 corp: 711 exec/s: 66 oom/timeout/crash: 0/0/0 time: 1466s job: 267 dft_time: 0
#2928877: cov: 2624 ft: 7065 corp: 717 exec/s: 87 oom/timeout/crash: 0/0/0 time: 1476s job: 268 dft_time: 0
#2953722: cov: 2624 ft: 7067 corp: 718 exec/s: 92 oom/timeout/crash: 0/0/0 time: 1486s job: 269 dft_time: 0
#2972014: cov: 2624 ft: 7077 corp: 722 exec/s: 67 oom/timeout/crash: 0/0/0 time: 1497s job: 270 dft_time: 0
#2993325: cov: 2624 ft: 7077 corp: 722 exec/s: 78 oom/timeout/crash: 0/0/0 time: 1508s job: 271 dft_time: 0
#3017704: cov: 2624 ft: 7077 corp: 722 exec/s: 89 oom/timeout/crash: 0/0/0 time: 1519s job: 272 dft_time: 0
#3036695: cov: 2624 ft: 7077 corp: 722 exec/s: 69 oom/timeout/crash: 0/0/0 time: 1530s job: 273 dft_time: 0
#3054637: cov: 2624 ft: 7082 corp: 724 exec/s: 65 oom/timeout/crash: 0/0/0 time: 1541s job: 274 dft_time: 0
#3079777: cov: 2624 ft: 7086 corp: 727 exec/s: 91 oom/timeout/crash: 0/0/0 time: 1552s job: 275 dft_time: 0
#3098027: cov: 2630 ft: 7141 corp: 737 exec/s: 65 oom/timeout/crash: 0/0/0 time: 1563s job: 276 dft_time: 0
#3116761: cov: 2630 ft: 7146 corp: 741 exec/s: 67 oom/timeout/crash: 0/0/0 time: 1574s job: 277 dft_time: 0
#3142915: cov: 2630 ft: 7156 corp: 744 exec/s: 93 oom/timeout/crash: 0/0/0 time: 1585s job: 278 dft_time: 0
#3165794: cov: 2630 ft: 7158 corp: 745 exec/s: 81 oom/timeout/crash: 0/0/0 time: 1596s job: 279 dft_time: 0
#3187519: cov: 2630 ft: 7205 corp: 753 exec/s: 77 oom/timeout/crash: 0/0/0 time: 1607s job: 280 dft_time: 0
#3213086: cov: 2630 ft: 7205 corp: 753 exec/s: 90 oom/timeout/crash: 0/0/0 time: 1618s job: 281 dft_time: 0
#3235632: cov: 2630 ft: 7245 corp: 756 exec/s: 79 oom/timeout/crash: 0/0/0 time: 1629s job: 282 dft_time: 0
#3254729: cov: 2630 ft: 7245 corp: 756 exec/s: 67 oom/timeout/crash: 0/0/0 time: 1640s job: 283 dft_time: 0
#3277640: cov: 2637 ft: 7615 corp: 760 exec/s: 80 oom/timeout/crash: 0/0/0 time: 1651s job: 284 dft_time: 0
#3299836: cov: 2637 ft: 7615 corp: 760 exec/s: 77 oom/timeout/crash: 0/0/0 time: 1663s job: 285 dft_time: 0
#3325154: cov: 2637 ft: 7615 corp: 760 exec/s: 88 oom/timeout/crash: 0/0/0 time: 1674s job: 286 dft_time: 0
#3345940: cov: 2637 ft: 7629 corp: 766 exec/s: 72 oom/timeout/crash: 0/0/0 time: 1684s job: 287 dft_time: 0
#3372488: cov: 2637 ft: 7659 corp: 772 exec/s: 91 oom/timeout/crash: 0/0/0 time: 1695s job: 288 dft_time: 0
#3398256: cov: 2639 ft: 7662 corp: 774 exec/s: 88 oom/timeout/crash: 0/0/0 time: 1706s job: 289 dft_time: 0
#3420429: cov: 2639 ft: 7663 corp: 775 exec/s: 76 oom/timeout/crash: 0/0/0 time: 1717s job: 290 dft_time: 0
#3447088: cov: 2639 ft: 7668 corp: 777 exec/s: 91 oom/timeout/crash: 0/0/0 time: 1728s job: 291 dft_time: 0
#3471256: cov: 2639 ft: 7668 corp: 777 exec/s: 82 oom/timeout/crash: 0/0/0 time: 1739s job: 292 dft_time: 0
#3496246: cov: 2639 ft: 7669 corp: 778 exec/s: 85 oom/timeout/crash: 0/0/0 time: 1750s job: 293 dft_time: 0
#3515869: cov: 2639 ft: 7701 corp: 790 exec/s: 66 oom/timeout/crash: 0/0/0 time: 1761s job: 294 dft_time: 0
#3539337: cov: 2639 ft: 7704 corp: 792 exec/s: 79 oom/timeout/crash: 0/0/0 time: 1772s job: 295 dft_time: 0
#3563718: cov: 2643 ft: 7713 corp: 796 exec/s: 82 oom/timeout/crash: 0/0/0 time: 1783s job: 296 dft_time: 0
#3590462: cov: 2643 ft: 7715 corp: 797 exec/s: 89 oom/timeout/crash: 0/0/0 time: 1795s job: 297 dft_time: 0
#3614059: cov: 2643 ft: 7743 corp: 810 exec/s: 78 oom/timeout/crash: 0/0/0 time: 1807s job: 298 dft_time: 0
#3633747: cov: 2643 ft: 7753 corp: 813 exec/s: 65 oom/timeout/crash: 0/0/0 time: 1820s job: 299 dft_time: 0
#3655869: cov: 2643 ft: 7753 corp: 813 exec/s: 73 oom/timeout/crash: 0/0/0 time: 1832s job: 300 dft_time: 0
#3681050: cov: 2643 ft: 7767 corp: 819 exec/s: 83 oom/timeout/crash: 0/0/0 time: 1842s job: 301 dft_time: 0
#3708399: cov: 2643 ft: 7767 corp: 819 exec/s: 90 oom/timeout/crash: 0/0/0 time: 1854s job: 302 dft_time: 0
#3730152: cov: 2643 ft: 7768 corp: 820 exec/s: 72 oom/timeout/crash: 0/0/0 time: 1865s job: 303 dft_time: 0
#3753841: cov: 2643 ft: 7768 corp: 820 exec/s: 78 oom/timeout/crash: 0/0/0 time: 1875s job: 304 dft_time: 0
#3774513: cov: 2646 ft: 7774 corp: 824 exec/s: 68 oom/timeout/crash: 0/0/0 time: 1886s job: 305 dft_time: 0
#3801594: cov: 2646 ft: 7775 corp: 825 exec/s: 89 oom/timeout/crash: 0/0/0 time: 1898s job: 306 dft_time: 0
#3827963: cov: 2646 ft: 7789 corp: 829 exec/s: 87 oom/timeout/crash: 0/0/0 time: 1908s job: 307 dft_time: 0
#3855509: cov: 2646 ft: 7794 corp: 830 exec/s: 91 oom/timeout/crash: 0/0/0 time: 1919s job: 308 dft_time: 0
#3875189: cov: 2646 ft: 7804 corp: 833 exec/s: 65 oom/timeout/crash: 0/0/0 time: 1930s job: 309 dft_time: 0
#3900252: cov: 2646 ft: 7819 corp: 836 exec/s: 83 oom/timeout/crash: 0/0/0 time: 1941s job: 310 dft_time: 0
#3927807: cov: 2646 ft: 7820 corp: 837 exec/s: 91 oom/timeout/crash: 0/0/0 time: 1952s job: 311 dft_time: 0
#3950140: cov: 2646 ft: 7822 corp: 839 exec/s: 74 oom/timeout/crash: 0/0/0 time: 1964s job: 312 dft_time: 0
#3977058: cov: 2646 ft: 7822 corp: 839 exec/s: 89 oom/timeout/crash: 0/0/0 time: 1975s job: 313 dft_time: 0
#4004223: cov: 2646 ft: 7848 corp: 848 exec/s: 90 oom/timeout/crash: 0/0/0 time: 1986s job: 314 dft_time: 0
#4025174: cov: 2646 ft: 7849 corp: 849 exec/s: 69 oom/timeout/crash: 0/0/0 time: 1996s job: 315 dft_time: 0
#4045083: cov: 2646 ft: 7850 corp: 850 exec/s: 66 oom/timeout/crash: 0/0/0 time: 2008s job: 316 dft_time: 0
#4065795: cov: 2646 ft: 7852 corp: 852 exec/s: 68 oom/timeout/crash: 0/0/0 time: 2019s job: 317 dft_time: 0
#4085388: cov: 2646 ft: 7912 corp: 862 exec/s: 65 oom/timeout/crash: 0/0/0 time: 2030s job: 318 dft_time: 0
#4108271: cov: 2646 ft: 7913 corp: 863 exec/s: 76 oom/timeout/crash: 0/0/0 time: 2040s job: 319 dft_time: 0
#4136221: cov: 2646 ft: 7913 corp: 863 exec/s: 92 oom/timeout/crash: 0/0/0 time: 2052s job: 320 dft_time: 0
#4159576: cov: 2646 ft: 7917 corp: 867 exec/s: 77 oom/timeout/crash: 0/0/0 time: 2062s job: 321 dft_time: 0
#4179454: cov: 2646 ft: 7919 corp: 869 exec/s: 66 oom/timeout/crash: 0/0/0 time: 2073s job: 322 dft_time: 0
#4200817: cov: 2646 ft: 7919 corp: 869 exec/s: 70 oom/timeout/crash: 0/0/0 time: 2084s job: 323 dft_time: 0
#4226528: cov: 2646 ft: 7922 corp: 872 exec/s: 85 oom/timeout/crash: 0/0/0 time: 2096s job: 324 dft_time: 0
#4252911: cov: 2646 ft: 7943 corp: 878 exec/s: 87 oom/timeout/crash: 0/0/0 time: 2108s job: 325 dft_time: 0
#4274574: cov: 2646 ft: 7944 corp: 879 exec/s: 71 oom/timeout/crash: 0/0/0 time: 2121s job: 326 dft_time: 0
#4301923: cov: 2646 ft: 7957 corp: 885 exec/s: 90 oom/timeout/crash: 0/0/0 time: 2133s job: 327 dft_time: 0
#4326477: cov: 2646 ft: 7965 corp: 890 exec/s: 81 oom/timeout/crash: 0/0/0 time: 2143s job: 328 dft_time: 0
#4348006: cov: 2646 ft: 7970 corp: 895 exec/s: 71 oom/timeout/crash: 0/0/0 time: 2155s job: 329 dft_time: 0
#4370898: cov: 2646 ft: 7978 corp: 897 exec/s: 76 oom/timeout/crash: 0/0/0 time: 2166s job: 330 dft_time: 0
#4399187: cov: 2646 ft: 7981 corp: 899 exec/s: 93 oom/timeout/crash: 0/0/0 time: 2177s job: 331 dft_time: 0
#4419158: cov: 2646 ft: 7981 corp: 899 exec/s: 66 oom/timeout/crash: 0/0/0 time: 2188s job: 332 dft_time: 0
#4443723: cov: 2646 ft: 7981 corp: 899 exec/s: 81 oom/timeout/crash: 0/0/0 time: 2199s job: 333 dft_time: 0
#4471438: cov: 2646 ft: 7994 corp: 904 exec/s: 92 oom/timeout/crash: 0/0/0 time: 2209s job: 334 dft_time: 0
#4499162: cov: 2646 ft: 8002 corp: 908 exec/s: 92 oom/timeout/crash: 0/0/0 time: 2220s job: 335 dft_time: 0
#4520453: cov: 2646 ft: 8006 corp: 911 exec/s: 70 oom/timeout/crash: 0/0/0 time: 2231s job: 336 dft_time: 0
#4547708: cov: 2646 ft: 8006 corp: 911 exec/s: 90 oom/timeout/crash: 0/0/0 time: 2242s job: 337 dft_time: 0
#4575093: cov: 2646 ft: 8006 corp: 911 exec/s: 90 oom/timeout/crash: 0/0/0 time: 2253s job: 338 dft_time: 0
#4601341: cov: 2647 ft: 8076 corp: 919 exec/s: 87 oom/timeout/crash: 0/0/0 time: 2265s job: 339 dft_time: 0
#4624645: cov: 2647 ft: 8078 corp: 921 exec/s: 77 oom/timeout/crash: 0/0/0 time: 2276s job: 340 dft_time: 0
#4647728: cov: 2647 ft: 8080 corp: 923 exec/s: 76 oom/timeout/crash: 0/0/0 time: 2287s job: 341 dft_time: 0
#4668403: cov: 2648 ft: 8084 corp: 927 exec/s: 68 oom/timeout/crash: 0/0/0 time: 2297s job: 342 dft_time: 0
#4688276: cov: 2648 ft: 8084 corp: 927 exec/s: 66 oom/timeout/crash: 0/0/0 time: 2309s job: 343 dft_time: 0
#4715999: cov: 2648 ft: 8084 corp: 927 exec/s: 92 oom/timeout/crash: 0/0/0 time: 2320s job: 344 dft_time: 0
#4740646: cov: 2648 ft: 8085 corp: 928 exec/s: 81 oom/timeout/crash: 0/0/0 time: 2331s job: 345 dft_time: 0
#4762313: cov: 2648 ft: 8085 corp: 928 exec/s: 71 oom/timeout/crash: 0/0/0 time: 2342s job: 346 dft_time: 0
#4783575: cov: 2648 ft: 8087 corp: 930 exec/s: 70 oom/timeout/crash: 0/0/0 time: 2353s job: 347 dft_time: 0
#4805644: cov: 2648 ft: 8088 corp: 931 exec/s: 73 oom/timeout/crash: 0/0/0 time: 2363s job: 348 dft_time: 0
#4825234: cov: 2648 ft: 8095 corp: 936 exec/s: 65 oom/timeout/crash: 0/0/0 time: 2374s job: 349 dft_time: 0
#4850224: cov: 2648 ft: 8100 corp: 939 exec/s: 83 oom/timeout/crash: 0/0/0 time: 2386s job: 350 dft_time: 0
#4877598: cov: 2648 ft: 8101 corp: 940 exec/s: 90 oom/timeout/crash: 0/0/0 time: 2397s job: 351 dft_time: 0
#4898032: cov: 2649 ft: 8120 corp: 947 exec/s: 67 oom/timeout/crash: 0/0/0 time: 2410s job: 352 dft_time: 0
#4925126: cov: 2650 ft: 8124 corp: 949 exec/s: 90 oom/timeout/crash: 0/0/0 time: 2422s job: 353 dft_time: 0
#4952355: cov: 2650 ft: 8127 corp: 952 exec/s: 90 oom/timeout/crash: 0/0/0 time: 2434s job: 354 dft_time: 0
#4972326: cov: 2650 ft: 8132 corp: 955 exec/s: 66 oom/timeout/crash: 0/0/0 time: 2445s job: 355 dft_time: 0
#4995498: cov: 2650 ft: 8141 corp: 958 exec/s: 76 oom/timeout/crash: 0/0/0 time: 2456s job: 356 dft_time: 0
#5021042: cov: 2650 ft: 8141 corp: 958 exec/s: 84 oom/timeout/crash: 0/0/0 time: 2467s job: 357 dft_time: 0
#5048347: cov: 2650 ft: 8143 corp: 960 exec/s: 90 oom/timeout/crash: 0/0/0 time: 2478s job: 358 dft_time: 0
#5073747: cov: 2650 ft: 8148 corp: 962 exec/s: 84 oom/timeout/crash: 0/0/0 time: 2489s job: 359 dft_time: 0
#5099521: cov: 2650 ft: 8152 corp: 964 exec/s: 85 oom/timeout/crash: 0/0/0 time: 2500s job: 360 dft_time: 0
#5120902: cov: 2650 ft: 8257 corp: 967 exec/s: 71 oom/timeout/crash: 0/0/0 time: 2510s job: 361 dft_time: 0
#5147040: cov: 2650 ft: 8257 corp: 967 exec/s: 86 oom/timeout/crash: 0/0/0 time: 2522s job: 362 dft_time: 0
#5169914: cov: 2650 ft: 8257 corp: 967 exec/s: 75 oom/timeout/crash: 0/0/0 time: 2532s job: 363 dft_time: 0
#5191228: cov: 2650 ft: 8261 corp: 968 exec/s: 70 oom/timeout/crash: 0/0/0 time: 2543s job: 364 dft_time: 0
#5216862: cov: 2650 ft: 8268 corp: 972 exec/s: 85 oom/timeout/crash: 0/0/0 time: 2554s job: 365 dft_time: 0
#5236455: cov: 2654 ft: 8315 corp: 976 exec/s: 65 oom/timeout/crash: 0/0/0 time: 2566s job: 366 dft_time: 0
#5256740: cov: 2654 ft: 8316 corp: 977 exec/s: 67 oom/timeout/crash: 0/0/0 time: 2578s job: 367 dft_time: 0
#5278415: cov: 2654 ft: 8316 corp: 977 exec/s: 72 oom/timeout/crash: 0/0/0 time: 2588s job: 368 dft_time: 0
#5303365: cov: 2654 ft: 8316 corp: 977 exec/s: 82 oom/timeout/crash: 0/0/0 time: 2598s job: 369 dft_time: 0
#5330677: cov: 2654 ft: 8316 corp: 977 exec/s: 90 oom/timeout/crash: 0/0/0 time: 2610s job: 370 dft_time: 0
#5357098: cov: 2655 ft: 8317 corp: 978 exec/s: 87 oom/timeout/crash: 0/0/0 time: 2621s job: 371 dft_time: 0
#5384296: cov: 2655 ft: 8320 corp: 980 exec/s: 90 oom/timeout/crash: 0/0/0 time: 2632s job: 372 dft_time: 0
#5411659: cov: 2655 ft: 8320 corp: 980 exec/s: 90 oom/timeout/crash: 0/0/0 time: 2643s job: 373 dft_time: 0
#5432051: cov: 2655 ft: 8320 corp: 980 exec/s: 67 oom/timeout/crash: 0/0/0 time: 2654s job: 374 dft_time: 0
#5458778: cov: 2655 ft: 8330 corp: 984 exec/s: 88 oom/timeout/crash: 0/0/0 time: 2665s job: 375 dft_time: 0
#5484075: cov: 2658 ft: 8367 corp: 990 exec/s: 84 oom/timeout/crash: 0/0/0 time: 2676s job: 376 dft_time: 0
#5512909: cov: 2658 ft: 8369 corp: 992 exec/s: 95 oom/timeout/crash: 0/0/0 time: 2687s job: 377 dft_time: 0
#5535652: cov: 2658 ft: 8382 corp: 993 exec/s: 75 oom/timeout/crash: 0/0/0 time: 2699s job: 378 dft_time: 0
#5557720: cov: 2658 ft: 8383 corp: 994 exec/s: 73 oom/timeout/crash: 0/0/0 time: 2711s job: 379 dft_time: 0
#5584150: cov: 2658 ft: 8394 corp: 996 exec/s: 87 oom/timeout/crash: 0/0/0 time: 2723s job: 380 dft_time: 0
#5605519: cov: 2658 ft: 8402 corp: 998 exec/s: 70 oom/timeout/crash: 0/0/0 time: 2735s job: 381 dft_time: 0
#5628954: cov: 2658 ft: 8402 corp: 998 exec/s: 77 oom/timeout/crash: 0/0/0 time: 2746s job: 382 dft_time: 0
#5648936: cov: 2658 ft: 8402 corp: 998 exec/s: 66 oom/timeout/crash: 0/0/0 time: 2757s job: 383 dft_time: 0
#5672946: cov: 2658 ft: 8402 corp: 998 exec/s: 79 oom/timeout/crash: 0/0/0 time: 2768s job: 384 dft_time: 0
#5698289: cov: 2658 ft: 8404 corp: 999 exec/s: 84 oom/timeout/crash: 0/0/0 time: 2779s job: 385 dft_time: 0
#5721753: cov: 2658 ft: 8405 corp: 1000 exec/s: 77 oom/timeout/crash: 0/0/0 time: 2790s job: 386 dft_time: 0
#5749535: cov: 2658 ft: 8406 corp: 1001 exec/s: 92 oom/timeout/crash: 0/0/0 time: 2801s job: 387 dft_time: 0
#5772028: cov: 2658 ft: 8466 corp: 1009 exec/s: 74 oom/timeout/crash: 0/0/0 time: 2811s job: 388 dft_time: 0
#5798870: cov: 2658 ft: 8466 corp: 1009 exec/s: 89 oom/timeout/crash: 0/0/0 time: 2823s job: 389 dft_time: 0
#5819562: cov: 2658 ft: 8493 corp: 1015 exec/s: 68 oom/timeout/crash: 0/0/0 time: 2834s job: 390 dft_time: 0
#5846757: cov: 2658 ft: 8494 corp: 1016 exec/s: 90 oom/timeout/crash: 0/0/0 time: 2845s job: 391 dft_time: 0
#5872004: cov: 2658 ft: 8504 corp: 1021 exec/s: 83 oom/timeout/crash: 0/0/0 time: 2856s job: 392 dft_time: 0
#5891883: cov: 2658 ft: 8505 corp: 1022 exec/s: 66 oom/timeout/crash: 0/0/0 time: 2867s job: 393 dft_time: 0
#5919254: cov: 2658 ft: 8505 corp: 1022 exec/s: 90 oom/timeout/crash: 0/0/0 time: 2879s job: 394 dft_time: 0
#5938700: cov: 2658 ft: 8505 corp: 1022 exec/s: 64 oom/timeout/crash: 0/0/0 time: 2889s job: 395 dft_time: 0
#5966403: cov: 2658 ft: 8508 corp: 1023 exec/s: 92 oom/timeout/crash: 0/0/0 time: 2900s job: 396 dft_time: 0
#5986812: cov: 2659 ft: 8511 corp: 1026 exec/s: 67 oom/timeout/crash: 0/0/0 time: 2911s job: 397 dft_time: 0
#6008340: cov: 2670 ft: 8526 corp: 1029 exec/s: 71 oom/timeout/crash: 0/0/0 time: 2922s job: 398 dft_time: 0
#6033139: cov: 2670 ft: 8526 corp: 1029 exec/s: 82 oom/timeout/crash: 0/0/0 time: 2933s job: 399 dft_time: 0
#6054296: cov: 2670 ft: 8527 corp: 1030 exec/s: 70 oom/timeout/crash: 0/0/0 time: 2944s job: 400 dft_time: 0
#6079438: cov: 2670 ft: 8527 corp: 1030 exec/s: 83 oom/timeout/crash: 0/0/0 time: 2955s job: 401 dft_time: 0
#6104417: cov: 2670 ft: 8541 corp: 1034 exec/s: 82 oom/timeout/crash: 0/0/0 time: 2966s job: 402 dft_time: 0
#6131622: cov: 2670 ft: 8541 corp: 1034 exec/s: 90 oom/timeout/crash: 0/0/0 time: 2977s job: 403 dft_time: 0
#6158273: cov: 2671 ft: 8653 corp: 1037 exec/s: 88 oom/timeout/crash: 0/0/0 time: 2988s job: 404 dft_time: 0
#6182838: cov: 2671 ft: 8683 corp: 1038 exec/s: 81 oom/timeout/crash: 0/0/0 time: 3000s job: 405 dft_time: 0
#6202998: cov: 2671 ft: 8692 corp: 1039 exec/s: 66 oom/timeout/crash: 0/0/0 time: 3012s job: 406 dft_time: 0
#6222715: cov: 2671 ft: 8692 corp: 1039 exec/s: 65 oom/timeout/crash: 0/0/0 time: 3024s job: 407 dft_time: 0
#6250736: cov: 2671 ft: 8707 corp: 1042 exec/s: 93 oom/timeout/crash: 0/0/0 time: 3036s job: 408 dft_time: 0
#6271946: cov: 2671 ft: 8707 corp: 1042 exec/s: 70 oom/timeout/crash: 0/0/0 time: 3047s job: 409 dft_time: 0
#6299591: cov: 2671 ft: 8710 corp: 1044 exec/s: 91 oom/timeout/crash: 0/0/0 time: 3058s job: 410 dft_time: 0
#6319792: cov: 2671 ft: 8712 corp: 1045 exec/s: 67 oom/timeout/crash: 0/0/0 time: 3069s job: 411 dft_time: 0
#6343192: cov: 2671 ft: 8712 corp: 1045 exec/s: 77 oom/timeout/crash: 0/0/0 time: 3080s job: 412 dft_time: 0
#6363834: cov: 2671 ft: 8712 corp: 1045 exec/s: 68 oom/timeout/crash: 0/0/0 time: 3091s job: 413 dft_time: 0
#6390917: cov: 2671 ft: 8712 corp: 1045 exec/s: 89 oom/timeout/crash: 0/0/0 time: 3102s job: 414 dft_time: 0
#6412076: cov: 2671 ft: 8715 corp: 1048 exec/s: 70 oom/timeout/crash: 0/0/0 time: 3113s job: 415 dft_time: 0
#6436619: cov: 2671 ft: 8719 corp: 1049 exec/s: 81 oom/timeout/crash: 0/0/0 time: 3124s job: 416 dft_time: 0
#6457964: cov: 2671 ft: 8720 corp: 1050 exec/s: 70 oom/timeout/crash: 0/0/0 time: 3135s job: 417 dft_time: 0
#6485384: cov: 2671 ft: 8723 corp: 1052 exec/s: 91 oom/timeout/crash: 0/0/0 time: 3146s job: 418 dft_time: 0
#6512380: cov: 2671 ft: 8723 corp: 1052 exec/s: 89 oom/timeout/crash: 0/0/0 time: 3157s job: 419 dft_time: 0
#6539244: cov: 2671 ft: 8723 corp: 1052 exec/s: 89 oom/timeout/crash: 0/0/0 time: 3168s job: 420 dft_time: 0
#6564859: cov: 2671 ft: 8723 corp: 1052 exec/s: 85 oom/timeout/crash: 0/0/0 time: 3180s job: 421 dft_time: 0
#6592649: cov: 2671 ft: 8724 corp: 1053 exec/s: 92 oom/timeout/crash: 0/0/0 time: 3190s job: 422 dft_time: 0
#6614610: cov: 2671 ft: 8726 corp: 1054 exec/s: 72 oom/timeout/crash: 0/0/0 time: 3201s job: 423 dft_time: 0
#6637700: cov: 2671 ft: 8726 corp: 1054 exec/s: 76 oom/timeout/crash: 0/0/0 time: 3212s job: 424 dft_time: 0
#6664644: cov: 2671 ft: 8726 corp: 1054 exec/s: 89 oom/timeout/crash: 0/0/0 time: 3223s job: 425 dft_time: 0
#6692303: cov: 2671 ft: 8726 corp: 1054 exec/s: 91 oom/timeout/crash: 0/0/0 time: 3234s job: 426 dft_time: 0
#6713485: cov: 2671 ft: 8727 corp: 1055 exec/s: 70 oom/timeout/crash: 0/0/0 time: 3245s job: 427 dft_time: 0
#6733965: cov: 2671 ft: 8729 corp: 1056 exec/s: 68 oom/timeout/crash: 0/0/0 time: 3256s job: 428 dft_time: 0
#6761590: cov: 2671 ft: 8730 corp: 1057 exec/s: 91 oom/timeout/crash: 0/0/0 time: 3267s job: 429 dft_time: 0
#6787371: cov: 2671 ft: 8730 corp: 1057 exec/s: 85 oom/timeout/crash: 0/0/0 time: 3278s job: 430 dft_time: 0
#6807335: cov: 2671 ft: 8735 corp: 1058 exec/s: 66 oom/timeout/crash: 0/0/0 time: 3289s job: 431 dft_time: 0
#6828396: cov: 2671 ft: 8738 corp: 1060 exec/s: 69 oom/timeout/crash: 0/0/0 time: 3301s job: 432 dft_time: 0
#6848353: cov: 2671 ft: 8740 corp: 1061 exec/s: 66 oom/timeout/crash: 0/0/0 time: 3313s job: 433 dft_time: 0
#6869585: cov: 2671 ft: 8742 corp: 1062 exec/s: 70 oom/timeout/crash: 0/0/0 time: 3326s job: 434 dft_time: 0
#6890683: cov: 2671 ft: 8742 corp: 1062 exec/s: 70 oom/timeout/crash: 0/0/0 time: 3338s job: 435 dft_time: 0
#6916574: cov: 2671 ft: 8747 corp: 1065 exec/s: 86 oom/timeout/crash: 0/0/0 time: 3348s job: 436 dft_time: 0
#6939415: cov: 2671 ft: 8747 corp: 1065 exec/s: 75 oom/timeout/crash: 0/0/0 time: 3359s job: 437 dft_time: 0
#6963941: cov: 2671 ft: 8748 corp: 1066 exec/s: 81 oom/timeout/crash: 0/0/0 time: 3370s job: 438 dft_time: 0
#6984330: cov: 2671 ft: 8752 corp: 1069 exec/s: 67 oom/timeout/crash: 0/0/0 time: 3381s job: 439 dft_time: 0
#7004291: cov: 2671 ft: 8752 corp: 1069 exec/s: 66 oom/timeout/crash: 0/0/0 time: 3392s job: 440 dft_time: 0
#7028219: cov: 2671 ft: 9031 corp: 1072 exec/s: 79 oom/timeout/crash: 0/0/0 time: 3404s job: 441 dft_time: 0
#7052287: cov: 2671 ft: 9033 corp: 1073 exec/s: 79 oom/timeout/crash: 0/0/0 time: 3414s job: 442 dft_time: 0
#7076103: cov: 2671 ft: 9033 corp: 1073 exec/s: 79 oom/timeout/crash: 0/0/0 time: 3425s job: 443 dft_time: 0
#7103836: cov: 2671 ft: 9033 corp: 1073 exec/s: 92 oom/timeout/crash: 0/0/0 time: 3436s job: 444 dft_time: 0
#7131117: cov: 2671 ft: 9034 corp: 1074 exec/s: 90 oom/timeout/crash: 0/0/0 time: 3447s job: 445 dft_time: 0
#7154919: cov: 2671 ft: 9036 corp: 1075 exec/s: 79 oom/timeout/crash: 0/0/0 time: 3458s job: 446 dft_time: 0
#7180236: cov: 2671 ft: 9036 corp: 1075 exec/s: 84 oom/timeout/crash: 0/0/0 time: 3470s job: 447 dft_time: 0
#7207002: cov: 2671 ft: 9036 corp: 1075 exec/s: 88 oom/timeout/crash: 0/0/0 time: 3481s job: 448 dft_time: 0
#7231089: cov: 2671 ft: 9045 corp: 1076 exec/s: 80 oom/timeout/crash: 0/0/0 time: 3492s job: 449 dft_time: 0
#7251608: cov: 2671 ft: 9045 corp: 1076 exec/s: 68 oom/timeout/crash: 0/0/0 time: 3502s job: 450 dft_time: 0
#7271843: cov: 2680 ft: 9072 corp: 1077 exec/s: 67 oom/timeout/crash: 0/0/0 time: 3514s job: 451 dft_time: 0
#7299078: cov: 2680 ft: 9072 corp: 1077 exec/s: 90 oom/timeout/crash: 0/0/0 time: 3524s job: 452 dft_time: 0
#7321626: cov: 2680 ft: 9072 corp: 1077 exec/s: 74 oom/timeout/crash: 0/0/0 time: 3535s job: 453 dft_time: 0
#7349264: cov: 2680 ft: 9072 corp: 1077 exec/s: 91 oom/timeout/crash: 0/0/0 time: 3546s job: 454 dft_time: 0
#7377209: cov: 2680 ft: 9076 corp: 1079 exec/s: 92 oom/timeout/crash: 0/0/0 time: 3557s job: 455 dft_time: 0
#7403917: cov: 2680 ft: 9076 corp: 1079 exec/s: 88 oom/timeout/crash: 0/0/0 time: 3568s job: 456 dft_time: 0
#7429213: cov: 2680 ft: 9078 corp: 1080 exec/s: 84 oom/timeout/crash: 0/0/0 time: 3579s job: 457 dft_time: 0
#7451188: cov: 2680 ft: 9078 corp: 1080 exec/s: 73 oom/timeout/crash: 0/0/0 time: 3590s job: 458 dft_time: 0
#7478333: cov: 2680 ft: 9078 corp: 1080 exec/s: 90 oom/timeout/crash: 0/0/0 time: 3602s job: 459 dft_time: 0
#7499150: cov: 2680 ft: 9078 corp: 1080 exec/s: 69 oom/timeout/crash: 0/0/0 time: 3614s job: 460 dft_time: 0
#7520220: cov: 2680 ft: 9083 corp: 1081 exec/s: 70 oom/timeout/crash: 0/0/0 time: 3627s job: 461 dft_time: 0
#7545235: cov: 2680 ft: 9083 corp: 1081 exec/s: 83 oom/timeout/crash: 0/0/0 time: 3639s job: 462 dft_time: 0
#7571304: cov: 2680 ft: 9083 corp: 1081 exec/s: 86 oom/timeout/crash: 0/0/0 time: 3649s job: 463 dft_time: 0
#7591430: cov: 2680 ft: 9087 corp: 1082 exec/s: 66 oom/timeout/crash: 0/0/0 time: 3660s job: 464 dft_time: 0
#7614097: cov: 2680 ft: 9087 corp: 1082 exec/s: 75 oom/timeout/crash: 0/0/0 time: 3672s job: 465 dft_time: 0
#7635451: cov: 2680 ft: 9089 corp: 1083 exec/s: 70 oom/timeout/crash: 0/0/0 time: 3683s job: 466 dft_time: 0
#7662733: cov: 2680 ft: 9089 corp: 1083 exec/s: 90 oom/timeout/crash: 0/0/0 time: 3693s job: 467 dft_time: 0
#7686626: cov: 2680 ft: 9090 corp: 1084 exec/s: 79 oom/timeout/crash: 0/0/0 time: 3705s job: 468 dft_time: 0
#7707043: cov: 2680 ft: 9091 corp: 1085 exec/s: 67 oom/timeout/crash: 0/0/0 time: 3715s job: 469 dft_time: 0
#7733452: cov: 2680 ft: 9126 corp: 1086 exec/s: 87 oom/timeout/crash: 0/0/0 time: 3726s job: 470 dft_time: 0
#7760814: cov: 2680 ft: 9126 corp: 1086 exec/s: 90 oom/timeout/crash: 0/0/0 time: 3737s job: 471 dft_time: 0
#7780749: cov: 2680 ft: 9127 corp: 1087 exec/s: 66 oom/timeout/crash: 0/0/0 time: 3748s job: 472 dft_time: 0
#7806985: cov: 2680 ft: 9128 corp: 1088 exec/s: 87 oom/timeout/crash: 0/0/0 time: 3759s job: 473 dft_time: 0
#7826649: cov: 2680 ft: 9139 corp: 1092 exec/s: 65 oom/timeout/crash: 0/0/0 time: 3771s job: 474 dft_time: 0
#7852604: cov: 2680 ft: 9141 corp: 1094 exec/s: 86 oom/timeout/crash: 0/0/0 time: 3782s job: 475 dft_time: 0
#7880108: cov: 2680 ft: 9142 corp: 1095 exec/s: 91 oom/timeout/crash: 0/0/0 time: 3793s job: 476 dft_time: 0
#7900057: cov: 2680 ft: 9142 corp: 1095 exec/s: 66 oom/timeout/crash: 0/0/0 time: 3803s job: 477 dft_time: 0
#7921684: cov: 2680 ft: 9142 corp: 1095 exec/s: 71 oom/timeout/crash: 0/0/0 time: 3815s job: 478 dft_time: 0
#7943163: cov: 2680 ft: 9142 corp: 1095 exec/s: 71 oom/timeout/crash: 0/0/0 time: 3826s job: 479 dft_time: 0
#7968346: cov: 2680 ft: 9142 corp: 1095 exec/s: 83 oom/timeout/crash: 0/0/0 time: 3836s job: 480 dft_time: 0
#7992194: cov: 2680 ft: 9142 corp: 1095 exec/s: 79 oom/timeout/crash: 0/0/0 time: 3847s job: 481 dft_time: 0
#8020016: cov: 2680 ft: 9144 corp: 1096 exec/s: 92 oom/timeout/crash: 0/0/0 time: 3859s job: 482 dft_time: 0
#8047170: cov: 2680 ft: 9151 corp: 1097 exec/s: 90 oom/timeout/crash: 0/0/0 time: 3869s job: 483 dft_time: 0
#8074233: cov: 2680 ft: 9152 corp: 1098 exec/s: 89 oom/timeout/crash: 0/0/0 time: 3880s job: 484 dft_time: 0
#8098695: cov: 2680 ft: 9154 corp: 1099 exec/s: 81 oom/timeout/crash: 0/0/0 time: 3891s job: 485 dft_time: 0
#8118974: cov: 2680 ft: 9154 corp: 1099 exec/s: 67 oom/timeout/crash: 0/0/0 time: 3903s job: 486 dft_time: 0
#8144237: cov: 2681 ft: 9155 corp: 1100 exec/s: 83 oom/timeout/crash: 0/0/0 time: 3915s job: 487 dft_time: 0
#8169279: cov: 2681 ft: 9155 corp: 1100 exec/s: 83 oom/timeout/crash: 0/0/0 time: 3928s job: 488 dft_time: 0
#8190717: cov: 2681 ft: 9155 corp: 1100 exec/s: 71 oom/timeout/crash: 0/0/0 time: 3940s job: 489 dft_time: 0
#8215985: cov: 2682 ft: 9163 corp: 1103 exec/s: 83 oom/timeout/crash: 0/0/0 time: 3951s job: 490 dft_time: 0
#8243595: cov: 2682 ft: 9163 corp: 1103 exec/s: 91 oom/timeout/crash: 0/0/0 time: 3962s job: 491 dft_time: 0
#8265736: cov: 2682 ft: 9163 corp: 1103 exec/s: 73 oom/timeout/crash: 0/0/0 time: 3973s job: 492 dft_time: 0
#8290333: cov: 2682 ft: 9163 corp: 1103 exec/s: 81 oom/timeout/crash: 0/0/0 time: 3984s job: 493 dft_time: 0
#8312747: cov: 2682 ft: 9163 corp: 1103 exec/s: 74 oom/timeout/crash: 0/0/0 time: 3994s job: 494 dft_time: 0
#8338326: cov: 2682 ft: 9163 corp: 1103 exec/s: 84 oom/timeout/crash: 0/0/0 time: 4006s job: 495 dft_time: 0
#8358073: cov: 2682 ft: 9164 corp: 1104 exec/s: 65 oom/timeout/crash: 0/0/0 time: 4016s job: 496 dft_time: 0
#8380900: cov: 2682 ft: 9164 corp: 1104 exec/s: 75 oom/timeout/crash: 0/0/0 time: 4028s job: 497 dft_time: 0
#8401000: cov: 2682 ft: 9164 corp: 1104 exec/s: 66 oom/timeout/crash: 0/0/0 time: 4038s job: 498 dft_time: 0
#8428556: cov: 2682 ft: 9164 corp: 1104 exec/s: 91 oom/timeout/crash: 0/0/0 time: 4049s job: 499 dft_time: 0
#8455848: cov: 2682 ft: 9164 corp: 1104 exec/s: 90 oom/timeout/crash: 0/0/0 time: 4060s job: 500 dft_time: 0
#8475427: cov: 2682 ft: 9165 corp: 1105 exec/s: 65 oom/timeout/crash: 0/0/0 time: 4072s job: 501 dft_time: 0
#8501795: cov: 2682 ft: 9168 corp: 1106 exec/s: 87 oom/timeout/crash: 0/0/0 time: 4083s job: 502 dft_time: 0
#8524377: cov: 2682 ft: 9169 corp: 1107 exec/s: 75 oom/timeout/crash: 0/0/0 time: 4094s job: 503 dft_time: 0
#8544805: cov: 2682 ft: 9175 corp: 1108 exec/s: 67 oom/timeout/crash: 0/0/0 time: 4104s job: 504 dft_time: 0
#8566486: cov: 2682 ft: 9178 corp: 1109 exec/s: 72 oom/timeout/crash: 0/0/0 time: 4116s job: 505 dft_time: 0
#8593831: cov: 2682 ft: 9178 corp: 1109 exec/s: 90 oom/timeout/crash: 0/0/0 time: 4127s job: 506 dft_time: 0
#8618704: cov: 2683 ft: 9179 corp: 1110 exec/s: 82 oom/timeout/crash: 0/0/0 time: 4138s job: 507 dft_time: 0
#8640412: cov: 2683 ft: 9194 corp: 1112 exec/s: 72 oom/timeout/crash: 0/0/0 time: 4148s job: 508 dft_time: 0
#8663446: cov: 2683 ft: 9194 corp: 1112 exec/s: 76 oom/timeout/crash: 0/0/0 time: 4160s job: 509 dft_time: 0
#8690404: cov: 2683 ft: 9194 corp: 1112 exec/s: 89 oom/timeout/crash: 0/0/0 time: 4171s job: 510 dft_time: 0
#8719181: cov: 2683 ft: 9195 corp: 1113 exec/s: 95 oom/timeout/crash: 0/0/0 time: 4181s job: 511 dft_time: 0
#8743502: cov: 2683 ft: 9195 corp: 1113 exec/s: 80 oom/timeout/crash: 0/0/0 time: 4193s job: 512 dft_time: 0
#8768734: cov: 2683 ft: 9195 corp: 1113 exec/s: 83 oom/timeout/crash: 0/0/0 time: 4204s job: 513 dft_time: 0
#8789658: cov: 2683 ft: 9195 corp: 1113 exec/s: 69 oom/timeout/crash: 0/0/0 time: 4217s job: 514 dft_time: 0
#8817143: cov: 2683 ft: 9195 corp: 1113 exec/s: 91 oom/timeout/crash: 0/0/0 time: 4229s job: 515 dft_time: 0
#8837620: cov: 2683 ft: 9195 corp: 1113 exec/s: 68 oom/timeout/crash: 0/0/0 time: 4241s job: 516 dft_time: 0
#8859745: cov: 2683 ft: 9206 corp: 1117 exec/s: 73 oom/timeout/crash: 0/0/0 time: 4252s job: 517 dft_time: 0
#8887090: cov: 2683 ft: 9206 corp: 1117 exec/s: 90 oom/timeout/crash: 0/0/0 time: 4263s job: 518 dft_time: 0
#8913410: cov: 2683 ft: 9208 corp: 1118 exec/s: 87 oom/timeout/crash: 0/0/0 time: 4274s job: 519 dft_time: 0
#8935184: cov: 2683 ft: 9209 corp: 1119 exec/s: 72 oom/timeout/crash: 0/0/0 time: 4285s job: 520 dft_time: 0
#8955147: cov: 2683 ft: 9210 corp: 1120 exec/s: 66 oom/timeout/crash: 0/0/0 time: 4296s job: 521 dft_time: 0
#8977550: cov: 2683 ft: 9210 corp: 1120 exec/s: 74 oom/timeout/crash: 0/0/0 time: 4307s job: 522 dft_time: 0
#9005066: cov: 2683 ft: 9212 corp: 1122 exec/s: 91 oom/timeout/crash: 0/0/0 time: 4317s job: 523 dft_time: 0
#9032453: cov: 2683 ft: 9212 corp: 1122 exec/s: 90 oom/timeout/crash: 0/0/0 time: 4329s job: 524 dft_time: 0
#9058604: cov: 2683 ft: 9212 corp: 1122 exec/s: 86 oom/timeout/crash: 0/0/0 time: 4339s job: 525 dft_time: 0
#9083862: cov: 2683 ft: 9212 corp: 1122 exec/s: 83 oom/timeout/crash: 0/0/0 time: 4350s job: 526 dft_time: 0
#9105959: cov: 2683 ft: 9216 corp: 1125 exec/s: 73 oom/timeout/crash: 0/0/0 time: 4361s job: 527 dft_time: 0
#9127393: cov: 2683 ft: 9217 corp: 1126 exec/s: 71 oom/timeout/crash: 0/0/0 time: 4373s job: 528 dft_time: 0
#9148799: cov: 2683 ft: 9217 corp: 1126 exec/s: 71 oom/timeout/crash: 0/0/0 time: 4385s job: 529 dft_time: 0
#9173886: cov: 2683 ft: 9217 corp: 1126 exec/s: 83 oom/timeout/crash: 0/0/0 time: 4395s job: 530 dft_time: 0
#9193460: cov: 2683 ft: 9218 corp: 1127 exec/s: 65 oom/timeout/crash: 0/0/0 time: 4405s job: 531 dft_time: 0
#9218639: cov: 2683 ft: 9219 corp: 1128 exec/s: 83 oom/timeout/crash: 0/0/0 time: 4417s job: 532 dft_time: 0
#9238279: cov: 2683 ft: 9220 corp: 1129 exec/s: 65 oom/timeout/crash: 0/0/0 time: 4428s job: 533 dft_time: 0
#9259605: cov: 2683 ft: 9220 corp: 1129 exec/s: 70 oom/timeout/crash: 0/0/0 time: 4439s job: 534 dft_time: 0
#9285940: cov: 2683 ft: 9220 corp: 1129 exec/s: 87 oom/timeout/crash: 0/0/0 time: 4450s job: 535 dft_time: 0
#9310387: cov: 2683 ft: 9222 corp: 1130 exec/s: 81 oom/timeout/crash: 0/0/0 time: 4461s job: 536 dft_time: 0
#9331804: cov: 2683 ft: 9222 corp: 1130 exec/s: 71 oom/timeout/crash: 0/0/0 time: 4472s job: 537 dft_time: 0
#9355104: cov: 2683 ft: 9222 corp: 1130 exec/s: 77 oom/timeout/crash: 0/0/0 time: 4483s job: 538 dft_time: 0
#9376858: cov: 2683 ft: 9222 corp: 1130 exec/s: 72 oom/timeout/crash: 0/0/0 time: 4494s job: 539 dft_time: 0
#9402528: cov: 2683 ft: 9222 corp: 1130 exec/s: 85 oom/timeout/crash: 0/0/0 time: 4506s job: 540 dft_time: 0
#9422663: cov: 2683 ft: 9222 corp: 1130 exec/s: 66 oom/timeout/crash: 0/0/0 time: 4518s job: 541 dft_time: 0
#9449788: cov: 2683 ft: 9225 corp: 1131 exec/s: 90 oom/timeout/crash: 0/0/0 time: 4530s job: 542 dft_time: 0
#9475493: cov: 2683 ft: 9225 corp: 1131 exec/s: 85 oom/timeout/crash: 0/0/0 time: 4542s job: 543 dft_time: 0
#9503575: cov: 2683 ft: 9225 corp: 1131 exec/s: 93 oom/timeout/crash: 0/0/0 time: 4553s job: 544 dft_time: 0
#9529285: cov: 2683 ft: 9225 corp: 1131 exec/s: 85 oom/timeout/crash: 0/0/0 time: 4564s job: 545 dft_time: 0
#9556609: cov: 2683 ft: 9225 corp: 1131 exec/s: 90 oom/timeout/crash: 0/0/0 time: 4575s job: 546 dft_time: 0
#9576374: cov: 2683 ft: 9225 corp: 1131 exec/s: 65 oom/timeout/crash: 0/0/0 time: 4586s job: 547 dft_time: 0
#9599874: cov: 2683 ft: 9225 corp: 1131 exec/s: 78 oom/timeout/crash: 0/0/0 time: 4597s job: 548 dft_time: 0
#9626481: cov: 2683 ft: 9226 corp: 1132 exec/s: 88 oom/timeout/crash: 0/0/0 time: 4608s job: 549 dft_time: 0
#9652677: cov: 2683 ft: 9226 corp: 1132 exec/s: 87 oom/timeout/crash: 0/0/0 time: 4618s job: 550 dft_time: 0
#9679828: cov: 2683 ft: 9226 corp: 1132 exec/s: 90 oom/timeout/crash: 0/0/0 time: 4630s job: 551 dft_time: 0
#9699602: cov: 2685 ft: 9233 corp: 1134 exec/s: 65 oom/timeout/crash: 0/0/0 time: 4641s job: 552 dft_time: 0
#9723811: cov: 2685 ft: 9233 corp: 1134 exec/s: 80 oom/timeout/crash: 0/0/0 time: 4652s job: 553 dft_time: 0
#9747719: cov: 2685 ft: 9234 corp: 1135 exec/s: 79 oom/timeout/crash: 0/0/0 time: 4662s job: 554 dft_time: 0
#9768556: cov: 2685 ft: 9234 corp: 1135 exec/s: 69 oom/timeout/crash: 0/0/0 time: 4674s job: 555 dft_time: 0
#9796399: cov: 2685 ft: 9234 corp: 1135 exec/s: 92 oom/timeout/crash: 0/0/0 time: 4686s job: 556 dft_time: 0
#9823820: cov: 2685 ft: 9235 corp: 1136 exec/s: 91 oom/timeout/crash: 0/0/0 time: 4696s job: 557 dft_time: 0
#9843635: cov: 2685 ft: 9235 corp: 1136 exec/s: 65 oom/timeout/crash: 0/0/0 time: 4707s job: 558 dft_time: 0
#9866725: cov: 2685 ft: 9235 corp: 1136 exec/s: 76 oom/timeout/crash: 0/0/0 time: 4718s job: 559 dft_time: 0
#9894305: cov: 2685 ft: 9235 corp: 1136 exec/s: 91 oom/timeout/crash: 0/0/0 time: 4729s job: 560 dft_time: 0
#9921515: cov: 2685 ft: 9238 corp: 1137 exec/s: 90 oom/timeout/crash: 0/0/0 time: 4740s job: 561 dft_time: 0
#9941326: cov: 2685 ft: 9238 corp: 1137 exec/s: 65 oom/timeout/crash: 0/0/0 time: 4751s job: 562 dft_time: 0
#9964117: cov: 2685 ft: 9238 corp: 1137 exec/s: 75 oom/timeout/crash: 0/0/0 time: 4762s job: 563 dft_time: 0
#9991143: cov: 2685 ft: 9238 corp: 1137 exec/s: 89 oom/timeout/crash: 0/0/0 time: 4773s job: 564 dft_time: 0
#10012548: cov: 2685 ft: 9238 corp: 1137 exec/s: 71 oom/timeout/crash: 0/0/0 time: 4784s job: 565 dft_time: 0
#10034600: cov: 2685 ft: 9239 corp: 1138 exec/s: 73 oom/timeout/crash: 0/0/0 time: 4795s job: 566 dft_time: 0
#10056037: cov: 2685 ft: 9249 corp: 1140 exec/s: 71 oom/timeout/crash: 0/0/0 time: 4807s job: 567 dft_time: 0
#10075746: cov: 2685 ft: 9249 corp: 1140 exec/s: 65 oom/timeout/crash: 0/0/0 time: 4819s job: 568 dft_time: 0
#10103139: cov: 2685 ft: 9249 corp: 1140 exec/s: 91 oom/timeout/crash: 0/0/0 time: 4831s job: 569 dft_time: 0
#10122839: cov: 2685 ft: 9251 corp: 1142 exec/s: 65 oom/timeout/crash: 0/0/0 time: 4844s job: 570 dft_time: 0
#10150525: cov: 2685 ft: 9252 corp: 1143 exec/s: 91 oom/timeout/crash: 0/0/0 time: 4854s job: 571 dft_time: 0
#10172752: cov: 2685 ft: 9261 corp: 1146 exec/s: 73 oom/timeout/crash: 0/0/0 time: 4865s job: 572 dft_time: 0
#10198401: cov: 2685 ft: 9261 corp: 1146 exec/s: 85 oom/timeout/crash: 0/0/0 time: 4876s job: 573 dft_time: 0
#10218956: cov: 2685 ft: 9261 corp: 1146 exec/s: 68 oom/timeout/crash: 0/0/0 time: 4887s job: 574 dft_time: 0
#10238890: cov: 2685 ft: 9261 corp: 1146 exec/s: 66 oom/timeout/crash: 0/0/0 time: 4898s job: 575 dft_time: 0
#10264137: cov: 2685 ft: 9261 corp: 1146 exec/s: 83 oom/timeout/crash: 0/0/0 time: 4910s job: 576 dft_time: 0
#10287901: cov: 2685 ft: 9261 corp: 1146 exec/s: 78 oom/timeout/crash: 0/0/0 time: 4919s job: 577 dft_time: 0
#10315276: cov: 2685 ft: 9261 corp: 1146 exec/s: 90 oom/timeout/crash: 0/0/0 time: 4931s job: 578 dft_time: 0
#10342698: cov: 2686 ft: 9268 corp: 1147 exec/s: 91 oom/timeout/crash: 0/0/0 time: 4942s job: 579 dft_time: 0
#10362862: cov: 2686 ft: 9295 corp: 1148 exec/s: 66 oom/timeout/crash: 0/0/0 time: 4953s job: 580 dft_time: 0
#10390102: cov: 2686 ft: 9295 corp: 1148 exec/s: 90 oom/timeout/crash: 0/0/0 time: 4964s job: 581 dft_time: 0
#10417696: cov: 2686 ft: 9295 corp: 1148 exec/s: 91 oom/timeout/crash: 0/0/0 time: 4975s job: 582 dft_time: 0
#10442408: cov: 2686 ft: 9297 corp: 1149 exec/s: 82 oom/timeout/crash: 0/0/0 time: 4987s job: 583 dft_time: 0
#10462195: cov: 2686 ft: 9297 corp: 1149 exec/s: 65 oom/timeout/crash: 0/0/0 time: 4997s job: 584 dft_time: 0
#10489252: cov: 2686 ft: 9297 corp: 1149 exec/s: 89 oom/timeout/crash: 0/0/0 time: 5008s job: 585 dft_time: 0
#10517101: cov: 2686 ft: 9297 corp: 1149 exec/s: 92 oom/timeout/crash: 0/0/0 time: 5019s job: 586 dft_time: 0
#10540740: cov: 2686 ft: 9299 corp: 1150 exec/s: 78 oom/timeout/crash: 0/0/0 time: 5030s job: 587 dft_time: 0
#10562100: cov: 2686 ft: 9300 corp: 1151 exec/s: 70 oom/timeout/crash: 0/0/0 time: 5041s job: 588 dft_time: 0
#10582326: cov: 2686 ft: 9300 corp: 1151 exec/s: 67 oom/timeout/crash: 0/0/0 time: 5052s job: 589 dft_time: 0
#10610053: cov: 2686 ft: 9300 corp: 1151 exec/s: 92 oom/timeout/crash: 0/0/0 time: 5063s job: 590 dft_time: 0
#10636998: cov: 2686 ft: 9301 corp: 1152 exec/s: 89 oom/timeout/crash: 0/0/0 time: 5074s job: 591 dft_time: 0
#10657095: cov: 2686 ft: 9301 corp: 1152 exec/s: 66 oom/timeout/crash: 0/0/0 time: 5085s job: 592 dft_time: 0
#10682643: cov: 2686 ft: 9301 corp: 1152 exec/s: 84 oom/timeout/crash: 0/0/0 time: 5096s job: 593 dft_time: 0
#10708200: cov: 2686 ft: 9304 corp: 1153 exec/s: 84 oom/timeout/crash: 0/0/0 time: 5108s job: 594 dft_time: 0
#10727971: cov: 2686 ft: 9304 corp: 1153 exec/s: 65 oom/timeout/crash: 0/0/0 time: 5120s job: 595 dft_time: 0
#10751121: cov: 2686 ft: 9305 corp: 1154 exec/s: 76 oom/timeout/crash: 0/0/0 time: 5132s job: 596 dft_time: 0
#10776979: cov: 2686 ft: 9306 corp: 1155 exec/s: 85 oom/timeout/crash: 0/0/0 time: 5145s job: 597 dft_time: 0
#10798468: cov: 2686 ft: 9306 corp: 1155 exec/s: 71 oom/timeout/crash: 0/0/0 time: 5155s job: 598 dft_time: 0
#10821092: cov: 2686 ft: 9306 corp: 1155 exec/s: 75 oom/timeout/crash: 0/0/0 time: 5166s job: 599 dft_time: 0
#10846016: cov: 2686 ft: 9306 corp: 1155 exec/s: 82 oom/timeout/crash: 0/0/0 time: 5177s job: 600 dft_time: 0
#10867927: cov: 2686 ft: 9308 corp: 1156 exec/s: 72 oom/timeout/crash: 0/0/0 time: 5188s job: 601 dft_time: 0
#10892676: cov: 2686 ft: 9308 corp: 1156 exec/s: 82 oom/timeout/crash: 0/0/0 time: 5199s job: 602 dft_time: 0
#10915048: cov: 2686 ft: 9309 corp: 1157 exec/s: 74 oom/timeout/crash: 0/0/0 time: 5211s job: 603 dft_time: 0
#10941922: cov: 2686 ft: 9310 corp: 1158 exec/s: 89 oom/timeout/crash: 0/0/0 time: 5221s job: 604 dft_time: 0
#10963762: cov: 2686 ft: 9312 corp: 1159 exec/s: 72 oom/timeout/crash: 0/0/0 time: 5232s job: 605 dft_time: 0
#10990969: cov: 2686 ft: 9312 corp: 1159 exec/s: 90 oom/timeout/crash: 0/0/0 time: 5243s job: 606 dft_time: 0
#11011386: cov: 2686 ft: 9315 corp: 1160 exec/s: 67 oom/timeout/crash: 0/0/0 time: 5254s job: 607 dft_time: 0
#11033331: cov: 2686 ft: 9315 corp: 1160 exec/s: 72 oom/timeout/crash: 0/0/0 time: 5265s job: 608 dft_time: 0
#11057323: cov: 2686 ft: 9315 corp: 1160 exec/s: 79 oom/timeout/crash: 0/0/0 time: 5276s job: 609 dft_time: 0
#11079991: cov: 2686 ft: 9328 corp: 1161 exec/s: 75 oom/timeout/crash: 0/0/0 time: 5288s job: 610 dft_time: 0
#11101231: cov: 2686 ft: 9330 corp: 1162 exec/s: 70 oom/timeout/crash: 0/0/0 time: 5298s job: 611 dft_time: 0
#11123645: cov: 2686 ft: 9330 corp: 1162 exec/s: 74 oom/timeout/crash: 0/0/0 time: 5309s job: 612 dft_time: 0
#11148056: cov: 2686 ft: 9330 corp: 1162 exec/s: 81 oom/timeout/crash: 0/0/0 time: 5320s job: 613 dft_time: 0
#11175429: cov: 2686 ft: 9346 corp: 1167 exec/s: 90 oom/timeout/crash: 0/0/0 time: 5331s job: 614 dft_time: 0
#11195943: cov: 2686 ft: 9346 corp: 1167 exec/s: 68 oom/timeout/crash: 0/0/0 time: 5342s job: 615 dft_time: 0
#11220904: cov: 2686 ft: 9346 corp: 1167 exec/s: 82 oom/timeout/crash: 0/0/0 time: 5353s job: 616 dft_time: 0
#11247740: cov: 2686 ft: 9346 corp: 1167 exec/s: 89 oom/timeout/crash: 0/0/0 time: 5364s job: 617 dft_time: 0
#11274567: cov: 2686 ft: 9346 corp: 1167 exec/s: 89 oom/timeout/crash: 0/0/0 time: 5375s job: 618 dft_time: 0
#11302226: cov: 2686 ft: 9346 corp: 1167 exec/s: 91 oom/timeout/crash: 0/0/0 time: 5386s job: 619 dft_time: 0
#11322040: cov: 2686 ft: 9346 corp: 1167 exec/s: 65 oom/timeout/crash: 0/0/0 time: 5397s job: 620 dft_time: 0
#11349272: cov: 2686 ft: 9352 corp: 1169 exec/s: 90 oom/timeout/crash: 0/0/0 time: 5409s job: 621 dft_time: 0
#11372735: cov: 2686 ft: 9352 corp: 1169 exec/s: 77 oom/timeout/crash: 0/0/0 time: 5421s job: 622 dft_time: 0
#11392194: cov: 2686 ft: 9352 corp: 1169 exec/s: 64 oom/timeout/crash: 0/0/0 time: 5434s job: 623 dft_time: 0
#11419576: cov: 2686 ft: 9352 corp: 1169 exec/s: 90 oom/timeout/crash: 0/0/0 time: 5446s job: 624 dft_time: 0
#11446458: cov: 2686 ft: 9353 corp: 1170 exec/s: 89 oom/timeout/crash: 0/0/0 time: 5456s job: 625 dft_time: 0
#11470984: cov: 2686 ft: 9357 corp: 1171 exec/s: 81 oom/timeout/crash: 0/0/0 time: 5467s job: 626 dft_time: 0
#11498898: cov: 2686 ft: 9357 corp: 1171 exec/s: 92 oom/timeout/crash: 0/0/0 time: 5478s job: 627 dft_time: 0
#11525263: cov: 2686 ft: 9359 corp: 1173 exec/s: 87 oom/timeout/crash: 0/0/0 time: 5489s job: 628 dft_time: 0
#11550385: cov: 2686 ft: 9359 corp: 1173 exec/s: 83 oom/timeout/crash: 0/0/0 time: 5500s job: 629 dft_time: 0
#11574758: cov: 2686 ft: 9359 corp: 1173 exec/s: 80 oom/timeout/crash: 0/0/0 time: 5512s job: 630 dft_time: 0
#11594495: cov: 2686 ft: 9359 corp: 1173 exec/s: 65 oom/timeout/crash: 0/0/0 time: 5522s job: 631 dft_time: 0
#11615612: cov: 2686 ft: 9359 corp: 1173 exec/s: 70 oom/timeout/crash: 0/0/0 time: 5533s job: 632 dft_time: 0
#11637358: cov: 2686 ft: 9360 corp: 1174 exec/s: 72 oom/timeout/crash: 0/0/0 time: 5544s job: 633 dft_time: 0
#11663574: cov: 2686 ft: 9360 corp: 1174 exec/s: 87 oom/timeout/crash: 0/0/0 time: 5555s job: 634 dft_time: 0
#11691325: cov: 2686 ft: 9360 corp: 1174 exec/s: 92 oom/timeout/crash: 0/0/0 time: 5566s job: 635 dft_time: 0
#11718688: cov: 2686 ft: 9360 corp: 1174 exec/s: 90 oom/timeout/crash: 0/0/0 time: 5578s job: 636 dft_time: 0
#11741536: cov: 2686 ft: 9361 corp: 1175 exec/s: 75 oom/timeout/crash: 0/0/0 time: 5589s job: 637 dft_time: 0
#11762012: cov: 2686 ft: 9361 corp: 1175 exec/s: 68 oom/timeout/crash: 0/0/0 time: 5600s job: 638 dft_time: 0
#11784228: cov: 2686 ft: 9369 corp: 1176 exec/s: 73 oom/timeout/crash: 0/0/0 time: 5610s job: 639 dft_time: 0
#11803679: cov: 2686 ft: 9370 corp: 1177 exec/s: 64 oom/timeout/crash: 0/0/0 time: 5622s job: 640 dft_time: 0
#11830956: cov: 2686 ft: 9374 corp: 1179 exec/s: 90 oom/timeout/crash: 0/0/0 time: 5633s job: 641 dft_time: 0
#11854054: cov: 2686 ft: 9374 corp: 1179 exec/s: 76 oom/timeout/crash: 0/0/0 time: 5643s job: 642 dft_time: 0
#11878662: cov: 2686 ft: 9377 corp: 1180 exec/s: 81 oom/timeout/crash: 0/0/0 time: 5654s job: 643 dft_time: 0
#11904728: cov: 2686 ft: 9377 corp: 1180 exec/s: 86 oom/timeout/crash: 0/0/0 time: 5665s job: 644 dft_time: 0
#11929402: cov: 2686 ft: 9377 corp: 1180 exec/s: 81 oom/timeout/crash: 0/0/0 time: 5676s job: 645 dft_time: 0
#11956683: cov: 2686 ft: 9381 corp: 1181 exec/s: 90 oom/timeout/crash: 0/0/0 time: 5687s job: 646 dft_time: 0
#11976526: cov: 2686 ft: 9404 corp: 1185 exec/s: 65 oom/timeout/crash: 0/0/0 time: 5698s job: 647 dft_time: 0
#11996884: cov: 2686 ft: 9404 corp: 1185 exec/s: 67 oom/timeout/crash: 0/0/0 time: 5710s job: 648 dft_time: 0
#12020794: cov: 2686 ft: 9405 corp: 1186 exec/s: 79 oom/timeout/crash: 0/0/0 time: 5722s job: 649 dft_time: 0
#12040833: cov: 2686 ft: 9405 corp: 1186 exec/s: 66 oom/timeout/crash: 0/0/0 time: 5735s job: 650 dft_time: 0
#12067825: cov: 2686 ft: 9405 corp: 1186 exec/s: 89 oom/timeout/crash: 0/0/0 time: 5747s job: 651 dft_time: 0
#12094222: cov: 2691 ft: 9410 corp: 1187 exec/s: 87 oom/timeout/crash: 0/0/0 time: 5757s job: 652 dft_time: 0
#12114305: cov: 2691 ft: 9410 corp: 1187 exec/s: 66 oom/timeout/crash: 0/0/0 time: 5769s job: 653 dft_time: 0
#12141376: cov: 2691 ft: 9410 corp: 1187 exec/s: 89 oom/timeout/crash: 0/0/0 time: 5780s job: 654 dft_time: 0
#12161318: cov: 2691 ft: 9410 corp: 1187 exec/s: 66 oom/timeout/crash: 0/0/0 time: 5790s job: 655 dft_time: 0
#12187004: cov: 2691 ft: 9410 corp: 1187 exec/s: 85 oom/timeout/crash: 0/0/0 time: 5801s job: 656 dft_time: 0
#12214333: cov: 2691 ft: 9410 corp: 1187 exec/s: 90 oom/timeout/crash: 0/0/0 time: 5813s job: 657 dft_time: 0
#12235246: cov: 2691 ft: 9410 corp: 1187 exec/s: 69 oom/timeout/crash: 0/0/0 time: 5823s job: 658 dft_time: 0
#12256440: cov: 2691 ft: 9412 corp: 1189 exec/s: 70 oom/timeout/crash: 0/0/0 time: 5835s job: 659 dft_time: 0
#12276312: cov: 2691 ft: 9413 corp: 1190 exec/s: 66 oom/timeout/crash: 0/0/0 time: 5845s job: 660 dft_time: 0
#12303683: cov: 2691 ft: 9413 corp: 1190 exec/s: 90 oom/timeout/crash: 0/0/0 time: 5856s job: 661 dft_time: 0
#12329820: cov: 2691 ft: 9413 corp: 1190 exec/s: 86 oom/timeout/crash: 0/0/0 time: 5867s job: 662 dft_time: 0
#12357332: cov: 2691 ft: 9413 corp: 1190 exec/s: 91 oom/timeout/crash: 0/0/0 time: 5879s job: 663 dft_time: 0
#12380366: cov: 2691 ft: 9413 corp: 1190 exec/s: 76 oom/timeout/crash: 0/0/0 time: 5890s job: 664 dft_time: 0
#12405636: cov: 2692 ft: 9417 corp: 1193 exec/s: 83 oom/timeout/crash: 0/0/0 time: 5901s job: 665 dft_time: 0
#12425534: cov: 2692 ft: 9417 corp: 1193 exec/s: 66 oom/timeout/crash: 0/0/0 time: 5911s job: 666 dft_time: 0
#12449198: cov: 2692 ft: 9417 corp: 1193 exec/s: 78 oom/timeout/crash: 0/0/0 time: 5923s job: 667 dft_time: 0
#12472324: cov: 2692 ft: 9417 corp: 1193 exec/s: 76 oom/timeout/crash: 0/0/0 time: 5934s job: 668 dft_time: 0
#12499604: cov: 2692 ft: 9423 corp: 1195 exec/s: 90 oom/timeout/crash: 0/0/0 time: 5944s job: 669 dft_time: 0
#12519002: cov: 2692 ft: 9424 corp: 1196 exec/s: 64 oom/timeout/crash: 0/0/0 time: 5955s job: 670 dft_time: 0
#12541332: cov: 2692 ft: 9424 corp: 1196 exec/s: 74 oom/timeout/crash: 0/0/0 time: 5967s job: 671 dft_time: 0
#12565133: cov: 2692 ft: 9424 corp: 1196 exec/s: 79 oom/timeout/crash: 0/0/0 time: 5977s job: 672 dft_time: 0
#12589268: cov: 2692 ft: 9432 corp: 1197 exec/s: 80 oom/timeout/crash: 0/0/0 time: 5988s job: 673 dft_time: 0
#12615387: cov: 2692 ft: 9432 corp: 1197 exec/s: 86 oom/timeout/crash: 0/0/0 time: 5999s job: 674 dft_time: 0
#12639286: cov: 2692 ft: 9434 corp: 1198 exec/s: 79 oom/timeout/crash: 0/0/0 time: 6011s job: 675 dft_time: 0
#12666978: cov: 2692 ft: 9448 corp: 1201 exec/s: 92 oom/timeout/crash: 0/0/0 time: 6024s job: 676 dft_time: 0
#12692886: cov: 2692 ft: 9448 corp: 1201 exec/s: 86 oom/timeout/crash: 0/0/0 time: 6036s job: 677 dft_time: 0
#12712887: cov: 2692 ft: 9448 corp: 1201 exec/s: 66 oom/timeout/crash: 0/0/0 time: 6048s job: 678 dft_time: 0
#12739686: cov: 2692 ft: 9454 corp: 1204 exec/s: 89 oom/timeout/crash: 0/0/0 time: 6059s job: 679 dft_time: 0
#12766907: cov: 2692 ft: 9456 corp: 1205 exec/s: 90 oom/timeout/crash: 0/0/0 time: 6070s job: 680 dft_time: 0
#12792282: cov: 2692 ft: 9464 corp: 1209 exec/s: 84 oom/timeout/crash: 0/0/0 time: 6081s job: 681 dft_time: 0
#12816889: cov: 2692 ft: 9464 corp: 1209 exec/s: 81 oom/timeout/crash: 0/0/0 time: 6092s job: 682 dft_time: 0
#12836455: cov: 2692 ft: 9464 corp: 1209 exec/s: 65 oom/timeout/crash: 0/0/0 time: 6103s job: 683 dft_time: 0
#12859809: cov: 2692 ft: 9464 corp: 1209 exec/s: 77 oom/timeout/crash: 0/0/0 time: 6114s job: 684 dft_time: 0
#12886215: cov: 2692 ft: 9477 corp: 1211 exec/s: 87 oom/timeout/crash: 0/0/0 time: 6124s job: 685 dft_time: 0
#12909471: cov: 2692 ft: 9481 corp: 1212 exec/s: 77 oom/timeout/crash: 0/0/0 time: 6136s job: 686 dft_time: 0
#12932572: cov: 2692 ft: 9481 corp: 1212 exec/s: 76 oom/timeout/crash: 0/0/0 time: 6146s job: 687 dft_time: 0
#12952971: cov: 2692 ft: 9481 corp: 1212 exec/s: 67 oom/timeout/crash: 0/0/0 time: 6157s job: 688 dft_time: 0
#12972427: cov: 2692 ft: 9481 corp: 1212 exec/s: 64 oom/timeout/crash: 0/0/0 time: 6168s job: 689 dft_time: 0
#12994147: cov: 2692 ft: 9486 corp: 1216 exec/s: 72 oom/timeout/crash: 0/0/0 time: 6180s job: 690 dft_time: 0
#13021874: cov: 2692 ft: 9486 corp: 1216 exec/s: 92 oom/timeout/crash: 0/0/0 time: 6191s job: 691 dft_time: 0
#13045673: cov: 2692 ft: 9486 corp: 1216 exec/s: 79 oom/timeout/crash: 0/0/0 time: 6202s job: 692 dft_time: 0
#13069354: cov: 2692 ft: 9486 corp: 1216 exec/s: 78 oom/timeout/crash: 0/0/0 time: 6212s job: 693 dft_time: 0
#13093331: cov: 2692 ft: 9489 corp: 1218 exec/s: 79 oom/timeout/crash: 0/0/0 time: 6224s job: 694 dft_time: 0
#13120674: cov: 2692 ft: 9489 corp: 1218 exec/s: 90 oom/timeout/crash: 0/0/0 time: 6235s job: 695 dft_time: 0
#13148172: cov: 2692 ft: 9489 corp: 1218 exec/s: 91 oom/timeout/crash: 0/0/0 time: 6246s job: 696 dft_time: 0
#13170704: cov: 2692 ft: 9497 corp: 1222 exec/s: 74 oom/timeout/crash: 0/0/0 time: 6257s job: 697 dft_time: 0
#13197033: cov: 2692 ft: 9497 corp: 1222 exec/s: 87 oom/timeout/crash: 0/0/0 time: 6268s job: 698 dft_time: 0
#13219288: cov: 2692 ft: 9497 corp: 1222 exec/s: 73 oom/timeout/crash: 0/0/0 time: 6279s job: 699 dft_time: 0
#13245872: cov: 2692 ft: 9497 corp: 1222 exec/s: 88 oom/timeout/crash: 0/0/0 time: 6289s job: 700 dft_time: 0
#13267339: cov: 2692 ft: 9497 corp: 1222 exec/s: 71 oom/timeout/crash: 0/0/0 time: 6301s job: 701 dft_time: 0
#13286823: cov: 2692 ft: 9497 corp: 1222 exec/s: 64 oom/timeout/crash: 0/0/0 time: 6313s job: 702 dft_time: 0
#13310543: cov: 2692 ft: 9497 corp: 1222 exec/s: 78 oom/timeout/crash: 0/0/0 time: 6325s job: 703 dft_time: 0
#13335078: cov: 2692 ft: 9498 corp: 1223 exec/s: 81 oom/timeout/crash: 0/0/0 time: 6337s job: 704 dft_time: 0
#13359979: cov: 2692 ft: 9498 corp: 1223 exec/s: 82 oom/timeout/crash: 0/0/0 time: 6349s job: 705 dft_time: 0
#13387144: cov: 2692 ft: 9501 corp: 1224 exec/s: 90 oom/timeout/crash: 0/0/0 time: 6360s job: 706 dft_time: 0
#13415308: cov: 2692 ft: 9501 corp: 1224 exec/s: 93 oom/timeout/crash: 0/0/0 time: 6371s job: 707 dft_time: 0
#13440583: cov: 2692 ft: 9503 corp: 1226 exec/s: 83 oom/timeout/crash: 0/0/0 time: 6382s job: 708 dft_time: 0
#13465093: cov: 2692 ft: 9506 corp: 1229 exec/s: 81 oom/timeout/crash: 0/0/0 time: 6393s job: 709 dft_time: 0
  NEW_FUNC: 0x55d869651550 in <miniz_oxide::deflate::core::Rle>::prev_code_size /home/rodrigodd/.cargo/registry/src/index.crates.io-1949cf8c6b5b557f/miniz_oxide-0.8.9/src/deflate/core.rs:720
  NEW_FUNC: 0x55d869651cb0 in <miniz_oxide::deflate::core::Rle>::zero_code_size /home/rodrigodd/.cargo/registry/src/index.crates.io-1949cf8c6b5b557f/miniz_oxide-0.8.9/src/deflate/core.rs:744
  NEW_FUNC: 0x55d86966bb10 in <core::iter::adapters::take::Take<core::iter::adapters::enumerate::Enumerate<core::slice::iter::Iter<i32>>> as core::iter::traits::iterator::Iterator>::nth /home/rodrigodd/.rustup/toolchains/nightly-x86_64-unknown-linux-gnu/lib/rustlib/src/rust/library/core/src/iter/adapters/take.rs:46
#13485189: cov: 2887 ft: 9724 corp: 1230 exec/s: 66 oom/timeout/crash: 0/0/0 time: 6404s job: 710 dft_time: 0
#13505765: cov: 2887 ft: 9724 corp: 1230 exec/s: 68 oom/timeout/crash: 0/0/0 time: 6415s job: 711 dft_time: 0
#13525232: cov: 2887 ft: 9724 corp: 1230 exec/s: 64 oom/timeout/crash: 0/0/0 time: 6425s job: 712 dft_time: 0
#13545468: cov: 2887 ft: 9724 corp: 1230 exec/s: 67 oom/timeout/crash: 0/0/0 time: 6437s job: 713 dft_time: 0
#13573029: cov: 2896 ft: 9815 corp: 1232 exec/s: 91 oom/timeout/crash: 0/0/0 time: 6447s job: 714 dft_time: 0
#13599463: cov: 2896 ft: 9819 corp: 1234 exec/s: 87 oom/timeout/crash: 0/0/0 time: 6459s job: 715 dft_time: 0
#13626011: cov: 2898 ft: 9838 corp: 1236 exec/s: 88 oom/timeout/crash: 0/0/0 time: 6469s job: 716 dft_time: 0
#13646526: cov: 2898 ft: 9839 corp: 1237 exec/s: 68 oom/timeout/crash: 0/0/0 time: 6481s job: 717 dft_time: 0
#13667128: cov: 2898 ft: 9839 corp: 1237 exec/s: 68 oom/timeout/crash: 0/0/0 time: 6493s job: 718 dft_time: 0
#13688144: cov: 2898 ft: 9839 corp: 1237 exec/s: 69 oom/timeout/crash: 0/0/0 time: 6503s job: 719 dft_time: 0
#13715107: cov: 2898 ft: 9839 corp: 1237 exec/s: 89 oom/timeout/crash: 0/0/0 time: 6513s job: 720 dft_time: 0
#13741089: cov: 2898 ft: 9839 corp: 1237 exec/s: 86 oom/timeout/crash: 0/0/0 time: 6525s job: 721 dft_time: 0
#13768373: cov: 2898 ft: 9839 corp: 1237 exec/s: 90 oom/timeout/crash: 0/0/0 time: 6536s job: 722 dft_time: 0
#13795036: cov: 2898 ft: 9839 corp: 1237 exec/s: 88 oom/timeout/crash: 0/0/0 time: 6547s job: 723 dft_time: 0
#13814751: cov: 2898 ft: 9839 corp: 1237 exec/s: 65 oom/timeout/crash: 0/0/0 time: 6558s job: 724 dft_time: 0
#13842393: cov: 2898 ft: 9839 corp: 1237 exec/s: 91 oom/timeout/crash: 0/0/0 time: 6569s job: 725 dft_time: 0
#13867842: cov: 2898 ft: 9839 corp: 1237 exec/s: 84 oom/timeout/crash: 0/0/0 time: 6580s job: 726 dft_time: 0
#13893302: cov: 2898 ft: 9854 corp: 1238 exec/s: 84 oom/timeout/crash: 0/0/0 time: 6591s job: 727 dft_time: 0
#13915198: cov: 2898 ft: 9858 corp: 1240 exec/s: 72 oom/timeout/crash: 0/0/0 time: 6602s job: 728 dft_time: 0
#13934766: cov: 2898 ft: 9860 corp: 1241 exec/s: 65 oom/timeout/crash: 0/0/0 time: 6614s job: 729 dft_time: 0
#13957442: cov: 2898 ft: 9860 corp: 1241 exec/s: 75 oom/timeout/crash: 0/0/0 time: 6626s job: 730 dft_time: 0
#13978318: cov: 2898 ft: 9863 corp: 1244 exec/s: 69 oom/timeout/crash: 0/0/0 time: 6638s job: 731 dft_time: 0
#14003117: cov: 2898 ft: 9863 corp: 1244 exec/s: 82 oom/timeout/crash: 0/0/0 time: 6651s job: 732 dft_time: 0
#14030618: cov: 2898 ft: 9863 corp: 1244 exec/s: 91 oom/timeout/crash: 0/0/0 time: 6661s job: 733 dft_time: 0
#14051810: cov: 2898 ft: 9867 corp: 1245 exec/s: 70 oom/timeout/crash: 0/0/0 time: 6672s job: 734 dft_time: 0
#14077702: cov: 2898 ft: 9867 corp: 1245 exec/s: 86 oom/timeout/crash: 0/0/0 time: 6683s job: 735 dft_time: 0
#14103534: cov: 2898 ft: 9867 corp: 1245 exec/s: 85 oom/timeout/crash: 0/0/0 time: 6694s job: 736 dft_time: 0
#14125956: cov: 2898 ft: 9867 corp: 1245 exec/s: 74 oom/timeout/crash: 0/0/0 time: 6705s job: 737 dft_time: 0
#14150868: cov: 2898 ft: 9867 corp: 1245 exec/s: 82 oom/timeout/crash: 0/0/0 time: 6717s job: 738 dft_time: 0
#14170754: cov: 2898 ft: 9867 corp: 1245 exec/s: 66 oom/timeout/crash: 0/0/0 time: 6726s job: 739 dft_time: 0
#14196534: cov: 2898 ft: 9868 corp: 1246 exec/s: 85 oom/timeout/crash: 0/0/0 time: 6738s job: 740 dft_time: 0
#14222545: cov: 2898 ft: 9868 corp: 1246 exec/s: 86 oom/timeout/crash: 0/0/0 time: 6749s job: 741 dft_time: 0
#14248578: cov: 2898 ft: 9868 corp: 1246 exec/s: 86 oom/timeout/crash: 0/0/0 time: 6760s job: 742 dft_time: 0
#14268204: cov: 2898 ft: 9868 corp: 1246 exec/s: 65 oom/timeout/crash: 0/0/0 time: 6771s job: 743 dft_time: 0
#14289171: cov: 2898 ft: 9868 corp: 1246 exec/s: 69 oom/timeout/crash: 0/0/0 time: 6782s job: 744 dft_time: 0
#14310528: cov: 2918 ft: 9974 corp: 1261 exec/s: 70 oom/timeout/crash: 0/0/0 time: 6794s job: 745 dft_time: 0
#14335984: cov: 2918 ft: 9974 corp: 1261 exec/s: 84 oom/timeout/crash: 0/0/0 time: 6804s job: 746 dft_time: 0
#14358841: cov: 2918 ft: 9978 corp: 1262 exec/s: 75 oom/timeout/crash: 0/0/0 time: 6815s job: 747 dft_time: 0
#14385013: cov: 2918 ft: 9979 corp: 1263 exec/s: 86 oom/timeout/crash: 0/0/0 time: 6826s job: 748 dft_time: 0
#14412229: cov: 2923 ft: 9990 corp: 1269 exec/s: 90 oom/timeout/crash: 0/0/0 time: 6837s job: 749 dft_time: 0
#14433670: cov: 2923 ft: 9990 corp: 1269 exec/s: 71 oom/timeout/crash: 0/0/0 time: 6848s job: 750 dft_time: 0
#14455247: cov: 2923 ft: 9994 corp: 1271 exec/s: 71 oom/timeout/crash: 0/0/0 time: 6859s job: 751 dft_time: 0
#14481847: cov: 2923 ft: 9996 corp: 1273 exec/s: 88 oom/timeout/crash: 0/0/0 time: 6870s job: 752 dft_time: 0
#14508759: cov: 2923 ft: 9996 corp: 1273 exec/s: 89 oom/timeout/crash: 0/0/0 time: 6881s job: 753 dft_time: 0
#14536065: cov: 2923 ft: 9996 corp: 1273 exec/s: 90 oom/timeout/crash: 0/0/0 time: 6892s job: 754 dft_time: 0
#14558920: cov: 2923 ft: 9996 corp: 1273 exec/s: 75 oom/timeout/crash: 0/0/0 time: 6903s job: 755 dft_time: 0
#14586319: cov: 2923 ft: 9996 corp: 1273 exec/s: 91 oom/timeout/crash: 0/0/0 time: 6915s job: 756 dft_time: 0
#14612870: cov: 2923 ft: 9996 corp: 1273 exec/s: 88 oom/timeout/crash: 0/0/0 time: 6927s job: 757 dft_time: 0
#14633261: cov: 2923 ft: 9996 corp: 1273 exec/s: 67 oom/timeout/crash: 0/0/0 time: 6939s job: 758 dft_time: 0
#14657990: cov: 2923 ft: 9996 corp: 1273 exec/s: 82 oom/timeout/crash: 0/0/0 time: 6952s job: 759 dft_time: 0
#14681132: cov: 2923 ft: 9997 corp: 1274 exec/s: 76 oom/timeout/crash: 0/0/0 time: 6962s job: 760 dft_time: 0
#14707875: cov: 2923 ft: 9997 corp: 1274 exec/s: 88 oom/timeout/crash: 0/0/0 time: 6973s job: 761 dft_time: 0
#14728577: cov: 2923 ft: 9999 corp: 1275 exec/s: 68 oom/timeout/crash: 0/0/0 time: 6984s job: 762 dft_time: 0
#14750719: cov: 2923 ft: 9999 corp: 1275 exec/s: 73 oom/timeout/crash: 0/0/0 time: 6995s job: 763 dft_time: 0
#14776015: cov: 2923 ft: 9999 corp: 1275 exec/s: 84 oom/timeout/crash: 0/0/0 time: 7006s job: 764 dft_time: 0
#14800960: cov: 2923 ft: 9999 corp: 1275 exec/s: 82 oom/timeout/crash: 0/0/0 time: 7018s job: 765 dft_time: 0
#14822144: cov: 2923 ft: 9999 corp: 1275 exec/s: 70 oom/timeout/crash: 0/0/0 time: 7028s job: 766 dft_time: 0
#14842018: cov: 2923 ft: 10003 corp: 1276 exec/s: 66 oom/timeout/crash: 0/0/0 time: 7039s job: 767 dft_time: 0
#14868105: cov: 2923 ft: 10003 corp: 1276 exec/s: 86 oom/timeout/crash: 0/0/0 time: 7050s job: 768 dft_time: 0
#14891917: cov: 2923 ft: 10003 corp: 1276 exec/s: 79 oom/timeout/crash: 0/0/0 time: 7061s job: 769 dft_time: 0
#14917822: cov: 2923 ft: 10008 corp: 1278 exec/s: 86 oom/timeout/crash: 0/0/0 time: 7072s job: 770 dft_time: 0
#14944556: cov: 2923 ft: 10008 corp: 1278 exec/s: 88 oom/timeout/crash: 0/0/0 time: 7084s job: 771 dft_time: 0
#14965287: cov: 2925 ft: 10059 corp: 1286 exec/s: 68 oom/timeout/crash: 0/0/0 time: 7095s job: 772 dft_time: 0
#14987782: cov: 2926 ft: 10061 corp: 1288 exec/s: 74 oom/timeout/crash: 0/0/0 time: 7105s job: 773 dft_time: 0
#15008158: cov: 2928 ft: 10088 corp: 1290 exec/s: 67 oom/timeout/crash: 0/0/0 time: 7116s job: 774 dft_time: 0
#15034438: cov: 2928 ft: 10092 corp: 1291 exec/s: 87 oom/timeout/crash: 0/0/0 time: 7127s job: 775 dft_time: 0
#15057434: cov: 2928 ft: 10094 corp: 1292 exec/s: 76 oom/timeout/crash: 0/0/0 time: 7138s job: 776 dft_time: 0
#15078482: cov: 2928 ft: 10094 corp: 1292 exec/s: 69 oom/timeout/crash: 0/0/0 time: 7149s job: 777 dft_time: 0
#15099216: cov: 2928 ft: 10095 corp: 1293 exec/s: 68 oom/timeout/crash: 0/0/0 time: 7160s job: 778 dft_time: 0
#15122083: cov: 2928 ft: 10096 corp: 1294 exec/s: 75 oom/timeout/crash: 0/0/0 time: 7171s job: 779 dft_time: 0
#15144427: cov: 2928 ft: 10101 corp: 1295 exec/s: 74 oom/timeout/crash: 0/0/0 time: 7182s job: 780 dft_time: 0
#15171518: cov: 2928 ft: 10101 corp: 1295 exec/s: 90 oom/timeout/crash: 0/0/0 time: 7193s job: 781 dft_time: 0
#15191711: cov: 2928 ft: 10101 corp: 1295 exec/s: 67 oom/timeout/crash: 0/0/0 time: 7204s job: 782 dft_time: 0
#15218831: cov: 2928 ft: 10107 corp: 1297 exec/s: 90 oom/timeout/crash: 0/0/0 time: 7216s job: 783 dft_time: 0
#15240731: cov: 2935 ft: 10129 corp: 1298 exec/s: 72 oom/timeout/crash: 0/0/0 time: 7228s job: 784 dft_time: 0
#15268001: cov: 2935 ft: 10130 corp: 1299 exec/s: 90 oom/timeout/crash: 0/0/0 time: 7240s job: 785 dft_time: 0
#15295193: cov: 2935 ft: 10130 corp: 1299 exec/s: 90 oom/timeout/crash: 0/0/0 time: 7253s job: 786 dft_time: 0
#15322224: cov: 2935 ft: 10130 corp: 1299 exec/s: 89 oom/timeout/crash: 0/0/0 time: 7263s job: 787 dft_time: 0
#15342978: cov: 2936 ft: 10135 corp: 1301 exec/s: 68 oom/timeout/crash: 0/0/0 time: 7274s job: 788 dft_time: 0
#15365298: cov: 2936 ft: 10135 corp: 1301 exec/s: 74 oom/timeout/crash: 0/0/0 time: 7285s job: 789 dft_time: 0
#15389452: cov: 2936 ft: 10137 corp: 1302 exec/s: 80 oom/timeout/crash: 0/0/0 time: 7296s job: 790 dft_time: 0
#15416792: cov: 2936 ft: 10138 corp: 1303 exec/s: 90 oom/timeout/crash: 0/0/0 time: 7307s job: 791 dft_time: 0
#15437055: cov: 2937 ft: 10161 corp: 1304 exec/s: 67 oom/timeout/crash: 0/0/0 time: 7319s job: 792 dft_time: 0
#15459410: cov: 2937 ft: 10161 corp: 1304 exec/s: 74 oom/timeout/crash: 0/0/0 time: 7329s job: 793 dft_time: 0
#15481140: cov: 2937 ft: 10161 corp: 1304 exec/s: 72 oom/timeout/crash: 0/0/0 time: 7340s job: 794 dft_time: 0
#15506547: cov: 2937 ft: 10161 corp: 1304 exec/s: 84 oom/timeout/crash: 0/0/0 time: 7351s job: 795 dft_time: 0
#15534174: cov: 2937 ft: 10162 corp: 1305 exec/s: 91 oom/timeout/crash: 0/0/0 time: 7362s job: 796 dft_time: 0
#15561398: cov: 2937 ft: 10162 corp: 1305 exec/s: 90 oom/timeout/crash: 0/0/0 time: 7373s job: 797 dft_time: 0
#15585961: cov: 2937 ft: 10162 corp: 1305 exec/s: 81 oom/timeout/crash: 0/0/0 time: 7385s job: 798 dft_time: 0
#15613905: cov: 2937 ft: 10162 corp: 1305 exec/s: 92 oom/timeout/crash: 0/0/0 time: 7396s job: 799 dft_time: 0
#15636481: cov: 2937 ft: 10163 corp: 1306 exec/s: 75 oom/timeout/crash: 0/0/0 time: 7407s job: 800 dft_time: 0
#15656076: cov: 2937 ft: 10163 corp: 1306 exec/s: 65 oom/timeout/crash: 0/0/0 time: 7417s job: 801 dft_time: 0
#15683159: cov: 2937 ft: 10163 corp: 1306 exec/s: 89 oom/timeout/crash: 0/0/0 time: 7429s job: 802 dft_time: 0
#15705186: cov: 2939 ft: 10169 corp: 1309 exec/s: 73 oom/timeout/crash: 0/0/0 time: 7439s job: 803 dft_time: 0
#15728483: cov: 2939 ft: 10169 corp: 1309 exec/s: 77 oom/timeout/crash: 0/0/0 time: 7450s job: 804 dft_time: 0
#15748190: cov: 2939 ft: 10169 corp: 1309 exec/s: 65 oom/timeout/crash: 0/0/0 time: 7461s job: 805 dft_time: 0
#15769146: cov: 2939 ft: 10169 corp: 1309 exec/s: 69 oom/timeout/crash: 0/0/0 time: 7472s job: 806 dft_time: 0
#15797620: cov: 2939 ft: 10170 corp: 1310 exec/s: 94 oom/timeout/crash: 0/0/0 time: 7483s job: 807 dft_time: 0
#15823113: cov: 2939 ft: 10170 corp: 1310 exec/s: 84 oom/timeout/crash: 0/0/0 time: 7494s job: 808 dft_time: 0
#15850026: cov: 2939 ft: 10170 corp: 1310 exec/s: 89 oom/timeout/crash: 0/0/0 time: 7505s job: 809 dft_time: 0
#15877321: cov: 2939 ft: 10170 corp: 1310 exec/s: 90 oom/timeout/crash: 0/0/0 time: 7517s job: 810 dft_time: 0
#15902042: cov: 2939 ft: 10174 corp: 1311 exec/s: 82 oom/timeout/crash: 0/0/0 time: 7529s job: 811 dft_time: 0
#15923282: cov: 2939 ft: 10177 corp: 1313 exec/s: 70 oom/timeout/crash: 0/0/0 time: 7542s job: 812 dft_time: 0
#15943061: cov: 2939 ft: 10178 corp: 1314 exec/s: 65 oom/timeout/crash: 0/0/0 time: 7554s job: 813 dft_time: 0
#15966570: cov: 2939 ft: 10178 corp: 1314 exec/s: 78 oom/timeout/crash: 0/0/0 time: 7564s job: 814 dft_time: 0
#15989357: cov: 2939 ft: 10178 corp: 1314 exec/s: 75 oom/timeout/crash: 0/0/0 time: 7575s job: 815 dft_time: 0
#16016059: cov: 2939 ft: 10186 corp: 1316 exec/s: 88 oom/timeout/crash: 0/0/0 time: 7586s job: 816 dft_time: 0
#16036730: cov: 2939 ft: 10187 corp: 1317 exec/s: 68 oom/timeout/crash: 0/0/0 time: 7597s job: 817 dft_time: 0
#16064739: cov: 2939 ft: 10187 corp: 1317 exec/s: 93 oom/timeout/crash: 0/0/0 time: 7608s job: 818 dft_time: 0
#16085594: cov: 2939 ft: 10194 corp: 1319 exec/s: 69 oom/timeout/crash: 0/0/0 time: 7620s job: 819 dft_time: 0
#16108812: cov: 2939 ft: 10194 corp: 1319 exec/s: 77 oom/timeout/crash: 0/0/0 time: 7630s job: 820 dft_time: 0
#16129172: cov: 2939 ft: 10199 corp: 1321 exec/s: 67 oom/timeout/crash: 0/0/0 time: 7641s job: 821 dft_time: 0
#16156296: cov: 2939 ft: 10203 corp: 1323 exec/s: 90 oom/timeout/crash: 0/0/0 time: 7652s job: 822 dft_time: 0
#16178927: cov: 2939 ft: 10204 corp: 1324 exec/s: 75 oom/timeout/crash: 0/0/0 time: 7663s job: 823 dft_time: 0
#16204812: cov: 2939 ft: 10204 corp: 1324 exec/s: 85 oom/timeout/crash: 0/0/0 time: 7674s job: 824 dft_time: 0
#16229991: cov: 2939 ft: 10204 corp: 1324 exec/s: 83 oom/timeout/crash: 0/0/0 time: 7686s job: 825 dft_time: 0
#16257123: cov: 2939 ft: 10206 corp: 1325 exec/s: 90 oom/timeout/crash: 0/0/0 time: 7697s job: 826 dft_time: 0
#16277240: cov: 2939 ft: 10209 corp: 1326 exec/s: 66 oom/timeout/crash: 0/0/0 time: 7708s job: 827 dft_time: 0
#16301808: cov: 2939 ft: 10209 corp: 1326 exec/s: 81 oom/timeout/crash: 0/0/0 time: 7718s job: 828 dft_time: 0
#16329454: cov: 2939 ft: 10210 corp: 1327 exec/s: 91 oom/timeout/crash: 0/0/0 time: 7730s job: 829 dft_time: 0
#16353560: cov: 2939 ft: 10210 corp: 1327 exec/s: 80 oom/timeout/crash: 0/0/0 time: 7740s job: 830 dft_time: 0
#16373290: cov: 2939 ft: 10211 corp: 1328 exec/s: 65 oom/timeout/crash: 0/0/0 time: 7751s job: 831 dft_time: 0
#16395774: cov: 2939 ft: 10211 corp: 1328 exec/s: 74 oom/timeout/crash: 0/0/0 time: 7762s job: 832 dft_time: 0
#16420572: cov: 2939 ft: 10212 corp: 1329 exec/s: 82 oom/timeout/crash: 0/0/0 time: 7773s job: 833 dft_time: 0
#16442363: cov: 2939 ft: 10213 corp: 1330 exec/s: 72 oom/timeout/crash: 0/0/0 time: 7784s job: 834 dft_time: 0
#16466707: cov: 2939 ft: 10213 corp: 1330 exec/s: 80 oom/timeout/crash: 0/0/0 time: 7795s job: 835 dft_time: 0
#16494830: cov: 2939 ft: 10214 corp: 1331 exec/s: 93 oom/timeout/crash: 0/0/0 time: 7806s job: 836 dft_time: 0
#16522141: cov: 2939 ft: 10214 corp: 1331 exec/s: 90 oom/timeout/crash: 0/0/0 time: 7818s job: 837 dft_time: 0
#16542692: cov: 2945 ft: 10231 corp: 1334 exec/s: 68 oom/timeout/crash: 0/0/0 time: 7830s job: 838 dft_time: 0
#16565643: cov: 2945 ft: 10231 corp: 1334 exec/s: 76 oom/timeout/crash: 0/0/0 time: 7843s job: 839 dft_time: 0
#16587618: cov: 2945 ft: 10232 corp: 1335 exec/s: 73 oom/timeout/crash: 0/0/0 time: 7855s job: 840 dft_time: 0
#16614429: cov: 2945 ft: 10235 corp: 1337 exec/s: 89 oom/timeout/crash: 0/0/0 time: 7865s job: 841 dft_time: 0
#16637769: cov: 2945 ft: 10235 corp: 1337 exec/s: 77 oom/timeout/crash: 0/0/0 time: 7877s job: 842 dft_time: 0
#16658592: cov: 2945 ft: 10235 corp: 1337 exec/s: 69 oom/timeout/crash: 0/0/0 time: 7888s job: 843 dft_time: 0
#16685839: cov: 2945 ft: 10235 corp: 1337 exec/s: 90 oom/timeout/crash: 0/0/0 time: 7898s job: 844 dft_time: 0
#16709956: cov: 2945 ft: 10235 corp: 1337 exec/s: 80 oom/timeout/crash: 0/0/0 time: 7909s job: 845 dft_time: 0
#16730071: cov: 2945 ft: 10237 corp: 1339 exec/s: 66 oom/timeout/crash: 0/0/0 time: 7921s job: 846 dft_time: 0
#16757049: cov: 2945 ft: 10237 corp: 1339 exec/s: 89 oom/timeout/crash: 0/0/0 time: 7931s job: 847 dft_time: 0
#16782257: cov: 2945 ft: 10237 corp: 1339 exec/s: 83 oom/timeout/crash: 0/0/0 time: 7943s job: 848 dft_time: 0
#16809676: cov: 2945 ft: 10240 corp: 1340 exec/s: 91 oom/timeout/crash: 0/0/0 time: 7953s job: 849 dft_time: 0
#16829660: cov: 2945 ft: 10243 corp: 1341 exec/s: 66 oom/timeout/crash: 0/0/0 time: 7964s job: 850 dft_time: 0
#16849836: cov: 2945 ft: 10245 corp: 1343 exec/s: 67 oom/timeout/crash: 0/0/0 time: 7975s job: 851 dft_time: 0
#16877318: cov: 2945 ft: 10245 corp: 1343 exec/s: 91 oom/timeout/crash: 0/0/0 time: 7987s job: 852 dft_time: 0
#16899818: cov: 2945 ft: 10246 corp: 1344 exec/s: 74 oom/timeout/crash: 0/0/0 time: 7998s job: 853 dft_time: 0
#16920551: cov: 2945 ft: 10246 corp: 1344 exec/s: 68 oom/timeout/crash: 0/0/0 time: 8009s job: 854 dft_time: 0
#16941084: cov: 2945 ft: 10249 corp: 1346 exec/s: 68 oom/timeout/crash: 0/0/0 time: 8019s job: 855 dft_time: 0
#16962154: cov: 2945 ft: 10249 corp: 1346 exec/s: 70 oom/timeout/crash: 0/0/0 time: 8031s job: 856 dft_time: 0
#16982309: cov: 2945 ft: 10249 corp: 1346 exec/s: 66 oom/timeout/crash: 0/0/0 time: 8042s job: 857 dft_time: 0
#17007234: cov: 2945 ft: 10249 corp: 1346 exec/s: 82 oom/timeout/crash: 0/0/0 time: 8053s job: 858 dft_time: 0
#17034091: cov: 2945 ft: 10249 corp: 1346 exec/s: 89 oom/timeout/crash: 0/0/0 time: 8063s job: 859 dft_time: 0
#17060703: cov: 2945 ft: 10249 corp: 1346 exec/s: 88 oom/timeout/crash: 0/0/0 time: 8074s job: 860 dft_time: 0
#17086716: cov: 2945 ft: 10249 corp: 1346 exec/s: 86 oom/timeout/crash: 0/0/0 time: 8086s job: 861 dft_time: 0
#17114291: cov: 2945 ft: 10250 corp: 1347 exec/s: 91 oom/timeout/crash: 0/0/0 time: 8096s job: 862 dft_time: 0
#17141518: cov: 2945 ft: 10250 corp: 1347 exec/s: 90 oom/timeout/crash: 0/0/0 time: 8108s job: 863 dft_time: 0
#17166841: cov: 2945 ft: 10250 corp: 1347 exec/s: 84 oom/timeout/crash: 0/0/0 time: 8120s job: 864 dft_time: 0
#17186726: cov: 2945 ft: 10251 corp: 1348 exec/s: 66 oom/timeout/crash: 0/0/0 time: 8132s job: 865 dft_time: 0
#17209175: cov: 2945 ft: 10251 corp: 1348 exec/s: 74 oom/timeout/crash: 0/0/0 time: 8144s job: 866 dft_time: 0
#17231939: cov: 2945 ft: 10251 corp: 1348 exec/s: 75 oom/timeout/crash: 0/0/0 time: 8156s job: 867 dft_time: 0
#17252022: cov: 2945 ft: 10257 corp: 1349 exec/s: 66 oom/timeout/crash: 0/0/0 time: 8166s job: 868 dft_time: 0
#17276208: cov: 2945 ft: 10262 corp: 1350 exec/s: 80 oom/timeout/crash: 0/0/0 time: 8178s job: 869 dft_time: 0
#17300494: cov: 2945 ft: 10262 corp: 1350 exec/s: 80 oom/timeout/crash: 0/0/0 time: 8189s job: 870 dft_time: 0
#17324295: cov: 2945 ft: 10262 corp: 1350 exec/s: 79 oom/timeout/crash: 0/0/0 time: 8200s job: 871 dft_time: 0
#17351493: cov: 2945 ft: 10262 corp: 1350 exec/s: 90 oom/timeout/crash: 0/0/0 time: 8211s job: 872 dft_time: 0
#17373004: cov: 2945 ft: 10268 corp: 1351 exec/s: 71 oom/timeout/crash: 0/0/0 time: 8222s job: 873 dft_time: 0
#17400338: cov: 2945 ft: 10268 corp: 1351 exec/s: 90 oom/timeout/crash: 0/0/0 time: 8232s job: 874 dft_time: 0
#17422542: cov: 2945 ft: 10270 corp: 1353 exec/s: 73 oom/timeout/crash: 0/0/0 time: 8244s job: 875 dft_time: 0
#17449839: cov: 2945 ft: 10270 corp: 1353 exec/s: 90 oom/timeout/crash: 0/0/0 time: 8254s job: 876 dft_time: 0
#17470079: cov: 2945 ft: 10270 corp: 1353 exec/s: 67 oom/timeout/crash: 0/0/0 time: 8266s job: 877 dft_time: 0
#17490600: cov: 2945 ft: 10270 corp: 1353 exec/s: 68 oom/timeout/crash: 0/0/0 time: 8276s job: 878 dft_time: 0
#17517959: cov: 2945 ft: 10270 corp: 1353 exec/s: 90 oom/timeout/crash: 0/0/0 time: 8288s job: 879 dft_time: 0
#17542135: cov: 2945 ft: 10270 corp: 1353 exec/s: 80 oom/timeout/crash: 0/0/0 time: 8300s job: 880 dft_time: 0
#17565439: cov: 2945 ft: 10274 corp: 1354 exec/s: 77 oom/timeout/crash: 0/0/0 time: 8310s job: 881 dft_time: 0
#17591789: cov: 2945 ft: 10275 corp: 1355 exec/s: 87 oom/timeout/crash: 0/0/0 time: 8320s job: 882 dft_time: 0
#17617204: cov: 2945 ft: 10283 corp: 1356 exec/s: 84 oom/timeout/crash: 0/0/0 time: 8332s job: 883 dft_time: 0
#17642491: cov: 2945 ft: 10283 corp: 1356 exec/s: 84 oom/timeout/crash: 0/0/0 time: 8343s job: 884 dft_time: 0
#17662596: cov: 2945 ft: 10283 corp: 1356 exec/s: 66 oom/timeout/crash: 0/0/0 time: 8354s job: 885 dft_time: 0
#17689790: cov: 2945 ft: 10283 corp: 1356 exec/s: 90 oom/timeout/crash: 0/0/0 time: 8365s job: 886 dft_time: 0
#17715779: cov: 2945 ft: 10284 corp: 1357 exec/s: 86 oom/timeout/crash: 0/0/0 time: 8376s job: 887 dft_time: 0
#17739320: cov: 2945 ft: 10284 corp: 1357 exec/s: 78 oom/timeout/crash: 0/0/0 time: 8387s job: 888 dft_time: 0
#17767129: cov: 2945 ft: 10284 corp: 1357 exec/s: 92 oom/timeout/crash: 0/0/0 time: 8397s job: 889 dft_time: 0
#17793836: cov: 2945 ft: 10284 corp: 1357 exec/s: 88 oom/timeout/crash: 0/0/0 time: 8409s job: 890 dft_time: 0
#17813673: cov: 2945 ft: 10284 corp: 1357 exec/s: 65 oom/timeout/crash: 0/0/0 time: 8421s job: 891 dft_time: 0
#17833614: cov: 2945 ft: 10285 corp: 1358 exec/s: 66 oom/timeout/crash: 0/0/0 time: 8433s job: 892 dft_time: 0
#17858390: cov: 2945 ft: 10285 corp: 1358 exec/s: 82 oom/timeout/crash: 0/0/0 time: 8445s job: 893 dft_time: 0
#17881892: cov: 2945 ft: 10286 corp: 1359 exec/s: 78 oom/timeout/crash: 0/0/0 time: 8457s job: 894 dft_time: 0
#17901712: cov: 2945 ft: 10286 corp: 1359 exec/s: 65 oom/timeout/crash: 0/0/0 time: 8468s job: 895 dft_time: 0
#17921737: cov: 2945 ft: 10286 corp: 1359 exec/s: 66 oom/timeout/crash: 0/0/0 time: 8479s job: 896 dft_time: 0
#17949029: cov: 2945 ft: 10296 corp: 1362 exec/s: 90 oom/timeout/crash: 0/0/0 time: 8490s job: 897 dft_time: 0
#17969547: cov: 2945 ft: 10301 corp: 1363 exec/s: 68 oom/timeout/crash: 0/0/0 time: 8501s job: 898 dft_time: 0
#17991521: cov: 2945 ft: 10301 corp: 1363 exec/s: 73 oom/timeout/crash: 0/0/0 time: 8512s job: 899 dft_time: 0
#18018923: cov: 2945 ft: 10305 corp: 1364 exec/s: 91 oom/timeout/crash: 0/0/0 time: 8523s job: 900 dft_time: 0
#18044056: cov: 2945 ft: 10305 corp: 1364 exec/s: 83 oom/timeout/crash: 0/0/0 time: 8533s job: 901 dft_time: 0
#18067216: cov: 2945 ft: 10305 corp: 1364 exec/s: 76 oom/timeout/crash: 0/0/0 time: 8545s job: 902 dft_time: 0
#18093723: cov: 2945 ft: 10305 corp: 1364 exec/s: 88 oom/timeout/crash: 0/0/0 time: 8556s job: 903 dft_time: 0
#18115173: cov: 2945 ft: 10617 corp: 1365 exec/s: 71 oom/timeout/crash: 0/0/0 time: 8567s job: 904 dft_time: 0
#18135206: cov: 2945 ft: 10617 corp: 1365 exec/s: 66 oom/timeout/crash: 0/0/0 time: 8577s job: 905 dft_time: 0
#18155599: cov: 2945 ft: 10617 corp: 1365 exec/s: 67 oom/timeout/crash: 0/0/0 time: 8589s job: 906 dft_time: 0
#18180016: cov: 2945 ft: 10617 corp: 1365 exec/s: 81 oom/timeout/crash: 0/0/0 time: 8601s job: 907 dft_time: 0
#18207494: cov: 2945 ft: 10617 corp: 1365 exec/s: 91 oom/timeout/crash: 0/0/0 time: 8611s job: 908 dft_time: 0
#18234070: cov: 2945 ft: 10619 corp: 1366 exec/s: 88 oom/timeout/crash: 0/0/0 time: 8621s job: 909 dft_time: 0
#18256263: cov: 2945 ft: 10619 corp: 1366 exec/s: 73 oom/timeout/crash: 0/0/0 time: 8633s job: 910 dft_time: 0
#18276303: cov: 2945 ft: 10619 corp: 1366 exec/s: 66 oom/timeout/crash: 0/0/0 time: 8644s job: 911 dft_time: 0
#18300455: cov: 2945 ft: 10625 corp: 1369 exec/s: 80 oom/timeout/crash: 0/0/0 time: 8655s job: 912 dft_time: 0
#18326723: cov: 2945 ft: 10625 corp: 1369 exec/s: 87 oom/timeout/crash: 0/0/0 time: 8666s job: 913 dft_time: 0
#18353467: cov: 2945 ft: 10625 corp: 1369 exec/s: 88 oom/timeout/crash: 0/0/0 time: 8677s job: 914 dft_time: 0
#18377272: cov: 2945 ft: 10627 corp: 1371 exec/s: 79 oom/timeout/crash: 0/0/0 time: 8688s job: 915 dft_time: 0
#18403083: cov: 2945 ft: 10627 corp: 1371 exec/s: 85 oom/timeout/crash: 0/0/0 time: 8699s job: 916 dft_time: 0
#18423504: cov: 2945 ft: 10627 corp: 1371 exec/s: 67 oom/timeout/crash: 0/0/0 time: 8710s job: 917 dft_time: 0
#18445458: cov: 2945 ft: 10627 corp: 1371 exec/s: 72 oom/timeout/crash: 0/0/0 time: 8722s job: 918 dft_time: 0
#18469448: cov: 2945 ft: 10627 corp: 1371 exec/s: 79 oom/timeout/crash: 0/0/0 time: 8734s job: 919 dft_time: 0
#18489769: cov: 2945 ft: 10627 corp: 1371 exec/s: 67 oom/timeout/crash: 0/0/0 time: 8746s job: 920 dft_time: 0
#18515949: cov: 2945 ft: 10627 corp: 1371 exec/s: 86 oom/timeout/crash: 0/0/0 time: 8759s job: 921 dft_time: 0
#18539873: cov: 2945 ft: 10629 corp: 1372 exec/s: 79 oom/timeout/crash: 0/0/0 time: 8769s job: 922 dft_time: 0
#18566470: cov: 2945 ft: 10629 corp: 1372 exec/s: 88 oom/timeout/crash: 0/0/0 time: 8780s job: 923 dft_time: 0
#18591777: cov: 2945 ft: 10629 corp: 1372 exec/s: 84 oom/timeout/crash: 0/0/0 time: 8791s job: 924 dft_time: 0
#18618822: cov: 2945 ft: 10629 corp: 1372 exec/s: 89 oom/timeout/crash: 0/0/0 time: 8802s job: 925 dft_time: 0
#18646001: cov: 2945 ft: 10629 corp: 1372 exec/s: 90 oom/timeout/crash: 0/0/0 time: 8813s job: 926 dft_time: 0
#18670121: cov: 2945 ft: 10629 corp: 1372 exec/s: 80 oom/timeout/crash: 0/0/0 time: 8824s job: 927 dft_time: 0
#18696831: cov: 2945 ft: 10629 corp: 1372 exec/s: 88 oom/timeout/crash: 0/0/0 time: 8835s job: 928 dft_time: 0
#18721006: cov: 2945 ft: 10629 corp: 1372 exec/s: 80 oom/timeout/crash: 0/0/0 time: 8846s job: 929 dft_time: 0
#18748172: cov: 2945 ft: 10629 corp: 1372 exec/s: 90 oom/timeout/crash: 0/0/0 time: 8857s job: 930 dft_time: 0
#18768098: cov: 2945 ft: 10629 corp: 1372 exec/s: 66 oom/timeout/crash: 0/0/0 time: 8868s job: 931 dft_time: 0
#18788917: cov: 2945 ft: 10629 corp: 1372 exec/s: 69 oom/timeout/crash: 0/0/0 time: 8879s job: 932 dft_time: 0
#18816224: cov: 2945 ft: 10629 corp: 1372 exec/s: 90 oom/timeout/crash: 0/0/0 time: 8891s job: 933 dft_time: 0
#18839875: cov: 2945 ft: 10633 corp: 1374 exec/s: 78 oom/timeout/crash: 0/0/0 time: 8902s job: 934 dft_time: 0
#18863488: cov: 2945 ft: 10635 corp: 1375 exec/s: 78 oom/timeout/crash: 0/0/0 time: 8912s job: 935 dft_time: 0
#18882970: cov: 2945 ft: 10635 corp: 1375 exec/s: 64 oom/timeout/crash: 0/0/0 time: 8923s job: 936 dft_time: 0
#18902805: cov: 2945 ft: 10635 corp: 1375 exec/s: 65 oom/timeout/crash: 0/0/0 time: 8934s job: 937 dft_time: 0
#18923728: cov: 2945 ft: 10635 corp: 1375 exec/s: 69 oom/timeout/crash: 0/0/0 time: 8945s job: 938 dft_time: 0
#18951194: cov: 2945 ft: 10652 corp: 1376 exec/s: 91 oom/timeout/crash: 0/0/0 time: 8956s job: 939 dft_time: 0
#18972418: cov: 2945 ft: 10653 corp: 1377 exec/s: 70 oom/timeout/crash: 0/0/0 time: 8967s job: 940 dft_time: 0
#19000118: cov: 2945 ft: 10653 corp: 1377 exec/s: 92 oom/timeout/crash: 0/0/0 time: 8978s job: 941 dft_time: 0
#19027266: cov: 2945 ft: 10653 corp: 1377 exec/s: 90 oom/timeout/crash: 0/0/0 time: 8989s job: 942 dft_time: 0
#19047028: cov: 2946 ft: 10656 corp: 1380 exec/s: 65 oom/timeout/crash: 0/0/0 time: 9000s job: 943 dft_time: 0
#19072019: cov: 2946 ft: 10656 corp: 1380 exec/s: 83 oom/timeout/crash: 0/0/0 time: 9011s job: 944 dft_time: 0
#19091838: cov: 2946 ft: 10657 corp: 1381 exec/s: 65 oom/timeout/crash: 0/0/0 time: 9023s job: 945 dft_time: 0
#19117831: cov: 2946 ft: 10657 corp: 1381 exec/s: 86 oom/timeout/crash: 0/0/0 time: 9035s job: 946 dft_time: 0
#19138414: cov: 2946 ft: 10662 corp: 1382 exec/s: 68 oom/timeout/crash: 0/0/0 time: 9047s job: 947 dft_time: 0
#19166304: cov: 2946 ft: 10662 corp: 1382 exec/s: 92 oom/timeout/crash: 0/0/0 time: 9060s job: 948 dft_time: 0
#19186310: cov: 2946 ft: 10662 corp: 1382 exec/s: 66 oom/timeout/crash: 0/0/0 time: 9070s job: 949 dft_time: 0
#19213397: cov: 2946 ft: 10662 corp: 1382 exec/s: 89 oom/timeout/crash: 0/0/0 time: 9081s job: 950 dft_time: 0
#19240663: cov: 2946 ft: 10662 corp: 1382 exec/s: 90 oom/timeout/crash: 0/0/0 time: 9092s job: 951 dft_time: 0
#19267799: cov: 2946 ft: 10662 corp: 1382 exec/s: 90 oom/timeout/crash: 0/0/0 time: 9103s job: 952 dft_time: 0
#19290297: cov: 2946 ft: 10662 corp: 1382 exec/s: 74 oom/timeout/crash: 0/0/0 time: 9114s job: 953 dft_time: 0
#19316470: cov: 2946 ft: 10662 corp: 1382 exec/s: 86 oom/timeout/crash: 0/0/0 time: 9125s job: 954 dft_time: 0
#19341430: cov: 2946 ft: 10662 corp: 1382 exec/s: 82 oom/timeout/crash: 0/0/0 time: 9136s job: 955 dft_time: 0
#19361966: cov: 2946 ft: 10665 corp: 1383 exec/s: 68 oom/timeout/crash: 0/0/0 time: 9147s job: 956 dft_time: 0
#19385085: cov: 2946 ft: 10665 corp: 1383 exec/s: 76 oom/timeout/crash: 0/0/0 time: 9158s job: 957 dft_time: 0
#19408709: cov: 2946 ft: 10665 corp: 1383 exec/s: 78 oom/timeout/crash: 0/0/0 time: 9169s job: 958 dft_time: 0
#19430691: cov: 2946 ft: 10665 corp: 1383 exec/s: 73 oom/timeout/crash: 0/0/0 time: 9180s job: 959 dft_time: 0
#19457679: cov: 2946 ft: 10665 corp: 1383 exec/s: 89 oom/timeout/crash: 0/0/0 time: 9192s job: 960 dft_time: 0
#19477119: cov: 2946 ft: 10665 corp: 1383 exec/s: 64 oom/timeout/crash: 0/0/0 time: 9203s job: 961 dft_time: 0
#19504375: cov: 2946 ft: 10665 corp: 1383 exec/s: 90 oom/timeout/crash: 0/0/0 time: 9213s job: 962 dft_time: 0
#19524363: cov: 2946 ft: 10675 corp: 1384 exec/s: 66 oom/timeout/crash: 0/0/0 time: 9224s job: 963 dft_time: 0
#19544360: cov: 2946 ft: 10675 corp: 1384 exec/s: 66 oom/timeout/crash: 0/0/0 time: 9235s job: 964 dft_time: 0
#19571387: cov: 2946 ft: 10675 corp: 1384 exec/s: 89 oom/timeout/crash: 0/0/0 time: 9246s job: 965 dft_time: 0
#19597601: cov: 2946 ft: 10682 corp: 1387 exec/s: 87 oom/timeout/crash: 0/0/0 time: 9257s job: 966 dft_time: 0
#19618559: cov: 2946 ft: 10682 corp: 1387 exec/s: 69 oom/timeout/crash: 0/0/0 time: 9268s job: 967 dft_time: 0
#19642112: cov: 2946 ft: 10682 corp: 1387 exec/s: 78 oom/timeout/crash: 0/0/0 time: 9279s job: 968 dft_time: 0
#19669048: cov: 2946 ft: 10682 corp: 1387 exec/s: 89 oom/timeout/crash: 0/0/0 time: 9290s job: 969 dft_time: 0
#19692895: cov: 2946 ft: 10682 corp: 1387 exec/s: 79 oom/timeout/crash: 0/0/0 time: 9301s job: 970 dft_time: 0
#19719209: cov: 2949 ft: 10689 corp: 1388 exec/s: 87 oom/timeout/crash: 0/0/0 time: 9312s job: 971 dft_time: 0
#19744685: cov: 2949 ft: 10689 corp: 1388 exec/s: 84 oom/timeout/crash: 0/0/0 time: 9324s job: 972 dft_time: 0
#19764662: cov: 2949 ft: 10689 corp: 1388 exec/s: 66 oom/timeout/crash: 0/0/0 time: 9336s job: 973 dft_time: 0
#19787761: cov: 2949 ft: 10689 corp: 1388 exec/s: 76 oom/timeout/crash: 0/0/0 time: 9348s job: 974 dft_time: 0
#19808445: cov: 2949 ft: 10689 corp: 1388 exec/s: 68 oom/timeout/crash: 0/0/0 time: 9361s job: 975 dft_time: 0
#19832544: cov: 2949 ft: 10689 corp: 1388 exec/s: 80 oom/timeout/crash: 0/0/0 time: 9371s job: 976 dft_time: 0
#19857977: cov: 2949 ft: 10689 corp: 1388 exec/s: 84 oom/timeout/crash: 0/0/0 time: 9382s job: 977 dft_time: 0
#19884220: cov: 2949 ft: 10689 corp: 1388 exec/s: 87 oom/timeout/crash: 0/0/0 time: 9393s job: 978 dft_time: 0
#19909905: cov: 2949 ft: 10689 corp: 1388 exec/s: 85 oom/timeout/crash: 0/0/0 time: 9404s job: 979 dft_time: 0
#19929622: cov: 2949 ft: 10689 corp: 1388 exec/s: 65 oom/timeout/crash: 0/0/0 time: 9415s job: 980 dft_time: 0
#19955929: cov: 2949 ft: 10689 corp: 1388 exec/s: 87 oom/timeout/crash: 0/0/0 time: 9427s job: 981 dft_time: 0
#19982052: cov: 2949 ft: 10689 corp: 1388 exec/s: 86 oom/timeout/crash: 0/0/0 time: 9437s job: 982 dft_time: 0
#20009161: cov: 2949 ft: 10689 corp: 1388 exec/s: 90 oom/timeout/crash: 0/0/0 time: 9448s job: 983 dft_time: 0
#20029411: cov: 2949 ft: 10689 corp: 1388 exec/s: 67 oom/timeout/crash: 0/0/0 time: 9459s job: 984 dft_time: 0
#20049873: cov: 2949 ft: 10689 corp: 1388 exec/s: 67 oom/timeout/crash: 0/0/0 time: 9470s job: 985 dft_time: 0
#20073617: cov: 2949 ft: 10690 corp: 1389 exec/s: 78 oom/timeout/crash: 0/0/0 time: 9481s job: 986 dft_time: 0
#20095203: cov: 2949 ft: 10690 corp: 1389 exec/s: 71 oom/timeout/crash: 0/0/0 time: 9493s job: 987 dft_time: 0
#20122378: cov: 2949 ft: 10690 corp: 1389 exec/s: 90 oom/timeout/crash: 0/0/0 time: 9504s job: 988 dft_time: 0
#20149582: cov: 2949 ft: 10690 corp: 1389 exec/s: 90 oom/timeout/crash: 0/0/0 time: 9515s job: 989 dft_time: 0
#20172159: cov: 2949 ft: 10690 corp: 1389 exec/s: 75 oom/timeout/crash: 0/0/0 time: 9525s job: 990 dft_time: 0
#20193301: cov: 2949 ft: 10690 corp: 1389 exec/s: 70 oom/timeout/crash: 0/0/0 time: 9537s job: 991 dft_time: 0
#20219758: cov: 2949 ft: 10690 corp: 1389 exec/s: 87 oom/timeout/crash: 0/0/0 time: 9548s job: 992 dft_time: 0
#20241500: cov: 2949 ft: 10690 corp: 1389 exec/s: 72 oom/timeout/crash: 0/0/0 time: 9558s job: 993 dft_time: 0
#20260920: cov: 2949 ft: 10690 corp: 1389 exec/s: 64 oom/timeout/crash: 0/0/0 time: 9569s job: 994 dft_time: 0
#20288686: cov: 2949 ft: 10693 corp: 1391 exec/s: 92 oom/timeout/crash: 0/0/0 time: 9580s job: 995 dft_time: 0
#20313234: cov: 2949 ft: 10693 corp: 1391 exec/s: 81 oom/timeout/crash: 0/0/0 time: 9591s job: 996 dft_time: 0
#20335854: cov: 2949 ft: 10693 corp: 1391 exec/s: 75 oom/timeout/crash: 0/0/0 time: 9602s job: 997 dft_time: 0
#20357108: cov: 2949 ft: 10693 corp: 1391 exec/s: 70 oom/timeout/crash: 0/0/0 time: 9613s job: 998 dft_time: 0
#20381994: cov: 2949 ft: 10696 corp: 1392 exec/s: 82 oom/timeout/crash: 0/0/0 time: 9625s job: 999 dft_time: 0
#20402227: cov: 2949 ft: 10696 corp: 1392 exec/s: 67 oom/timeout/crash: 0/0/0 time: 9637s job: 1000 dft_time: 0
#20427469: cov: 2949 ft: 10696 corp: 1392 exec/s: 83 oom/timeout/crash: 0/0/0 time: 9650s job: 1001 dft_time: 0
#20454308: cov: 2949 ft: 10697 corp: 1393 exec/s: 89 oom/timeout/crash: 0/0/0 time: 9662s job: 1002 dft_time: 0
#20480011: cov: 2949 ft: 10699 corp: 1394 exec/s: 85 oom/timeout/crash: 0/0/0 time: 9672s job: 1003 dft_time: 0
#20508363: cov: 2949 ft: 10699 corp: 1394 exec/s: 94 oom/timeout/crash: 0/0/0 time: 9684s job: 1004 dft_time: 0
#20535438: cov: 2949 ft: 10699 corp: 1394 exec/s: 89 oom/timeout/crash: 0/0/0 time: 9694s job: 1005 dft_time: 0
#20562655: cov: 2949 ft: 10703 corp: 1396 exec/s: 90 oom/timeout/crash: 0/0/0 time: 9705s job: 1006 dft_time: 0
#20582127: cov: 2949 ft: 10703 corp: 1396 exec/s: 64 oom/timeout/crash: 0/0/0 time: 9716s job: 1007 dft_time: 0
#20609618: cov: 2949 ft: 10703 corp: 1396 exec/s: 91 oom/timeout/crash: 0/0/0 time: 9728s job: 1008 dft_time: 0
#20630782: cov: 2949 ft: 10703 corp: 1396 exec/s: 70 oom/timeout/crash: 0/0/0 time: 9738s job: 1009 dft_time: 0
#20658717: cov: 2949 ft: 10703 corp: 1396 exec/s: 92 oom/timeout/crash: 0/0/0 time: 9749s job: 1010 dft_time: 0
#20685119: cov: 2949 ft: 10703 corp: 1396 exec/s: 87 oom/timeout/crash: 0/0/0 time: 9760s job: 1011 dft_time: 0
#20707936: cov: 2949 ft: 10705 corp: 1397 exec/s: 75 oom/timeout/crash: 0/0/0 time: 9771s job: 1012 dft_time: 0
#20732203: cov: 2949 ft: 10705 corp: 1397 exec/s: 80 oom/timeout/crash: 0/0/0 time: 9782s job: 1013 dft_time: 0
#20751628: cov: 2949 ft: 10705 corp: 1397 exec/s: 64 oom/timeout/crash: 0/0/0 time: 9794s job: 1014 dft_time: 0
#20771443: cov: 2949 ft: 10705 corp: 1397 exec/s: 65 oom/timeout/crash: 0/0/0 time: 9805s job: 1015 dft_time: 0
#20792355: cov: 2949 ft: 10705 corp: 1397 exec/s: 69 oom/timeout/crash: 0/0/0 time: 9816s job: 1016 dft_time: 0
#20811779: cov: 2949 ft: 10705 corp: 1397 exec/s: 64 oom/timeout/crash: 0/0/0 time: 9826s job: 1017 dft_time: 0
#20832427: cov: 2949 ft: 10705 corp: 1397 exec/s: 68 oom/timeout/crash: 0/0/0 time: 9838s job: 1018 dft_time: 0
#20859749: cov: 2949 ft: 10705 corp: 1397 exec/s: 90 oom/timeout/crash: 0/0/0 time: 9849s job: 1019 dft_time: 0
#20883253: cov: 2949 ft: 10705 corp: 1397 exec/s: 78 oom/timeout/crash: 0/0/0 time: 9859s job: 1020 dft_time: 0
#20908189: cov: 2949 ft: 10705 corp: 1397 exec/s: 82 oom/timeout/crash: 0/0/0 time: 9870s job: 1021 dft_time: 0
#20932233: cov: 2949 ft: 10705 corp: 1397 exec/s: 79 oom/timeout/crash: 0/0/0 time: 9881s job: 1022 dft_time: 0
#20951741: cov: 2949 ft: 10705 corp: 1397 exec/s: 64 oom/timeout/crash: 0/0/0 time: 9893s job: 1023 dft_time: 0
#20979185: cov: 2949 ft: 10705 corp: 1397 exec/s: 91 oom/timeout/crash: 0/0/0 time: 9903s job: 1024 dft_time: 0
#21001832: cov: 2949 ft: 10705 corp: 1397 exec/s: 75 oom/timeout/crash: 0/0/0 time: 9914s job: 1025 dft_time: 0
#21025595: cov: 2949 ft: 10705 corp: 1397 exec/s: 78 oom/timeout/crash: 0/0/0 time: 9926s job: 1026 dft_time: 0
#21053139: cov: 2949 ft: 10705 corp: 1397 exec/s: 91 oom/timeout/crash: 0/0/0 time: 9939s job: 1027 dft_time: 0
#21074405: cov: 2949 ft: 10705 corp: 1397 exec/s: 70 oom/timeout/crash: 0/0/0 time: 9951s job: 1028 dft_time: 0
#21101239: cov: 2949 ft: 10705 corp: 1397 exec/s: 89 oom/timeout/crash: 0/0/0 time: 9963s job: 1029 dft_time: 0
#21128451: cov: 2949 ft: 10705 corp: 1397 exec/s: 90 oom/timeout/crash: 0/0/0 time: 9973s job: 1030 dft_time: 0
#21156348: cov: 2949 ft: 10705 corp: 1397 exec/s: 92 oom/timeout/crash: 0/0/0 time: 9985s job: 1031 dft_time: 0
#21183639: cov: 2949 ft: 10705 corp: 1397 exec/s: 90 oom/timeout/crash: 0/0/0 time: 9996s job: 1032 dft_time: 0
#21207183: cov: 2949 ft: 10717 corp: 1399 exec/s: 78 oom/timeout/crash: 0/0/0 time: 10006s job: 1033 dft_time: 0
#21229231: cov: 2949 ft: 10717 corp: 1399 exec/s: 73 oom/timeout/crash: 0/0/0 time: 10018s job: 1034 dft_time: 0
#21249711: cov: 2949 ft: 10717 corp: 1399 exec/s: 68 oom/timeout/crash: 0/0/0 time: 10029s job: 1035 dft_time: 0
#21271179: cov: 2949 ft: 10717 corp: 1399 exec/s: 71 oom/timeout/crash: 0/0/0 time: 10039s job: 1036 dft_time: 0
#21291511: cov: 2949 ft: 10717 corp: 1399 exec/s: 67 oom/timeout/crash: 0/0/0 time: 10051s job: 1037 dft_time: 0
#21311734: cov: 2949 ft: 10717 corp: 1399 exec/s: 67 oom/timeout/crash: 0/0/0 time: 10061s job: 1038 dft_time: 0
#21339077: cov: 2949 ft: 10717 corp: 1399 exec/s: 90 oom/timeout/crash: 0/0/0 time: 10072s job: 1039 dft_time: 0
#21364529: cov: 2949 ft: 10717 corp: 1399 exec/s: 84 oom/timeout/crash: 0/0/0 time: 10083s job: 1040 dft_time: 0
#21390388: cov: 2949 ft: 10717 corp: 1399 exec/s: 85 oom/timeout/crash: 0/0/0 time: 10095s job: 1041 dft_time: 0
#21410230: cov: 2949 ft: 10717 corp: 1399 exec/s: 65 oom/timeout/crash: 0/0/0 time: 10107s job: 1042 dft_time: 0
#21431051: cov: 2949 ft: 10717 corp: 1399 exec/s: 69 oom/timeout/crash: 0/0/0 time: 10117s job: 1043 dft_time: 0
#21450911: cov: 2949 ft: 10717 corp: 1399 exec/s: 65 oom/timeout/crash: 0/0/0 time: 10127s job: 1044 dft_time: 0
#21477797: cov: 2949 ft: 10717 corp: 1399 exec/s: 89 oom/timeout/crash: 0/0/0 time: 10139s job: 1045 dft_time: 0
#21504866: cov: 2949 ft: 10717 corp: 1399 exec/s: 89 oom/timeout/crash: 0/0/0 time: 10150s job: 1046 dft_time: 0
#21530151: cov: 2949 ft: 10717 corp: 1399 exec/s: 84 oom/timeout/crash: 0/0/0 time: 10160s job: 1047 dft_time: 0
#21550357: cov: 2949 ft: 10717 corp: 1399 exec/s: 67 oom/timeout/crash: 0/0/0 time: 10172s job: 1048 dft_time: 0
#21577610: cov: 2949 ft: 10717 corp: 1399 exec/s: 90 oom/timeout/crash: 0/0/0 time: 10182s job: 1049 dft_time: 0
#21605086: cov: 2949 ft: 10717 corp: 1399 exec/s: 91 oom/timeout/crash: 0/0/0 time: 10194s job: 1050 dft_time: 0
#21627784: cov: 2949 ft: 10717 corp: 1399 exec/s: 75 oom/timeout/crash: 0/0/0 time: 10204s job: 1051 dft_time: 0
#21648594: cov: 2949 ft: 10717 corp: 1399 exec/s: 69 oom/timeout/crash: 0/0/0 time: 10216s job: 1052 dft_time: 0
#21676429: cov: 2949 ft: 10717 corp: 1399 exec/s: 92 oom/timeout/crash: 0/0/0 time: 10227s job: 1053 dft_time: 0
#21697707: cov: 2949 ft: 10717 corp: 1399 exec/s: 70 oom/timeout/crash: 0/0/0 time: 10240s job: 1054 dft_time: 0
#21724926: cov: 2949 ft: 10717 corp: 1399 exec/s: 90 oom/timeout/crash: 0/0/0 time: 10252s job: 1055 dft_time: 0
#21751617: cov: 2949 ft: 10717 corp: 1399 exec/s: 88 oom/timeout/crash: 0/0/0 time: 10264s job: 1056 dft_time: 0
#21778996: cov: 2949 ft: 10717 corp: 1399 exec/s: 90 oom/timeout/crash: 0/0/0 time: 10274s job: 1057 dft_time: 0
#21803194: cov: 2949 ft: 10717 corp: 1399 exec/s: 80 oom/timeout/crash: 0/0/0 time: 10286s job: 1058 dft_time: 0
#21822884: cov: 2949 ft: 10717 corp: 1399 exec/s: 65 oom/timeout/crash: 0/0/0 time: 10297s job: 1059 dft_time: 0
#21846051: cov: 2949 ft: 10717 corp: 1399 exec/s: 76 oom/timeout/crash: 0/0/0 time: 10307s job: 1060 dft_time: 0
#21871904: cov: 2949 ft: 10720 corp: 1400 exec/s: 85 oom/timeout/crash: 0/0/0 time: 10319s job: 1061 dft_time: 0
#21893079: cov: 2949 ft: 10720 corp: 1400 exec/s: 70 oom/timeout/crash: 0/0/0 time: 10330s job: 1062 dft_time: 0
#21916664: cov: 2949 ft: 10720 corp: 1400 exec/s: 78 oom/timeout/crash: 0/0/0 time: 10340s job: 1063 dft_time: 0
#21942409: cov: 2949 ft: 10720 corp: 1400 exec/s: 85 oom/timeout/crash: 0/0/0 time: 10352s job: 1064 dft_time: 0
#21964030: cov: 2949 ft: 10725 corp: 1401 exec/s: 71 oom/timeout/crash: 0/0/0 time: 10362s job: 1065 dft_time: 0
#21989470: cov: 2949 ft: 10725 corp: 1401 exec/s: 84 oom/timeout/crash: 0/0/0 time: 10374s job: 1066 dft_time: 0
#22010172: cov: 2949 ft: 10725 corp: 1401 exec/s: 68 oom/timeout/crash: 0/0/0 time: 10384s job: 1067 dft_time: 0
#22037359: cov: 2949 ft: 10725 corp: 1401 exec/s: 90 oom/timeout/crash: 0/0/0 time: 10396s job: 1068 dft_time: 0
#22057197: cov: 2949 ft: 10725 corp: 1401 exec/s: 65 oom/timeout/crash: 0/0/0 time: 10408s job: 1069 dft_time: 0
#22077264: cov: 2949 ft: 10725 corp: 1401 exec/s: 66 oom/timeout/crash: 0/0/0 time: 10418s job: 1070 dft_time: 0
#22100180: cov: 2949 ft: 10725 corp: 1401 exec/s: 76 oom/timeout/crash: 0/0/0 time: 10428s job: 1071 dft_time: 0
#22127617: cov: 2949 ft: 10725 corp: 1401 exec/s: 91 oom/timeout/crash: 0/0/0 time: 10440s job: 1072 dft_time: 0
#22153152: cov: 2949 ft: 10725 corp: 1401 exec/s: 84 oom/timeout/crash: 0/0/0 time: 10451s job: 1073 dft_time: 0
#22175441: cov: 2949 ft: 10725 corp: 1401 exec/s: 74 oom/timeout/crash: 0/0/0 time: 10462s job: 1074 dft_time: 0
#22202529: cov: 2949 ft: 10725 corp: 1401 exec/s: 89 oom/timeout/crash: 0/0/0 time: 10473s job: 1075 dft_time: 0
#22223705: cov: 2949 ft: 10734 corp: 1403 exec/s: 70 oom/timeout/crash: 0/0/0 time: 10484s job: 1076 dft_time: 0
#22251707: cov: 2949 ft: 10734 corp: 1403 exec/s: 93 oom/timeout/crash: 0/0/0 time: 10495s job: 1077 dft_time: 0
#22271605: cov: 2949 ft: 10742 corp: 1404 exec/s: 66 oom/timeout/crash: 0/0/0 time: 10505s job: 1078 dft_time: 0
#22293891: cov: 2949 ft: 10742 corp: 1404 exec/s: 74 oom/timeout/crash: 0/0/0 time: 10517s job: 1079 dft_time: 0
#22315780: cov: 2949 ft: 10742 corp: 1404 exec/s: 72 oom/timeout/crash: 0/0/0 time: 10529s job: 1080 dft_time: 0
#22342595: cov: 2949 ft: 10742 corp: 1404 exec/s: 89 oom/timeout/crash: 0/0/0 time: 10541s job: 1081 dft_time: 0
#22368782: cov: 2949 ft: 10742 corp: 1404 exec/s: 87 oom/timeout/crash: 0/0/0 time: 10553s job: 1082 dft_time: 0
#22388251: cov: 2949 ft: 10742 corp: 1404 exec/s: 64 oom/timeout/crash: 0/0/0 time: 10566s job: 1083 dft_time: 0
#22409583: cov: 2949 ft: 10742 corp: 1404 exec/s: 70 oom/timeout/crash: 0/0/0 time: 10575s job: 1084 dft_time: 0
#22436700: cov: 2949 ft: 10743 corp: 1405 exec/s: 90 oom/timeout/crash: 0/0/0 time: 10587s job: 1085 dft_time: 0
#22458037: cov: 2949 ft: 10743 corp: 1405 exec/s: 70 oom/timeout/crash: 0/0/0 time: 10598s job: 1086 dft_time: 0
#22479714: cov: 2949 ft: 10743 corp: 1405 exec/s: 72 oom/timeout/crash: 0/0/0 time: 10609s job: 1087 dft_time: 0
#22507666: cov: 2949 ft: 10744 corp: 1406 exec/s: 92 oom/timeout/crash: 0/0/0 time: 10620s job: 1088 dft_time: 0
#22530415: cov: 2949 ft: 10744 corp: 1406 exec/s: 75 oom/timeout/crash: 0/0/0 time: 10631s job: 1089 dft_time: 0
#22554357: cov: 2949 ft: 10744 corp: 1406 exec/s: 79 oom/timeout/crash: 0/0/0 time: 10641s job: 1090 dft_time: 0
#22577415: cov: 2949 ft: 10744 corp: 1406 exec/s: 76 oom/timeout/crash: 0/0/0 time: 10653s job: 1091 dft_time: 0
#22601908: cov: 2949 ft: 10744 corp: 1406 exec/s: 81 oom/timeout/crash: 0/0/0 time: 10663s job: 1092 dft_time: 0
#22624083: cov: 2949 ft: 10744 corp: 1406 exec/s: 73 oom/timeout/crash: 0/0/0 time: 10675s job: 1093 dft_time: 0
#22648173: cov: 2949 ft: 10744 corp: 1406 exec/s: 80 oom/timeout/crash: 0/0/0 time: 10686s job: 1094 dft_time: 0
#22675341: cov: 2949 ft: 10744 corp: 1406 exec/s: 90 oom/timeout/crash: 0/0/0 time: 10697s job: 1095 dft_time: 0
#22695754: cov: 2949 ft: 10744 corp: 1406 exec/s: 67 oom/timeout/crash: 0/0/0 time: 10709s job: 1096 dft_time: 0
#22723354: cov: 2949 ft: 10744 corp: 1406 exec/s: 91 oom/timeout/crash: 0/0/0 time: 10719s job: 1097 dft_time: 0
#22749963: cov: 2949 ft: 10744 corp: 1406 exec/s: 88 oom/timeout/crash: 0/0/0 time: 10730s job: 1098 dft_time: 0
#22776826: cov: 2949 ft: 10744 corp: 1406 exec/s: 89 oom/timeout/crash: 0/0/0 time: 10741s job: 1099 dft_time: 0
#22797734: cov: 2949 ft: 10744 corp: 1406 exec/s: 69 oom/timeout/crash: 0/0/0 time: 10752s job: 1100 dft_time: 0
#22820913: cov: 2949 ft: 10745 corp: 1407 exec/s: 77 oom/timeout/crash: 0/0/0 time: 10763s job: 1101 dft_time: 0
#22846207: cov: 2949 ft: 10745 corp: 1407 exec/s: 84 oom/timeout/crash: 0/0/0 time: 10774s job: 1102 dft_time: 0
#22869821: cov: 2949 ft: 10745 corp: 1407 exec/s: 78 oom/timeout/crash: 0/0/0 time: 10785s job: 1103 dft_time: 0
#22892926: cov: 2949 ft: 10745 corp: 1407 exec/s: 76 oom/timeout/crash: 0/0/0 time: 10796s job: 1104 dft_time: 0
#22919842: cov: 2949 ft: 10745 corp: 1407 exec/s: 89 oom/timeout/crash: 0/0/0 time: 10806s job: 1105 dft_time: 0
#22946909: cov: 2949 ft: 10745 corp: 1407 exec/s: 89 oom/timeout/crash: 0/0/0 time: 10818s job: 1106 dft_time: 0
#22971588: cov: 2949 ft: 10746 corp: 1408 exec/s: 81 oom/timeout/crash: 0/0/0 time: 10830s job: 1107 dft_time: 0
#22994418: cov: 2949 ft: 10746 corp: 1408 exec/s: 75 oom/timeout/crash: 0/0/0 time: 10842s job: 1108 dft_time: 0
#23014520: cov: 2949 ft: 10746 corp: 1408 exec/s: 66 oom/timeout/crash: 0/0/0 time: 10854s job: 1109 dft_time: 0
#23042058: cov: 2949 ft: 10746 corp: 1408 exec/s: 91 oom/timeout/crash: 0/0/0 time: 10867s job: 1110 dft_time: 0
#23062622: cov: 2949 ft: 10746 corp: 1408 exec/s: 68 oom/timeout/crash: 0/0/0 time: 10877s job: 1111 dft_time: 0
#23088186: cov: 2949 ft: 10749 corp: 1409 exec/s: 84 oom/timeout/crash: 0/0/0 time: 10888s job: 1112 dft_time: 0
#23115383: cov: 2949 ft: 10749 corp: 1409 exec/s: 90 oom/timeout/crash: 0/0/0 time: 10899s job: 1113 dft_time: 0
#23139366: cov: 2949 ft: 10749 corp: 1409 exec/s: 79 oom/timeout/crash: 0/0/0 time: 10910s job: 1114 dft_time: 0
#23161152: cov: 2949 ft: 10749 corp: 1409 exec/s: 72 oom/timeout/crash: 0/0/0 time: 10921s job: 1115 dft_time: 0
#23183176: cov: 2949 ft: 10751 corp: 1410 exec/s: 73 oom/timeout/crash: 0/0/0 time: 10932s job: 1116 dft_time: 0
#23204875: cov: 2949 ft: 10751 corp: 1410 exec/s: 72 oom/timeout/crash: 0/0/0 time: 10943s job: 1117 dft_time: 0
#23225206: cov: 2949 ft: 10751 corp: 1410 exec/s: 67 oom/timeout/crash: 0/0/0 time: 10954s job: 1118 dft_time: 0
#23249905: cov: 2949 ft: 10751 corp: 1410 exec/s: 82 oom/timeout/crash: 0/0/0 time: 10965s job: 1119 dft_time: 0
#23270260: cov: 2949 ft: 10751 corp: 1410 exec/s: 67 oom/timeout/crash: 0/0/0 time: 10976s job: 1120 dft_time: 0
#23297454: cov: 2949 ft: 10752 corp: 1411 exec/s: 90 oom/timeout/crash: 0/0/0 time: 10987s job: 1121 dft_time: 0
#23323239: cov: 2949 ft: 10752 corp: 1411 exec/s: 85 oom/timeout/crash: 0/0/0 time: 10999s job: 1122 dft_time: 0
#23344587: cov: 2949 ft: 10752 corp: 1411 exec/s: 70 oom/timeout/crash: 0/0/0 time: 11010s job: 1123 dft_time: 0
#23371066: cov: 2949 ft: 10752 corp: 1411 exec/s: 87 oom/timeout/crash: 0/0/0 time: 11020s job: 1124 dft_time: 0
#23394658: cov: 2949 ft: 10752 corp: 1411 exec/s: 78 oom/timeout/crash: 0/0/0 time: 11031s job: 1125 dft_time: 0
#23414703: cov: 2949 ft: 10752 corp: 1411 exec/s: 66 oom/timeout/crash: 0/0/0 time: 11042s job: 1126 dft_time: 0
#23435025: cov: 2949 ft: 10752 corp: 1411 exec/s: 67 oom/timeout/crash: 0/0/0 time: 11053s job: 1127 dft_time: 0
#23461849: cov: 2949 ft: 10752 corp: 1411 exec/s: 89 oom/timeout/crash: 0/0/0 time: 11064s job: 1128 dft_time: 0
#23482551: cov: 2949 ft: 10752 corp: 1411 exec/s: 68 oom/timeout/crash: 0/0/0 time: 11075s job: 1129 dft_time: 0
#23507422: cov: 2949 ft: 10752 corp: 1411 exec/s: 82 oom/timeout/crash: 0/0/0 time: 11086s job: 1130 dft_time: 0
#23535019: cov: 2949 ft: 10752 corp: 1411 exec/s: 91 oom/timeout/crash: 0/0/0 time: 11097s job: 1131 dft_time: 0
#23560478: cov: 2949 ft: 10752 corp: 1411 exec/s: 84 oom/timeout/crash: 0/0/0 time: 11108s job: 1132 dft_time: 0
#23580769: cov: 2949 ft: 10753 corp: 1412 exec/s: 67 oom/timeout/crash: 0/0/0 time: 11119s job: 1133 dft_time: 0
#23608561: cov: 2949 ft: 10753 corp: 1412 exec/s: 92 oom/timeout/crash: 0/0/0 time: 11131s job: 1134 dft_time: 0
#23636971: cov: 2949 ft: 10753 corp: 1412 exec/s: 94 oom/timeout/crash: 0/0/0 time: 11143s job: 1135 dft_time: 0
#23664208: cov: 2949 ft: 10753 corp: 1412 exec/s: 90 oom/timeout/crash: 0/0/0 time: 11155s job: 1136 dft_time: 0
#23689429: cov: 2949 ft: 10753 corp: 1412 exec/s: 83 oom/timeout/crash: 0/0/0 time: 11168s job: 1137 dft_time: 0
#23711610: cov: 2949 ft: 10753 corp: 1412 exec/s: 73 oom/timeout/crash: 0/0/0 time: 11178s job: 1138 dft_time: 0
#23733864: cov: 2949 ft: 10753 corp: 1412 exec/s: 73 oom/timeout/crash: 0/0/0 time: 11189s job: 1139 dft_time: 0
#23756997: cov: 2949 ft: 10753 corp: 1412 exec/s: 76 oom/timeout/crash: 0/0/0 time: 11200s job: 1140 dft_time: 0
#23782086: cov: 2949 ft: 10753 corp: 1412 exec/s: 83 oom/timeout/crash: 0/0/0 time: 11211s job: 1141 dft_time: 0
#23801776: cov: 2949 ft: 10753 corp: 1412 exec/s: 65 oom/timeout/crash: 0/0/0 time: 11222s job: 1142 dft_time: 0
#23829121: cov: 2949 ft: 10755 corp: 1413 exec/s: 90 oom/timeout/crash: 0/0/0 time: 11233s job: 1143 dft_time: 0
#23848889: cov: 2949 ft: 10755 corp: 1413 exec/s: 65 oom/timeout/crash: 0/0/0 time: 11244s job: 1144 dft_time: 0
#23876523: cov: 2949 ft: 10755 corp: 1413 exec/s: 91 oom/timeout/crash: 0/0/0 time: 11255s job: 1145 dft_time: 0
#23899673: cov: 2949 ft: 10757 corp: 1415 exec/s: 76 oom/timeout/crash: 0/0/0 time: 11266s job: 1146 dft_time: 0
#23923225: cov: 2949 ft: 10757 corp: 1415 exec/s: 78 oom/timeout/crash: 0/0/0 time: 11277s job: 1147 dft_time: 0
#23951157: cov: 2949 ft: 10759 corp: 1416 exec/s: 92 oom/timeout/crash: 0/0/0 time: 11288s job: 1148 dft_time: 0
#23974085: cov: 2949 ft: 10759 corp: 1416 exec/s: 76 oom/timeout/crash: 0/0/0 time: 11300s job: 1149 dft_time: 0
#23995910: cov: 2949 ft: 10761 corp: 1417 exec/s: 72 oom/timeout/crash: 0/0/0 time: 11311s job: 1150 dft_time: 0
#24016180: cov: 2949 ft: 10761 corp: 1417 exec/s: 67 oom/timeout/crash: 0/0/0 time: 11322s job: 1151 dft_time: 0
#24036011: cov: 2949 ft: 10761 corp: 1417 exec/s: 65 oom/timeout/crash: 0/0/0 time: 11332s job: 1152 dft_time: 0
#24055633: cov: 2949 ft: 10761 corp: 1417 exec/s: 65 oom/timeout/crash: 0/0/0 time: 11344s job: 1153 dft_time: 0
#24074991: cov: 2949 ft: 10761 corp: 1417 exec/s: 64 oom/timeout/crash: 0/0/0 time: 11355s job: 1154 dft_time: 0
#24102926: cov: 2949 ft: 10762 corp: 1418 exec/s: 92 oom/timeout/crash: 0/0/0 time: 11365s job: 1155 dft_time: 0
#24129792: cov: 2949 ft: 10762 corp: 1418 exec/s: 89 oom/timeout/crash: 0/0/0 time: 11376s job: 1156 dft_time: 0
#24157690: cov: 2949 ft: 10762 corp: 1418 exec/s: 92 oom/timeout/crash: 0/0/0 time: 11387s job: 1157 dft_time: 0
#24183263: cov: 2949 ft: 10762 corp: 1418 exec/s: 84 oom/timeout/crash: 0/0/0 time: 11398s job: 1158 dft_time: 0
#24204213: cov: 2949 ft: 10763 corp: 1419 exec/s: 69 oom/timeout/crash: 0/0/0 time: 11409s job: 1159 dft_time: 0
#24231483: cov: 2949 ft: 10763 corp: 1419 exec/s: 90 oom/timeout/crash: 0/0/0 time: 11420s job: 1160 dft_time: 0
#24257495: cov: 2949 ft: 10764 corp: 1420 exec/s: 86 oom/timeout/crash: 0/0/0 time: 11432s job: 1161 dft_time: 0
#24284782: cov: 2949 ft: 10764 corp: 1420 exec/s: 90 oom/timeout/crash: 0/0/0 time: 11444s job: 1162 dft_time: 0
#24308127: cov: 2949 ft: 10764 corp: 1420 exec/s: 77 oom/timeout/crash: 0/0/0 time: 11456s job: 1163 dft_time: 0
#24335038: cov: 2949 ft: 10764 corp: 1420 exec/s: 89 oom/timeout/crash: 0/0/0 time: 11469s job: 1164 dft_time: 0
#24362450: cov: 2950 ft: 10766 corp: 1422 exec/s: 91 oom/timeout/crash: 0/0/0 time: 11479s job: 1165 dft_time: 0
#24389704: cov: 2950 ft: 10766 corp: 1422 exec/s: 90 oom/timeout/crash: 0/0/0 time: 11490s job: 1166 dft_time: 0
#24409145: cov: 2950 ft: 10766 corp: 1422 exec/s: 64 oom/timeout/crash: 0/0/0 time: 11501s job: 1167 dft_time: 0
#24431926: cov: 2950 ft: 10766 corp: 1422 exec/s: 75 oom/timeout/crash: 0/0/0 time: 11512s job: 1168 dft_time: 0
#24451495: cov: 2950 ft: 10766 corp: 1422 exec/s: 65 oom/timeout/crash: 0/0/0 time: 11523s job: 1169 dft_time: 0
#24478581: cov: 2950 ft: 10766 corp: 1422 exec/s: 89 oom/timeout/crash: 0/0/0 time: 11535s job: 1170 dft_time: 0
#24500837: cov: 2950 ft: 10766 corp: 1422 exec/s: 73 oom/timeout/crash: 0/0/0 time: 11545s job: 1171 dft_time: 0
#24528128: cov: 2950 ft: 10768 corp: 1423 exec/s: 90 oom/timeout/crash: 0/0/0 time: 11556s job: 1172 dft_time: 0
#24548390: cov: 2950 ft: 10768 corp: 1423 exec/s: 67 oom/timeout/crash: 0/0/0 time: 11567s job: 1173 dft_time: 0
#24567872: cov: 2950 ft: 10768 corp: 1423 exec/s: 64 oom/timeout/crash: 0/0/0 time: 11578s job: 1174 dft_time: 0
#24594692: cov: 2950 ft: 10769 corp: 1424 exec/s: 89 oom/timeout/crash: 0/0/0 time: 11589s job: 1175 dft_time: 0
#24617309: cov: 2950 ft: 10769 corp: 1424 exec/s: 75 oom/timeout/crash: 0/0/0 time: 11601s job: 1176 dft_time: 0
#24641353: cov: 2950 ft: 10769 corp: 1424 exec/s: 79 oom/timeout/crash: 0/0/0 time: 11612s job: 1177 dft_time: 0
#24660719: cov: 2950 ft: 10769 corp: 1424 exec/s: 64 oom/timeout/crash: 0/0/0 time: 11623s job: 1178 dft_time: 0
#24684967: cov: 2950 ft: 10769 corp: 1424 exec/s: 80 oom/timeout/crash: 0/0/0 time: 11633s job: 1179 dft_time: 0
#24706399: cov: 2950 ft: 10769 corp: 1424 exec/s: 71 oom/timeout/crash: 0/0/0 time: 11645s job: 1180 dft_time: 0
#24727922: cov: 2950 ft: 10769 corp: 1424 exec/s: 71 oom/timeout/crash: 0/0/0 time: 11656s job: 1181 dft_time: 0
#24751762: cov: 2950 ft: 10777 corp: 1427 exec/s: 79 oom/timeout/crash: 0/0/0 time: 11666s job: 1182 dft_time: 0
#24774850: cov: 2950 ft: 10777 corp: 1427 exec/s: 76 oom/timeout/crash: 0/0/0 time: 11677s job: 1183 dft_time: 0
#24802094: cov: 2950 ft: 10777 corp: 1427 exec/s: 90 oom/timeout/crash: 0/0/0 time: 11688s job: 1184 dft_time: 0
#24827739: cov: 2950 ft: 10779 corp: 1428 exec/s: 85 oom/timeout/crash: 0/0/0 time: 11700s job: 1185 dft_time: 0
#24847914: cov: 2950 ft: 10779 corp: 1428 exec/s: 67 oom/timeout/crash: 0/0/0 time: 11710s job: 1186 dft_time: 0
#24867627: cov: 2950 ft: 10779 corp: 1428 exec/s: 65 oom/timeout/crash: 0/0/0 time: 11721s job: 1187 dft_time: 0
#24895462: cov: 2950 ft: 10779 corp: 1428 exec/s: 92 oom/timeout/crash: 0/0/0 time: 11733s job: 1188 dft_time: 0
#24916929: cov: 2950 ft: 10783 corp: 1429 exec/s: 71 oom/timeout/crash: 0/0/0 time: 11745s job: 1189 dft_time: 0
#24939212: cov: 2950 ft: 10783 corp: 1429 exec/s: 74 oom/timeout/crash: 0/0/0 time: 11758s job: 1190 dft_time: 0
#24962792: cov: 2950 ft: 10790 corp: 1431 exec/s: 78 oom/timeout/crash: 0/0/0 time: 11770s job: 1191 dft_time: 0
#24984485: cov: 2950 ft: 10790 corp: 1431 exec/s: 72 oom/timeout/crash: 0/0/0 time: 11780s job: 1192 dft_time: 0
#25009176: cov: 2950 ft: 10790 corp: 1431 exec/s: 82 oom/timeout/crash: 0/0/0 time: 11792s job: 1193 dft_time: 0
#25036193: cov: 2950 ft: 10790 corp: 1431 exec/s: 89 oom/timeout/crash: 0/0/0 time: 11803s job: 1194 dft_time: 0
#25058671: cov: 2950 ft: 10790 corp: 1431 exec/s: 74 oom/timeout/crash: 0/0/0 time: 11813s job: 1195 dft_time: 0
#25083910: cov: 2950 ft: 10790 corp: 1431 exec/s: 83 oom/timeout/crash: 0/0/0 time: 11824s job: 1196 dft_time: 0
#25111432: cov: 2950 ft: 10790 corp: 1431 exec/s: 91 oom/timeout/crash: 0/0/0 time: 11836s job: 1197 dft_time: 0
#25135303: cov: 2950 ft: 10790 corp: 1431 exec/s: 79 oom/timeout/crash: 0/0/0 time: 11846s job: 1198 dft_time: 0
#25159139: cov: 2950 ft: 10790 corp: 1431 exec/s: 79 oom/timeout/crash: 0/0/0 time: 11858s job: 1199 dft_time: 0
#25178867: cov: 2950 ft: 10790 corp: 1431 exec/s: 65 oom/timeout/crash: 0/0/0 time: 11868s job: 1200 dft_time: 0
#25200322: cov: 2950 ft: 10790 corp: 1431 exec/s: 71 oom/timeout/crash: 0/0/0 time: 11879s job: 1201 dft_time: 0
#25226655: cov: 2950 ft: 10790 corp: 1431 exec/s: 87 oom/timeout/crash: 0/0/0 time: 11890s job: 1202 dft_time: 0
#25254244: cov: 2950 ft: 10790 corp: 1431 exec/s: 91 oom/timeout/crash: 0/0/0 time: 11902s job: 1203 dft_time: 0
#25277947: cov: 2950 ft: 10790 corp: 1431 exec/s: 78 oom/timeout/crash: 0/0/0 time: 11914s job: 1204 dft_time: 0
#25305858: cov: 2950 ft: 10790 corp: 1431 exec/s: 92 oom/timeout/crash: 0/0/0 time: 11924s job: 1205 dft_time: 0
#25327265: cov: 2950 ft: 10790 corp: 1431 exec/s: 71 oom/timeout/crash: 0/0/0 time: 11934s job: 1206 dft_time: 0
#25354769: cov: 2950 ft: 10795 corp: 1432 exec/s: 91 oom/timeout/crash: 0/0/0 time: 11946s job: 1207 dft_time: 0
#25376957: cov: 2950 ft: 10795 corp: 1432 exec/s: 73 oom/timeout/crash: 0/0/0 time: 11957s job: 1208 dft_time: 0
#25404249: cov: 2950 ft: 10795 corp: 1432 exec/s: 90 oom/timeout/crash: 0/0/0 time: 11967s job: 1209 dft_time: 0
#25428570: cov: 2950 ft: 10795 corp: 1432 exec/s: 80 oom/timeout/crash: 0/0/0 time: 11978s job: 1210 dft_time: 0
#25455881: cov: 2950 ft: 10795 corp: 1432 exec/s: 90 oom/timeout/crash: 0/0/0 time: 11989s job: 1211 dft_time: 0
#25479401: cov: 2950 ft: 10796 corp: 1433 exec/s: 78 oom/timeout/crash: 0/0/0 time: 12001s job: 1212 dft_time: 0
#25498914: cov: 2950 ft: 10796 corp: 1433 exec/s: 64 oom/timeout/crash: 0/0/0 time: 12011s job: 1213 dft_time: 0
#25519826: cov: 2950 ft: 10796 corp: 1433 exec/s: 69 oom/timeout/crash: 0/0/0 time: 12023s job: 1214 dft_time: 0
#25547980: cov: 2950 ft: 10796 corp: 1433 exec/s: 93 oom/timeout/crash: 0/0/0 time: 12034s job: 1215 dft_time: 0
#25568675: cov: 2950 ft: 10796 corp: 1433 exec/s: 68 oom/timeout/crash: 0/0/0 time: 12046s job: 1216 dft_time: 0
#25588486: cov: 2950 ft: 10796 corp: 1433 exec/s: 65 oom/timeout/crash: 0/0/0 time: 12059s job: 1217 dft_time: 0
#25611287: cov: 2950 ft: 10796 corp: 1433 exec/s: 75 oom/timeout/crash: 0/0/0 time: 12071s job: 1218 dft_time: 0
#25634604: cov: 2950 ft: 10796 corp: 1433 exec/s: 77 oom/timeout/crash: 0/0/0 time: 12081s job: 1219 dft_time: 0
#25656056: cov: 2950 ft: 10796 corp: 1433 exec/s: 71 oom/timeout/crash: 0/0/0 time: 12093s job: 1220 dft_time: 0
#25683496: cov: 2950 ft: 10796 corp: 1433 exec/s: 91 oom/timeout/crash: 0/0/0 time: 12104s job: 1221 dft_time: 0
#25708444: cov: 2950 ft: 10796 corp: 1433 exec/s: 82 oom/timeout/crash: 0/0/0 time: 12114s job: 1222 dft_time: 0
#25736026: cov: 2950 ft: 10797 corp: 1434 exec/s: 91 oom/timeout/crash: 0/0/0 time: 12126s job: 1223 dft_time: 0
#25762921: cov: 2950 ft: 10797 corp: 1434 exec/s: 89 oom/timeout/crash: 0/0/0 time: 12137s job: 1224 dft_time: 0
#25787590: cov: 2950 ft: 10797 corp: 1434 exec/s: 81 oom/timeout/crash: 0/0/0 time: 12147s job: 1225 dft_time: 0
#25807509: cov: 2950 ft: 10797 corp: 1434 exec/s: 66 oom/timeout/crash: 0/0/0 time: 12159s job: 1226 dft_time: 0
#25827675: cov: 2950 ft: 10797 corp: 1434 exec/s: 66 oom/timeout/crash: 0/0/0 time: 12169s job: 1227 dft_time: 0
#25854192: cov: 2950 ft: 10797 corp: 1434 exec/s: 88 oom/timeout/crash: 0/0/0 time: 12181s job: 1228 dft_time: 0
#25879631: cov: 2950 ft: 10797 corp: 1434 exec/s: 84 oom/timeout/crash: 0/0/0 time: 12191s job: 1229 dft_time: 0
#25905550: cov: 2950 ft: 10797 corp: 1434 exec/s: 86 oom/timeout/crash: 0/0/0 time: 12203s job: 1230 dft_time: 0
#25924972: cov: 2950 ft: 10805 corp: 1436 exec/s: 64 oom/timeout/crash: 0/0/0 time: 12215s job: 1231 dft_time: 0
#25951962: cov: 2950 ft: 10805 corp: 1436 exec/s: 89 oom/timeout/crash: 0/0/0 time: 12225s job: 1232 dft_time: 0
#25973618: cov: 2950 ft: 10805 corp: 1436 exec/s: 71 oom/timeout/crash: 0/0/0 time: 12235s job: 1233 dft_time: 0
#25996001: cov: 2950 ft: 10805 corp: 1436 exec/s: 74 oom/timeout/crash: 0/0/0 time: 12247s job: 1234 dft_time: 0
#26015546: cov: 2950 ft: 10805 corp: 1436 exec/s: 64 oom/timeout/crash: 0/0/0 time: 12258s job: 1235 dft_time: 0
#26042685: cov: 2950 ft: 10805 corp: 1436 exec/s: 90 oom/timeout/crash: 0/0/0 time: 12268s job: 1236 dft_time: 0
#26062675: cov: 2950 ft: 10806 corp: 1437 exec/s: 66 oom/timeout/crash: 0/0/0 time: 12280s job: 1237 dft_time: 0
#26090214: cov: 2950 ft: 10806 corp: 1437 exec/s: 91 oom/timeout/crash: 0/0/0 time: 12291s job: 1238 dft_time: 0
#26116735: cov: 2950 ft: 10806 corp: 1437 exec/s: 88 oom/timeout/crash: 0/0/0 time: 12302s job: 1239 dft_time: 0
#26140411: cov: 2950 ft: 10806 corp: 1437 exec/s: 78 oom/timeout/crash: 0/0/0 time: 12312s job: 1240 dft_time: 0
#26160063: cov: 2950 ft: 10806 corp: 1437 exec/s: 65 oom/timeout/crash: 0/0/0 time: 12324s job: 1241 dft_time: 0
#26187454: cov: 2950 ft: 10818 corp: 1439 exec/s: 91 oom/timeout/crash: 0/0/0 time: 12336s job: 1242 dft_time: 0
#26212373: cov: 2950 ft: 10818 corp: 1439 exec/s: 82 oom/timeout/crash: 0/0/0 time: 12348s job: 1243 dft_time: 0
#26234477: cov: 2950 ft: 10818 corp: 1439 exec/s: 73 oom/timeout/crash: 0/0/0 time: 12360s job: 1244 dft_time: 0
#26261780: cov: 2950 ft: 10818 corp: 1439 exec/s: 90 oom/timeout/crash: 0/0/0 time: 12372s job: 1245 dft_time: 0
#26282280: cov: 2950 ft: 10818 corp: 1439 exec/s: 68 oom/timeout/crash: 0/0/0 time: 12383s job: 1246 dft_time: 0
#26304043: cov: 2950 ft: 10818 corp: 1439 exec/s: 72 oom/timeout/crash: 0/0/0 time: 12394s job: 1247 dft_time: 0
#26328152: cov: 2950 ft: 10818 corp: 1439 exec/s: 80 oom/timeout/crash: 0/0/0 time: 12405s job: 1248 dft_time: 0
#26347657: cov: 2950 ft: 10818 corp: 1439 exec/s: 64 oom/timeout/crash: 0/0/0 time: 12415s job: 1249 dft_time: 0
#26375064: cov: 2950 ft: 10820 corp: 1441 exec/s: 91 oom/timeout/crash: 0/0/0 time: 12427s job: 1250 dft_time: 0
#26398761: cov: 2950 ft: 10822 corp: 1442 exec/s: 78 oom/timeout/crash: 0/0/0 time: 12438s job: 1251 dft_time: 0
#26423048: cov: 2950 ft: 10823 corp: 1443 exec/s: 80 oom/timeout/crash: 0/0/0 time: 12448s job: 1252 dft_time: 0
#26450406: cov: 2950 ft: 10825 corp: 1444 exec/s: 90 oom/timeout/crash: 0/0/0 time: 12460s job: 1253 dft_time: 0
#26470647: cov: 2950 ft: 10825 corp: 1444 exec/s: 67 oom/timeout/crash: 0/0/0 time: 12470s job: 1254 dft_time: 0
#26497861: cov: 2950 ft: 10825 corp: 1444 exec/s: 90 oom/timeout/crash: 0/0/0 time: 12482s job: 1255 dft_time: 0
#26524918: cov: 2950 ft: 10825 corp: 1444 exec/s: 89 oom/timeout/crash: 0/0/0 time: 12493s job: 1256 dft_time: 0
#26545198: cov: 2950 ft: 10825 corp: 1444 exec/s: 67 oom/timeout/crash: 0/0/0 time: 12504s job: 1257 dft_time: 0
#26572209: cov: 2950 ft: 10826 corp: 1445 exec/s: 89 oom/timeout/crash: 0/0/0 time: 12516s job: 1258 dft_time: 0
#26594434: cov: 2950 ft: 10826 corp: 1445 exec/s: 73 oom/timeout/crash: 0/0/0 time: 12526s job: 1259 dft_time: 0
#26614182: cov: 2950 ft: 10826 corp: 1445 exec/s: 65 oom/timeout/crash: 0/0/0 time: 12536s job: 1260 dft_time: 0
#26641883: cov: 2950 ft: 10826 corp: 1445 exec/s: 92 oom/timeout/crash: 0/0/0 time: 12548s job: 1261 dft_time: 0
#26667225: cov: 2950 ft: 10826 corp: 1445 exec/s: 84 oom/timeout/crash: 0/0/0 time: 12559s job: 1262 dft_time: 0
#26694829: cov: 2950 ft: 10826 corp: 1445 exec/s: 91 oom/timeout/crash: 0/0/0 time: 12570s job: 1263 dft_time: 0
#26721999: cov: 2950 ft: 10827 corp: 1446 exec/s: 90 oom/timeout/crash: 0/0/0 time: 12581s job: 1264 dft_time: 0
#26749414: cov: 2950 ft: 10827 corp: 1446 exec/s: 91 oom/timeout/crash: 0/0/0 time: 12592s job: 1265 dft_time: 0
#26769613: cov: 2950 ft: 10827 corp: 1446 exec/s: 67 oom/timeout/crash: 0/0/0 time: 12603s job: 1266 dft_time: 0
#26789376: cov: 2950 ft: 10827 corp: 1446 exec/s: 65 oom/timeout/crash: 0/0/0 time: 12613s job: 1267 dft_time: 0
#26813175: cov: 2950 ft: 10827 corp: 1446 exec/s: 79 oom/timeout/crash: 0/0/0 time: 12625s job: 1268 dft_time: 0
#26840331: cov: 2950 ft: 10827 corp: 1446 exec/s: 90 oom/timeout/crash: 0/0/0 time: 12637s job: 1269 dft_time: 0
#26860754: cov: 2950 ft: 10827 corp: 1446 exec/s: 67 oom/timeout/crash: 0/0/0 time: 12649s job: 1270 dft_time: 0
#26881004: cov: 2950 ft: 10829 corp: 1447 exec/s: 67 oom/timeout/crash: 0/0/0 time: 12661s job: 1271 dft_time: 0
#26908734: cov: 2950 ft: 10829 corp: 1447 exec/s: 92 oom/timeout/crash: 0/0/0 time: 12674s job: 1272 dft_time: 0
#26929760: cov: 2950 ft: 10829 corp: 1447 exec/s: 69 oom/timeout/crash: 0/0/0 time: 12684s job: 1273 dft_time: 0
#26957272: cov: 2950 ft: 10829 corp: 1447 exec/s: 91 oom/timeout/crash: 0/0/0 time: 12695s job: 1274 dft_time: 0
#26977738: cov: 2950 ft: 10829 corp: 1447 exec/s: 67 oom/timeout/crash: 0/0/0 time: 12706s job: 1275 dft_time: 0
#27000288: cov: 2950 ft: 10829 corp: 1447 exec/s: 74 oom/timeout/crash: 0/0/0 time: 12717s job: 1276 dft_time: 0
#27028643: cov: 2950 ft: 10829 corp: 1447 exec/s: 94 oom/timeout/crash: 0/0/0 time: 12728s job: 1277 dft_time: 0
#27048081: cov: 2950 ft: 10829 corp: 1447 exec/s: 64 oom/timeout/crash: 0/0/0 time: 12739s job: 1278 dft_time: 0
#27073878: cov: 2950 ft: 10829 corp: 1447 exec/s: 85 oom/timeout/crash: 0/0/0 time: 12749s job: 1279 dft_time: 0
#27101160: cov: 2950 ft: 10829 corp: 1447 exec/s: 90 oom/timeout/crash: 0/0/0 time: 12761s job: 1280 dft_time: 0
#27121483: cov: 2950 ft: 10829 corp: 1447 exec/s: 67 oom/timeout/crash: 0/0/0 time: 12772s job: 1281 dft_time: 0
#27142568: cov: 2950 ft: 10829 corp: 1447 exec/s: 70 oom/timeout/crash: 0/0/0 time: 12783s job: 1282 dft_time: 0
#27169758: cov: 2950 ft: 10829 corp: 1447 exec/s: 90 oom/timeout/crash: 0/0/0 time: 12794s job: 1283 dft_time: 0
#27192990: cov: 2950 ft: 10829 corp: 1447 exec/s: 77 oom/timeout/crash: 0/0/0 time: 12806s job: 1284 dft_time: 0
#27219977: cov: 2950 ft: 10830 corp: 1448 exec/s: 89 oom/timeout/crash: 0/0/0 time: 12817s job: 1285 dft_time: 0
#27239661: cov: 2950 ft: 10831 corp: 1449 exec/s: 65 oom/timeout/crash: 0/0/0 time: 12827s job: 1286 dft_time: 0
#27259700: cov: 2950 ft: 10831 corp: 1449 exec/s: 66 oom/timeout/crash: 0/0/0 time: 12837s job: 1287 dft_time: 0
#27286990: cov: 2950 ft: 10831 corp: 1449 exec/s: 90 oom/timeout/crash: 0/0/0 time: 12849s job: 1288 dft_time: 0
#27308292: cov: 2950 ft: 10831 corp: 1449 exec/s: 70 oom/timeout/crash: 0/0/0 time: 12860s job: 1289 dft_time: 0
#27334954: cov: 2950 ft: 10832 corp: 1450 exec/s: 88 oom/timeout/crash: 0/0/0 time: 12871s job: 1290 dft_time: 0
#27355166: cov: 2950 ft: 10832 corp: 1450 exec/s: 67 oom/timeout/crash: 0/0/0 time: 12882s job: 1291 dft_time: 0
#27382717: cov: 2950 ft: 10832 corp: 1450 exec/s: 91 oom/timeout/crash: 0/0/0 time: 12893s job: 1292 dft_time: 0
#27408069: cov: 2950 ft: 10832 corp: 1450 exec/s: 84 oom/timeout/crash: 0/0/0 time: 12904s job: 1293 dft_time: 0
#27427883: cov: 2950 ft: 10832 corp: 1450 exec/s: 65 oom/timeout/crash: 0/0/0 time: 12915s job: 1294 dft_time: 0
#27452321: cov: 2950 ft: 10832 corp: 1450 exec/s: 81 oom/timeout/crash: 0/0/0 time: 12926s job: 1295 dft_time: 0
#27477182: cov: 2950 ft: 10832 corp: 1450 exec/s: 82 oom/timeout/crash: 0/0/0 time: 12938s job: 1296 dft_time: 0
#27502901: cov: 2950 ft: 10832 corp: 1450 exec/s: 85 oom/timeout/crash: 0/0/0 time: 12950s job: 1297 dft_time: 0
#27526206: cov: 2950 ft: 10832 corp: 1450 exec/s: 77 oom/timeout/crash: 0/0/0 time: 12962s job: 1298 dft_time: 0
#27553466: cov: 2950 ft: 10832 corp: 1450 exec/s: 90 oom/timeout/crash: 0/0/0 time: 12975s job: 1299 dft_time: 0
#27575122: cov: 2950 ft: 10832 corp: 1450 exec/s: 71 oom/timeout/crash: 0/0/0 time: 12985s job: 1300 dft_time: 0
#27601431: cov: 2950 ft: 10832 corp: 1450 exec/s: 87 oom/timeout/crash: 0/0/0 time: 12996s job: 1301 dft_time: 0
#27622889: cov: 2950 ft: 10832 corp: 1450 exec/s: 71 oom/timeout/crash: 0/0/0 time: 13007s job: 1302 dft_time: 0
#27646869: cov: 2951 ft: 10833 corp: 1451 exec/s: 79 oom/timeout/crash: 0/0/0 time: 13018s job: 1303 dft_time: 0
#27671731: cov: 2951 ft: 10833 corp: 1451 exec/s: 82 oom/timeout/crash: 0/0/0 time: 13029s job: 1304 dft_time: 0
#27694495: cov: 2951 ft: 10833 corp: 1451 exec/s: 75 oom/timeout/crash: 0/0/0 time: 13040s job: 1305 dft_time: 0
#27720090: cov: 2951 ft: 10834 corp: 1452 exec/s: 85 oom/timeout/crash: 0/0/0 time: 13051s job: 1306 dft_time: 0
#27741946: cov: 2951 ft: 10834 corp: 1452 exec/s: 72 oom/timeout/crash: 0/0/0 time: 13062s job: 1307 dft_time: 0
#27763847: cov: 2951 ft: 10836 corp: 1454 exec/s: 72 oom/timeout/crash: 0/0/0 time: 13073s job: 1308 dft_time: 0
#27785354: cov: 2951 ft: 10836 corp: 1454 exec/s: 71 oom/timeout/crash: 0/0/0 time: 13084s job: 1309 dft_time: 0
#27804825: cov: 2951 ft: 10836 corp: 1454 exec/s: 64 oom/timeout/crash: 0/0/0 time: 13095s job: 1310 dft_time: 0
#27830305: cov: 2951 ft: 10836 corp: 1454 exec/s: 84 oom/timeout/crash: 0/0/0 time: 13107s job: 1311 dft_time: 0
#27851364: cov: 2951 ft: 10837 corp: 1455 exec/s: 69 oom/timeout/crash: 0/0/0 time: 13118s job: 1312 dft_time: 0
#27879372: cov: 2951 ft: 10839 corp: 1456 exec/s: 93 oom/timeout/crash: 0/0/0 time: 13128s job: 1313 dft_time: 0
#27898839: cov: 2951 ft: 10840 corp: 1457 exec/s: 64 oom/timeout/crash: 0/0/0 time: 13139s job: 1314 dft_time: 0
#27925997: cov: 2951 ft: 10840 corp: 1457 exec/s: 90 oom/timeout/crash: 0/0/0 time: 13150s job: 1315 dft_time: 0
#27951373: cov: 2951 ft: 10841 corp: 1458 exec/s: 84 oom/timeout/crash: 0/0/0 time: 13162s job: 1316 dft_time: 0
#27978646: cov: 2951 ft: 10841 corp: 1458 exec/s: 90 oom/timeout/crash: 0/0/0 time: 13172s job: 1317 dft_time: 0
#28006382: cov: 2951 ft: 10846 corp: 1459 exec/s: 92 oom/timeout/crash: 0/0/0 time: 13183s job: 1318 dft_time: 0
#28026437: cov: 2951 ft: 10846 corp: 1459 exec/s: 66 oom/timeout/crash: 0/0/0 time: 13194s job: 1319 dft_time: 0
#28049587: cov: 2951 ft: 10846 corp: 1459 exec/s: 76 oom/timeout/crash: 0/0/0 time: 13205s job: 1320 dft_time: 0
#28075566: cov: 2951 ft: 10846 corp: 1459 exec/s: 86 oom/timeout/crash: 0/0/0 time: 13216s job: 1321 dft_time: 0
#28098789: cov: 2951 ft: 10847 corp: 1460 exec/s: 77 oom/timeout/crash: 0/0/0 time: 13227s job: 1322 dft_time: 0
#28126036: cov: 2951 ft: 10847 corp: 1460 exec/s: 90 oom/timeout/crash: 0/0/0 time: 13239s job: 1323 dft_time: 0
#28152910: cov: 2951 ft: 10862 corp: 1461 exec/s: 89 oom/timeout/crash: 0/0/0 time: 13251s job: 1324 dft_time: 0
#28172294: cov: 2951 ft: 10863 corp: 1462 exec/s: 64 oom/timeout/crash: 0/0/0 time: 13263s job: 1325 dft_time: 0
#28191671: cov: 2951 ft: 10863 corp: 1462 exec/s: 64 oom/timeout/crash: 0/0/0 time: 13276s job: 1326 dft_time: 0
#28218977: cov: 2951 ft: 10863 corp: 1462 exec/s: 90 oom/timeout/crash: 0/0/0 time: 13286s job: 1327 dft_time: 0
#28241782: cov: 2951 ft: 10864 corp: 1463 exec/s: 75 oom/timeout/crash: 0/0/0 time: 13297s job: 1328 dft_time: 0
#28264479: cov: 2951 ft: 10864 corp: 1463 exec/s: 75 oom/timeout/crash: 0/0/0 time: 13308s job: 1329 dft_time: 0
#28291866: cov: 2951 ft: 10864 corp: 1463 exec/s: 90 oom/timeout/crash: 0/0/0 time: 13319s job: 1330 dft_time: 0
#28311870: cov: 2951 ft: 10864 corp: 1463 exec/s: 66 oom/timeout/crash: 0/0/0 time: 13330s job: 1331 dft_time: 0
#28339040: cov: 2951 ft: 10865 corp: 1464 exec/s: 90 oom/timeout/crash: 0/0/0 time: 13341s job: 1332 dft_time: 0
#28365929: cov: 2951 ft: 10866 corp: 1465 exec/s: 89 oom/timeout/crash: 0/0/0 time: 13352s job: 1333 dft_time: 0
#28385899: cov: 2951 ft: 10866 corp: 1465 exec/s: 66 oom/timeout/crash: 0/0/0 time: 13363s job: 1334 dft_time: 0
#28413167: cov: 2951 ft: 10866 corp: 1465 exec/s: 90 oom/timeout/crash: 0/0/0 time: 13374s job: 1335 dft_time: 0
#28434069: cov: 2951 ft: 10866 corp: 1465 exec/s: 69 oom/timeout/crash: 0/0/0 time: 13385s job: 1336 dft_time: 0
#28462413: cov: 2951 ft: 10866 corp: 1465 exec/s: 94 oom/timeout/crash: 0/0/0 time: 13396s job: 1337 dft_time: 0
#28486683: cov: 2951 ft: 10866 corp: 1465 exec/s: 80 oom/timeout/crash: 0/0/0 time: 13408s job: 1338 dft_time: 0
#28511068: cov: 2951 ft: 10866 corp: 1465 exec/s: 81 oom/timeout/crash: 0/0/0 time: 13419s job: 1339 dft_time: 0
#28531438: cov: 2951 ft: 10866 corp: 1465 exec/s: 67 oom/timeout/crash: 0/0/0 time: 13430s job: 1340 dft_time: 0
#28556891: cov: 2951 ft: 10866 corp: 1465 exec/s: 84 oom/timeout/crash: 0/0/0 time: 13440s job: 1341 dft_time: 0
#28580010: cov: 2951 ft: 10866 corp: 1465 exec/s: 76 oom/timeout/crash: 0/0/0 time: 13452s job: 1342 dft_time: 0
#28599925: cov: 2951 ft: 10866 corp: 1465 exec/s: 66 oom/timeout/crash: 0/0/0 time: 13463s job: 1343 dft_time: 0
#28627327: cov: 2951 ft: 10866 corp: 1465 exec/s: 91 oom/timeout/crash: 0/0/0 time: 13473s job: 1344 dft_time: 0
#28654602: cov: 2951 ft: 10866 corp: 1465 exec/s: 90 oom/timeout/crash: 0/0/0 time: 13484s job: 1345 dft_time: 0
#28682129: cov: 2951 ft: 10866 corp: 1465 exec/s: 91 oom/timeout/crash: 0/0/0 time: 13495s job: 1346 dft_time: 0
#28705115: cov: 2951 ft: 10866 corp: 1465 exec/s: 76 oom/timeout/crash: 0/0/0 time: 13506s job: 1347 dft_time: 0
#28729557: cov: 2951 ft: 10866 corp: 1465 exec/s: 81 oom/timeout/crash: 0/0/0 time: 13517s job: 1348 dft_time: 0
#28751753: cov: 2951 ft: 10866 corp: 1465 exec/s: 73 oom/timeout/crash: 0/0/0 time: 13528s job: 1349 dft_time: 0
#28771821: cov: 2951 ft: 10866 corp: 1465 exec/s: 66 oom/timeout/crash: 0/0/0 time: 13540s job: 1350 dft_time: 0
#28795592: cov: 2951 ft: 10866 corp: 1465 exec/s: 78 oom/timeout/crash: 0/0/0 time: 13552s job: 1351 dft_time: 0
#28815045: cov: 2951 ft: 10866 corp: 1465 exec/s: 64 oom/timeout/crash: 0/0/0 time: 13564s job: 1352 dft_time: 0
#28835265: cov: 2951 ft: 10866 corp: 1465 exec/s: 67 oom/timeout/crash: 0/0/0 time: 13577s job: 1353 dft_time: 0
#28858628: cov: 2951 ft: 10866 corp: 1465 exec/s: 77 oom/timeout/crash: 0/0/0 time: 13587s job: 1354 dft_time: 0
#28884202: cov: 2951 ft: 10866 corp: 1465 exec/s: 84 oom/timeout/crash: 0/0/0 time: 13599s job: 1355 dft_time: 0
#28905632: cov: 2951 ft: 10866 corp: 1465 exec/s: 71 oom/timeout/crash: 0/0/0 time: 13609s job: 1356 dft_time: 0
#28928334: cov: 2951 ft: 10866 corp: 1465 exec/s: 75 oom/timeout/crash: 0/0/0 time: 13620s job: 1357 dft_time: 0
#28955962: cov: 2951 ft: 10869 corp: 1466 exec/s: 91 oom/timeout/crash: 0/0/0 time: 13631s job: 1358 dft_time: 0
#28981163: cov: 2951 ft: 10869 corp: 1466 exec/s: 83 oom/timeout/crash: 0/0/0 time: 13643s job: 1359 dft_time: 0
#29001041: cov: 2951 ft: 10869 corp: 1466 exec/s: 66 oom/timeout/crash: 0/0/0 time: 13653s job: 1360 dft_time: 0
#29021986: cov: 2951 ft: 10869 corp: 1466 exec/s: 69 oom/timeout/crash: 0/0/0 time: 13664s job: 1361 dft_time: 0
#29049206: cov: 2951 ft: 10869 corp: 1466 exec/s: 90 oom/timeout/crash: 0/0/0 time: 13675s job: 1362 dft_time: 0
#29076846: cov: 2951 ft: 10869 corp: 1466 exec/s: 91 oom/timeout/crash: 0/0/0 time: 13686s job: 1363 dft_time: 0
#29099868: cov: 2951 ft: 10869 corp: 1466 exec/s: 76 oom/timeout/crash: 0/0/0 time: 13697s job: 1364 dft_time: 0
#29127126: cov: 2951 ft: 10869 corp: 1466 exec/s: 90 oom/timeout/crash: 0/0/0 time: 13709s job: 1365 dft_time: 0
#29154032: cov: 2951 ft: 10869 corp: 1466 exec/s: 89 oom/timeout/crash: 0/0/0 time: 13721s job: 1366 dft_time: 0
#29174090: cov: 2951 ft: 10869 corp: 1466 exec/s: 66 oom/timeout/crash: 0/0/0 time: 13731s job: 1367 dft_time: 0
#29201233: cov: 2951 ft: 10869 corp: 1466 exec/s: 90 oom/timeout/crash: 0/0/0 time: 13741s job: 1368 dft_time: 0
#29228261: cov: 2951 ft: 10869 corp: 1466 exec/s: 89 oom/timeout/crash: 0/0/0 time: 13753s job: 1369 dft_time: 0
#29249693: cov: 2951 ft: 10869 corp: 1466 exec/s: 71 oom/timeout/crash: 0/0/0 time: 13764s job: 1370 dft_time: 0
#29275825: cov: 2951 ft: 10869 corp: 1466 exec/s: 86 oom/timeout/crash: 0/0/0 time: 13774s job: 1371 dft_time: 0
#29300664: cov: 2951 ft: 10870 corp: 1467 exec/s: 82 oom/timeout/crash: 0/0/0 time: 13785s job: 1372 dft_time: 0
#29321293: cov: 2951 ft: 10870 corp: 1467 exec/s: 68 oom/timeout/crash: 0/0/0 time: 13796s job: 1373 dft_time: 0
#29348776: cov: 2951 ft: 10870 corp: 1467 exec/s: 91 oom/timeout/crash: 0/0/0 time: 13807s job: 1374 dft_time: 0
#29369181: cov: 2951 ft: 10870 corp: 1467 exec/s: 67 oom/timeout/crash: 0/0/0 time: 13818s job: 1375 dft_time: 0
#29396322: cov: 2951 ft: 10870 corp: 1467 exec/s: 90 oom/timeout/crash: 0/0/0 time: 13830s job: 1376 dft_time: 0
#29419193: cov: 2951 ft: 10870 corp: 1467 exec/s: 75 oom/timeout/crash: 0/0/0 time: 13841s job: 1377 dft_time: 0
#29438925: cov: 2951 ft: 10870 corp: 1467 exec/s: 65 oom/timeout/crash: 0/0/0 time: 13853s job: 1378 dft_time: 0
#29465781: cov: 2951 ft: 10870 corp: 1467 exec/s: 89 oom/timeout/crash: 0/0/0 time: 13866s job: 1379 dft_time: 0
#29485563: cov: 2951 ft: 10870 corp: 1467 exec/s: 65 oom/timeout/crash: 0/0/0 time: 13878s job: 1380 dft_time: 0
#29511283: cov: 2951 ft: 10870 corp: 1467 exec/s: 85 oom/timeout/crash: 0/0/0 time: 13888s job: 1381 dft_time: 0
#29537694: cov: 2951 ft: 10870 corp: 1467 exec/s: 87 oom/timeout/crash: 0/0/0 time: 13900s job: 1382 dft_time: 0
#29559499: cov: 2951 ft: 10870 corp: 1467 exec/s: 72 oom/timeout/crash: 0/0/0 time: 13911s job: 1383 dft_time: 0
#29582593: cov: 2951 ft: 10870 corp: 1467 exec/s: 76 oom/timeout/crash: 0/0/0 time: 13921s job: 1384 dft_time: 0
#29605218: cov: 2951 ft: 10870 corp: 1467 exec/s: 75 oom/timeout/crash: 0/0/0 time: 13932s job: 1385 dft_time: 0
#29624616: cov: 2951 ft: 10870 corp: 1467 exec/s: 64 oom/timeout/crash: 0/0/0 time: 13944s job: 1386 dft_time: 0
#29649835: cov: 2951 ft: 10872 corp: 1469 exec/s: 83 oom/timeout/crash: 0/0/0 time: 13954s job: 1387 dft_time: 0
#29671097: cov: 2951 ft: 10873 corp: 1470 exec/s: 70 oom/timeout/crash: 0/0/0 time: 13965s job: 1388 dft_time: 0
#29698380: cov: 2951 ft: 10876 corp: 1471 exec/s: 90 oom/timeout/crash: 0/0/0 time: 13976s job: 1389 dft_time: 0
#29722366: cov: 2951 ft: 10876 corp: 1471 exec/s: 79 oom/timeout/crash: 0/0/0 time: 13987s job: 1390 dft_time: 0
#29749944: cov: 2951 ft: 10876 corp: 1471 exec/s: 91 oom/timeout/crash: 0/0/0 time: 13998s job: 1391 dft_time: 0
#29769846: cov: 2951 ft: 10876 corp: 1471 exec/s: 66 oom/timeout/crash: 0/0/0 time: 14010s job: 1392 dft_time: 0
#29791685: cov: 2951 ft: 10876 corp: 1471 exec/s: 72 oom/timeout/crash: 0/0/0 time: 14022s job: 1393 dft_time: 0
#29819110: cov: 2951 ft: 10878 corp: 1472 exec/s: 91 oom/timeout/crash: 0/0/0 time: 14032s job: 1394 dft_time: 0
#29844247: cov: 2951 ft: 10878 corp: 1472 exec/s: 83 oom/timeout/crash: 0/0/0 time: 14042s job: 1395 dft_time: 0
#29871839: cov: 2951 ft: 10878 corp: 1472 exec/s: 91 oom/timeout/crash: 0/0/0 time: 14054s job: 1396 dft_time: 0
#29895137: cov: 2951 ft: 10880 corp: 1473 exec/s: 77 oom/timeout/crash: 0/0/0 time: 14065s job: 1397 dft_time: 0
#29916794: cov: 2951 ft: 10880 corp: 1473 exec/s: 71 oom/timeout/crash: 0/0/0 time: 14075s job: 1398 dft_time: 0
#29938104: cov: 2951 ft: 10880 corp: 1473 exec/s: 70 oom/timeout/crash: 0/0/0 time: 14087s job: 1399 dft_time: 0
#29957985: cov: 2951 ft: 10880 corp: 1473 exec/s: 66 oom/timeout/crash: 0/0/0 time: 14097s job: 1400 dft_time: 0
#29979138: cov: 2951 ft: 10881 corp: 1474 exec/s: 70 oom/timeout/crash: 0/0/0 time: 14109s job: 1401 dft_time: 0
#30004501: cov: 2951 ft: 10881 corp: 1474 exec/s: 84 oom/timeout/crash: 0/0/0 time: 14119s job: 1402 dft_time: 0
#30031573: cov: 2951 ft: 10882 corp: 1475 exec/s: 89 oom/timeout/crash: 0/0/0 time: 14131s job: 1403 dft_time: 0
#30056069: cov: 2951 ft: 10886 corp: 1477 exec/s: 81 oom/timeout/crash: 0/0/0 time: 14142s job: 1404 dft_time: 0
#30084209: cov: 2951 ft: 10886 corp: 1477 exec/s: 93 oom/timeout/crash: 0/0/0 time: 14154s job: 1405 dft_time: 0
#30111415: cov: 2951 ft: 10886 corp: 1477 exec/s: 90 oom/timeout/crash: 0/0/0 time: 14167s job: 1406 dft_time: 0
#30132203: cov: 2951 ft: 10886 corp: 1477 exec/s: 69 oom/timeout/crash: 0/0/0 time: 14179s job: 1407 dft_time: 0
#30152253: cov: 2951 ft: 10886 corp: 1477 exec/s: 66 oom/timeout/crash: 0/0/0 time: 14189s job: 1408 dft_time: 0
#30179258: cov: 2951 ft: 10886 corp: 1477 exec/s: 89 oom/timeout/crash: 0/0/0 time: 14201s job: 1409 dft_time: 0
#30201550: cov: 2951 ft: 10886 corp: 1477 exec/s: 74 oom/timeout/crash: 0/0/0 time: 14212s job: 1410 dft_time: 0
#30224930: cov: 2951 ft: 10886 corp: 1477 exec/s: 77 oom/timeout/crash: 0/0/0 time: 14222s job: 1411 dft_time: 0
#30252216: cov: 2951 ft: 10886 corp: 1477 exec/s: 90 oom/timeout/crash: 0/0/0 time: 14233s job: 1412 dft_time: 0
#30272781: cov: 2951 ft: 10886 corp: 1477 exec/s: 68 oom/timeout/crash: 0/0/0 time: 14245s job: 1413 dft_time: 0
#30295079: cov: 2951 ft: 10886 corp: 1477 exec/s: 74 oom/timeout/crash: 0/0/0 time: 14255s job: 1414 dft_time: 0
#30322337: cov: 2951 ft: 10886 corp: 1477 exec/s: 90 oom/timeout/crash: 0/0/0 time: 14267s job: 1415 dft_time: 0
#30343450: cov: 2951 ft: 10886 corp: 1477 exec/s: 70 oom/timeout/crash: 0/0/0 time: 14277s job: 1416 dft_time: 0
#30370988: cov: 2951 ft: 10886 corp: 1477 exec/s: 91 oom/timeout/crash: 0/0/0 time: 14288s job: 1417 dft_time: 0
#30396095: cov: 2951 ft: 10888 corp: 1479 exec/s: 83 oom/timeout/crash: 0/0/0 time: 14299s job: 1418 dft_time: 0
#30415838: cov: 2951 ft: 10888 corp: 1479 exec/s: 65 oom/timeout/crash: 0/0/0 time: 14311s job: 1419 dft_time: 0
#30443457: cov: 2951 ft: 10888 corp: 1479 exec/s: 91 oom/timeout/crash: 0/0/0 time: 14323s job: 1420 dft_time: 0
#30470832: cov: 2951 ft: 10888 corp: 1479 exec/s: 90 oom/timeout/crash: 0/0/0 time: 14333s job: 1421 dft_time: 0
#30491570: cov: 2951 ft: 10890 corp: 1480 exec/s: 68 oom/timeout/crash: 0/0/0 time: 14343s job: 1422 dft_time: 0
#30516109: cov: 2951 ft: 10890 corp: 1480 exec/s: 81 oom/timeout/crash: 0/0/0 time: 14355s job: 1423 dft_time: 0
#30543486: cov: 2951 ft: 10890 corp: 1480 exec/s: 90 oom/timeout/crash: 0/0/0 time: 14366s job: 1424 dft_time: 0
#30565412: cov: 2951 ft: 10890 corp: 1480 exec/s: 72 oom/timeout/crash: 0/0/0 time: 14376s job: 1425 dft_time: 0
#30585233: cov: 2951 ft: 10890 corp: 1480 exec/s: 65 oom/timeout/crash: 0/0/0 time: 14388s job: 1426 dft_time: 0
#30612393: cov: 2951 ft: 10890 corp: 1480 exec/s: 90 oom/timeout/crash: 0/0/0 time: 14399s job: 1427 dft_time: 0
#30631810: cov: 2951 ft: 10890 corp: 1480 exec/s: 64 oom/timeout/crash: 0/0/0 time: 14410s job: 1428 dft_time: 0
#30653728: cov: 2951 ft: 10890 corp: 1480 exec/s: 72 oom/timeout/crash: 0/0/0 time: 14420s job: 1429 dft_time: 0
#30680187: cov: 2951 ft: 10890 corp: 1480 exec/s: 87 oom/timeout/crash: 0/0/0 time: 14432s job: 1430 dft_time: 0
#30699543: cov: 2951 ft: 10890 corp: 1480 exec/s: 64 oom/timeout/crash: 0/0/0 time: 14444s job: 1431 dft_time: 0
#30724963: cov: 2951 ft: 10890 corp: 1480 exec/s: 84 oom/timeout/crash: 0/0/0 time: 14455s job: 1432 dft_time: 0
#30751203: cov: 2951 ft: 10890 corp: 1480 exec/s: 87 oom/timeout/crash: 0/0/0 time: 14468s job: 1433 dft_time: 0
#30773522: cov: 2951 ft: 10890 corp: 1480 exec/s: 74 oom/timeout/crash: 0/0/0 time: 14481s job: 1434 dft_time: 0
#30794485: cov: 2951 ft: 10890 corp: 1480 exec/s: 69 oom/timeout/crash: 0/0/0 time: 14490s job: 1435 dft_time: 0
#30822395: cov: 2951 ft: 10890 corp: 1480 exec/s: 92 oom/timeout/crash: 0/0/0 time: 14502s job: 1436 dft_time: 0
#30850417: cov: 2951 ft: 10890 corp: 1480 exec/s: 93 oom/timeout/crash: 0/0/0 time: 14513s job: 1437 dft_time: 0
#30869951: cov: 2951 ft: 10890 corp: 1480 exec/s: 64 oom/timeout/crash: 0/0/0 time: 14523s job: 1438 dft_time: 0
#30895191: cov: 2951 ft: 10890 corp: 1480 exec/s: 83 oom/timeout/crash: 0/0/0 time: 14535s job: 1439 dft_time: 0
#30915000: cov: 2951 ft: 10891 corp: 1481 exec/s: 65 oom/timeout/crash: 0/0/0 time: 14546s job: 1440 dft_time: 0
#30941944: cov: 2951 ft: 10891 corp: 1481 exec/s: 89 oom/timeout/crash: 0/0/0 time: 14556s job: 1441 dft_time: 0
#30961532: cov: 2951 ft: 10891 corp: 1481 exec/s: 65 oom/timeout/crash: 0/0/0 time: 14568s job: 1442 dft_time: 0
#30983063: cov: 2951 ft: 10891 corp: 1481 exec/s: 71 oom/timeout/crash: 0/0/0 time: 14578s job: 1443 dft_time: 0
#31008335: cov: 2951 ft: 10891 corp: 1481 exec/s: 83 oom/timeout/crash: 0/0/0 time: 14589s job: 1444 dft_time: 0
#31035091: cov: 2951 ft: 10893 corp: 1482 exec/s: 88 oom/timeout/crash: 0/0/0 time: 14601s job: 1445 dft_time: 0
#31056413: cov: 2951 ft: 10893 corp: 1482 exec/s: 70 oom/timeout/crash: 0/0/0 time: 14612s job: 1446 dft_time: 0
#31084151: cov: 2951 ft: 10893 corp: 1482 exec/s: 92 oom/timeout/crash: 0/0/0 time: 14624s job: 1447 dft_time: 0
#31108926: cov: 2951 ft: 10893 corp: 1482 exec/s: 82 oom/timeout/crash: 0/0/0 time: 14634s job: 1448 dft_time: 0
#31135067: cov: 2951 ft: 10893 corp: 1482 exec/s: 86 oom/timeout/crash: 0/0/0 time: 14644s job: 1449 dft_time: 0
#31158536: cov: 2951 ft: 10893 corp: 1482 exec/s: 77 oom/timeout/crash: 0/0/0 time: 14656s job: 1450 dft_time: 0
#31185949: cov: 2951 ft: 10893 corp: 1482 exec/s: 91 oom/timeout/crash: 0/0/0 time: 14667s job: 1451 dft_time: 0
#31211379: cov: 2951 ft: 10893 corp: 1482 exec/s: 84 oom/timeout/crash: 0/0/0 time: 14678s job: 1452 dft_time: 0
#31232791: cov: 2951 ft: 10893 corp: 1482 exec/s: 71 oom/timeout/crash: 0/0/0 time: 14689s job: 1453 dft_time: 0
#31260518: cov: 2951 ft: 10893 corp: 1482 exec/s: 92 oom/timeout/crash: 0/0/0 time: 14700s job: 1454 dft_time: 0
#31281110: cov: 2951 ft: 10893 corp: 1482 exec/s: 68 oom/timeout/crash: 0/0/0 time: 14711s job: 1455 dft_time: 0
#31305016: cov: 2951 ft: 10893 corp: 1482 exec/s: 79 oom/timeout/crash: 0/0/0 time: 14721s job: 1456 dft_time: 0
#31328255: cov: 2951 ft: 10893 corp: 1482 exec/s: 77 oom/timeout/crash: 0/0/0 time: 14733s job: 1457 dft_time: 0
#31347831: cov: 2951 ft: 10893 corp: 1482 exec/s: 65 oom/timeout/crash: 0/0/0 time: 14745s job: 1458 dft_time: 0
#31374728: cov: 2951 ft: 10893 corp: 1482 exec/s: 89 oom/timeout/crash: 0/0/0 time: 14757s job: 1459 dft_time: 0
#31399113: cov: 2951 ft: 10893 corp: 1482 exec/s: 81 oom/timeout/crash: 0/0/0 time: 14769s job: 1460 dft_time: 0
#31425694: cov: 2951 ft: 10893 corp: 1482 exec/s: 88 oom/timeout/crash: 0/0/0 time: 14782s job: 1461 dft_time: 0
#31445284: cov: 2951 ft: 10893 corp: 1482 exec/s: 65 oom/timeout/crash: 0/0/0 time: 14792s job: 1462 dft_time: 0
#31465072: cov: 2951 ft: 10893 corp: 1482 exec/s: 65 oom/timeout/crash: 0/0/0 time: 14803s job: 1463 dft_time: 0
#31485916: cov: 2951 ft: 10893 corp: 1482 exec/s: 69 oom/timeout/crash: 0/0/0 time: 14814s job: 1464 dft_time: 0
#31510393: cov: 2951 ft: 10893 corp: 1482 exec/s: 81 oom/timeout/crash: 0/0/0 time: 14825s job: 1465 dft_time: 0
#31537640: cov: 2951 ft: 10893 corp: 1482 exec/s: 90 oom/timeout/crash: 0/0/0 time: 14836s job: 1466 dft_time: 0
#31561711: cov: 2951 ft: 10902 corp: 1485 exec/s: 79 oom/timeout/crash: 0/0/0 time: 14847s job: 1467 dft_time: 0
#31588952: cov: 2951 ft: 10903 corp: 1486 exec/s: 90 oom/timeout/crash: 0/0/0 time: 14857s job: 1468 dft_time: 0
#31611776: cov: 2951 ft: 10903 corp: 1486 exec/s: 75 oom/timeout/crash: 0/0/0 time: 14869s job: 1469 dft_time: 0
#31633669: cov: 2951 ft: 10903 corp: 1486 exec/s: 72 oom/timeout/crash: 0/0/0 time: 14880s job: 1470 dft_time: 0
#31654145: cov: 2951 ft: 10903 corp: 1486 exec/s: 68 oom/timeout/crash: 0/0/0 time: 14891s job: 1471 dft_time: 0
#31675152: cov: 2951 ft: 10903 corp: 1486 exec/s: 69 oom/timeout/crash: 0/0/0 time: 14902s job: 1472 dft_time: 0
#31698181: cov: 2951 ft: 10903 corp: 1486 exec/s: 76 oom/timeout/crash: 0/0/0 time: 14914s job: 1473 dft_time: 0
#31725359: cov: 2951 ft: 10903 corp: 1486 exec/s: 90 oom/timeout/crash: 0/0/0 time: 14925s job: 1474 dft_time: 0
#31752855: cov: 2951 ft: 10903 corp: 1486 exec/s: 91 oom/timeout/crash: 0/0/0 time: 14935s job: 1475 dft_time: 0
#31780006: cov: 2951 ft: 10903 corp: 1486 exec/s: 90 oom/timeout/crash: 0/0/0 time: 14945s job: 1476 dft_time: 0
#31803581: cov: 2951 ft: 10903 corp: 1486 exec/s: 78 oom/timeout/crash: 0/0/0 time: 14957s job: 1477 dft_time: 0
#31824522: cov: 2951 ft: 10903 corp: 1486 exec/s: 69 oom/timeout/crash: 0/0/0 time: 14968s job: 1478 dft_time: 0
#31846227: cov: 2951 ft: 10903 corp: 1486 exec/s: 72 oom/timeout/crash: 0/0/0 time: 14979s job: 1479 dft_time: 0
#31871283: cov: 2951 ft: 10908 corp: 1487 exec/s: 83 oom/timeout/crash: 0/0/0 time: 14990s job: 1480 dft_time: 0
#31896309: cov: 2951 ft: 10908 corp: 1487 exec/s: 83 oom/timeout/crash: 0/0/0 time: 15001s job: 1481 dft_time: 0
#31918942: cov: 2951 ft: 10908 corp: 1487 exec/s: 75 oom/timeout/crash: 0/0/0 time: 15012s job: 1482 dft_time: 0
#31940142: cov: 2951 ft: 10908 corp: 1487 exec/s: 70 oom/timeout/crash: 0/0/0 time: 15023s job: 1483 dft_time: 0
#31960739: cov: 2951 ft: 10908 corp: 1487 exec/s: 68 oom/timeout/crash: 0/0/0 time: 15034s job: 1484 dft_time: 0
#31982979: cov: 2951 ft: 10908 corp: 1487 exec/s: 73 oom/timeout/crash: 0/0/0 time: 15046s job: 1485 dft_time: 0
#32004209: cov: 2951 ft: 10908 corp: 1487 exec/s: 70 oom/timeout/crash: 0/0/0 time: 15058s job: 1486 dft_time: 0
#32030902: cov: 2951 ft: 10908 corp: 1487 exec/s: 88 oom/timeout/crash: 0/0/0 time: 15070s job: 1487 dft_time: 0
#32057853: cov: 2951 ft: 10910 corp: 1488 exec/s: 89 oom/timeout/crash: 0/0/0 time: 15083s job: 1488 dft_time: 0
#32077685: cov: 2951 ft: 10910 corp: 1488 exec/s: 65 oom/timeout/crash: 0/0/0 time: 15093s job: 1489 dft_time: 0
#32105209: cov: 2951 ft: 10910 corp: 1488 exec/s: 91 oom/timeout/crash: 0/0/0 time: 15104s job: 1490 dft_time: 0
#32133051: cov: 2951 ft: 10910 corp: 1488 exec/s: 92 oom/timeout/crash: 0/0/0 time: 15115s job: 1491 dft_time: 0
#32156582: cov: 2951 ft: 10910 corp: 1488 exec/s: 78 oom/timeout/crash: 0/0/0 time: 15126s job: 1492 dft_time: 0
#32178387: cov: 2951 ft: 10910 corp: 1488 exec/s: 72 oom/timeout/crash: 0/0/0 time: 15137s job: 1493 dft_time: 0
#32203264: cov: 2951 ft: 10910 corp: 1488 exec/s: 82 oom/timeout/crash: 0/0/0 time: 15148s job: 1494 dft_time: 0
#32226848: cov: 2951 ft: 10910 corp: 1488 exec/s: 78 oom/timeout/crash: 0/0/0 time: 15159s job: 1495 dft_time: 0
#32248577: cov: 2951 ft: 10910 corp: 1488 exec/s: 72 oom/timeout/crash: 0/0/0 time: 15170s job: 1496 dft_time: 0
#32275652: cov: 2951 ft: 10910 corp: 1488 exec/s: 89 oom/timeout/crash: 0/0/0 time: 15181s job: 1497 dft_time: 0
#32296968: cov: 2951 ft: 10918 corp: 1489 exec/s: 70 oom/timeout/crash: 0/0/0 time: 15192s job: 1498 dft_time: 0
#32324438: cov: 2951 ft: 10918 corp: 1489 exec/s: 91 oom/timeout/crash: 0/0/0 time: 15203s job: 1499 dft_time: 0
#32351847: cov: 2951 ft: 10918 corp: 1489 exec/s: 91 oom/timeout/crash: 0/0/0 time: 15215s job: 1500 dft_time: 0
#32375879: cov: 2951 ft: 10918 corp: 1489 exec/s: 79 oom/timeout/crash: 0/0/0 time: 15226s job: 1501 dft_time: 0
#32396967: cov: 2951 ft: 10918 corp: 1489 exec/s: 70 oom/timeout/crash: 0/0/0 time: 15237s job: 1502 dft_time: 0
#32420683: cov: 2951 ft: 10918 corp: 1489 exec/s: 78 oom/timeout/crash: 0/0/0 time: 15247s job: 1503 dft_time: 0
#32447725: cov: 2951 ft: 10925 corp: 1490 exec/s: 89 oom/timeout/crash: 0/0/0 time: 15259s job: 1504 dft_time: 0
#32474408: cov: 2951 ft: 10925 corp: 1490 exec/s: 88 oom/timeout/crash: 0/0/0 time: 15270s job: 1505 dft_time: 0
#32493920: cov: 2951 ft: 10925 corp: 1490 exec/s: 64 oom/timeout/crash: 0/0/0 time: 15280s job: 1506 dft_time: 0
#32519385: cov: 2951 ft: 10926 corp: 1491 exec/s: 84 oom/timeout/crash: 0/0/0 time: 15291s job: 1507 dft_time: 0
#32538889: cov: 2951 ft: 10926 corp: 1491 exec/s: 64 oom/timeout/crash: 0/0/0 time: 15302s job: 1508 dft_time: 0
#32564802: cov: 2951 ft: 10926 corp: 1491 exec/s: 86 oom/timeout/crash: 0/0/0 time: 15313s job: 1509 dft_time: 0
#32589922: cov: 2951 ft: 10926 corp: 1491 exec/s: 83 oom/timeout/crash: 0/0/0 time: 15324s job: 1510 dft_time: 0
#32612071: cov: 2951 ft: 10926 corp: 1491 exec/s: 73 oom/timeout/crash: 0/0/0 time: 15335s job: 1511 dft_time: 0
#32639432: cov: 2951 ft: 10926 corp: 1491 exec/s: 90 oom/timeout/crash: 0/0/0 time: 15347s job: 1512 dft_time: 0
#32659382: cov: 2951 ft: 10926 corp: 1491 exec/s: 66 oom/timeout/crash: 0/0/0 time: 15359s job: 1513 dft_time: 0
#32679140: cov: 2951 ft: 10946 corp: 1495 exec/s: 65 oom/timeout/crash: 0/0/0 time: 15371s job: 1514 dft_time: 0
#32700555: cov: 2951 ft: 10946 corp: 1495 exec/s: 71 oom/timeout/crash: 0/0/0 time: 15384s job: 1515 dft_time: 0
#32722852: cov: 2951 ft: 10946 corp: 1495 exec/s: 74 oom/timeout/crash: 0/0/0 time: 15394s job: 1516 dft_time: 0
#32750197: cov: 2951 ft: 10946 corp: 1495 exec/s: 90 oom/timeout/crash: 0/0/0 time: 15405s job: 1517 dft_time: 0
#32773861: cov: 2951 ft: 10946 corp: 1495 exec/s: 78 oom/timeout/crash: 0/0/0 time: 15416s job: 1518 dft_time: 0
#32800304: cov: 2951 ft: 10946 corp: 1495 exec/s: 87 oom/timeout/crash: 0/0/0 time: 15427s job: 1519 dft_time: 0
#32820105: cov: 2951 ft: 10948 corp: 1496 exec/s: 65 oom/timeout/crash: 0/0/0 time: 15438s job: 1520 dft_time: 0
#32843908: cov: 2951 ft: 10948 corp: 1496 exec/s: 79 oom/timeout/crash: 0/0/0 time: 15449s job: 1521 dft_time: 0
#32869707: cov: 2951 ft: 10948 corp: 1496 exec/s: 85 oom/timeout/crash: 0/0/0 time: 15460s job: 1522 dft_time: 0
#32895090: cov: 2951 ft: 10948 corp: 1496 exec/s: 84 oom/timeout/crash: 0/0/0 time: 15471s job: 1523 dft_time: 0
#32918777: cov: 2951 ft: 10952 corp: 1497 exec/s: 78 oom/timeout/crash: 0/0/0 time: 15482s job: 1524 dft_time: 0
#32943611: cov: 2951 ft: 10955 corp: 1498 exec/s: 82 oom/timeout/crash: 0/0/0 time: 15493s job: 1525 dft_time: 0
#32968073: cov: 2951 ft: 10955 corp: 1498 exec/s: 81 oom/timeout/crash: 0/0/0 time: 15504s job: 1526 dft_time: 0
#32995553: cov: 2951 ft: 10955 corp: 1498 exec/s: 91 oom/timeout/crash: 0/0/0 time: 15516s job: 1527 dft_time: 0
#33017705: cov: 2951 ft: 10955 corp: 1498 exec/s: 73 oom/timeout/crash: 0/0/0 time: 15527s job: 1528 dft_time: 0
#33039729: cov: 2951 ft: 10955 corp: 1498 exec/s: 73 oom/timeout/crash: 0/0/0 time: 15538s job: 1529 dft_time: 0
#33067586: cov: 2951 ft: 10955 corp: 1498 exec/s: 92 oom/timeout/crash: 0/0/0 time: 15548s job: 1530 dft_time: 0
#33094837: cov: 2951 ft: 10955 corp: 1498 exec/s: 90 oom/timeout/crash: 0/0/0 time: 15560s job: 1531 dft_time: 0
#33114644: cov: 2951 ft: 10955 corp: 1498 exec/s: 65 oom/timeout/crash: 0/0/0 time: 15571s job: 1532 dft_time: 0
#33138495: cov: 2951 ft: 10955 corp: 1498 exec/s: 79 oom/timeout/crash: 0/0/0 time: 15581s job: 1533 dft_time: 0
#33158406: cov: 2951 ft: 10955 corp: 1498 exec/s: 66 oom/timeout/crash: 0/0/0 time: 15592s job: 1534 dft_time: 0
#33186200: cov: 2951 ft: 10955 corp: 1498 exec/s: 92 oom/timeout/crash: 0/0/0 time: 15603s job: 1535 dft_time: 0
#33213387: cov: 2951 ft: 10955 corp: 1498 exec/s: 90 oom/timeout/crash: 0/0/0 time: 15614s job: 1536 dft_time: 0
#33240522: cov: 2951 ft: 10957 corp: 1499 exec/s: 90 oom/timeout/crash: 0/0/0 time: 15625s job: 1537 dft_time: 0
#33259917: cov: 2951 ft: 10957 corp: 1499 exec/s: 64 oom/timeout/crash: 0/0/0 time: 15636s job: 1538 dft_time: 0
#33280371: cov: 2951 ft: 10957 corp: 1499 exec/s: 67 oom/timeout/crash: 0/0/0 time: 15648s job: 1539 dft_time: 0
#33299851: cov: 2951 ft: 10957 corp: 1499 exec/s: 64 oom/timeout/crash: 0/0/0 time: 15660s job: 1540 dft_time: 0
#33327335: cov: 2951 ft: 10957 corp: 1499 exec/s: 91 oom/timeout/crash: 0/0/0 time: 15673s job: 1541 dft_time: 0
#33349093: cov: 2951 ft: 10957 corp: 1499 exec/s: 72 oom/timeout/crash: 0/0/0 time: 15685s job: 1542 dft_time: 0
#33374805: cov: 2951 ft: 10957 corp: 1499 exec/s: 85 oom/timeout/crash: 0/0/0 time: 15695s job: 1543 dft_time: 0
#33397507: cov: 2951 ft: 10957 corp: 1499 exec/s: 75 oom/timeout/crash: 0/0/0 time: 15707s job: 1544 dft_time: 0
#33424085: cov: 2951 ft: 10957 corp: 1499 exec/s: 88 oom/timeout/crash: 0/0/0 time: 15717s job: 1545 dft_time: 0
#33444455: cov: 2951 ft: 10957 corp: 1499 exec/s: 67 oom/timeout/crash: 0/0/0 time: 15728s job: 1546 dft_time: 0
#33471759: cov: 2951 ft: 10957 corp: 1499 exec/s: 90 oom/timeout/crash: 0/0/0 time: 15739s job: 1547 dft_time: 0
#33496235: cov: 2951 ft: 10957 corp: 1499 exec/s: 81 oom/timeout/crash: 0/0/0 time: 15751s job: 1548 dft_time: 0
#33515995: cov: 2951 ft: 10957 corp: 1499 exec/s: 65 oom/timeout/crash: 0/0/0 time: 15761s job: 1549 dft_time: 0
#33535968: cov: 2951 ft: 10957 corp: 1499 exec/s: 66 oom/timeout/crash: 0/0/0 time: 15772s job: 1550 dft_time: 0
#33556880: cov: 2951 ft: 10957 corp: 1499 exec/s: 69 oom/timeout/crash: 0/0/0 time: 15783s job: 1551 dft_time: 0
#33576642: cov: 2951 ft: 10957 corp: 1499 exec/s: 65 oom/timeout/crash: 0/0/0 time: 15794s job: 1552 dft_time: 0
#33604583: cov: 2951 ft: 10957 corp: 1499 exec/s: 92 oom/timeout/crash: 0/0/0 time: 15805s job: 1553 dft_time: 0
#33631956: cov: 2951 ft: 10957 corp: 1499 exec/s: 90 oom/timeout/crash: 0/0/0 time: 15817s job: 1554 dft_time: 0
#33658969: cov: 2951 ft: 10957 corp: 1499 exec/s: 89 oom/timeout/crash: 0/0/0 time: 15828s job: 1555 dft_time: 0
#33679276: cov: 2951 ft: 10957 corp: 1499 exec/s: 67 oom/timeout/crash: 0/0/0 time: 15839s job: 1556 dft_time: 0
#33706290: cov: 2951 ft: 10963 corp: 1500 exec/s: 89 oom/timeout/crash: 0/0/0 time: 15849s job: 1557 dft_time: 0
#33733707: cov: 2951 ft: 10963 corp: 1500 exec/s: 91 oom/timeout/crash: 0/0/0 time: 15861s job: 1558 dft_time: 0
#33754172: cov: 2951 ft: 10963 corp: 1500 exec/s: 67 oom/timeout/crash: 0/0/0 time: 15872s job: 1559 dft_time: 0
#33780975: cov: 2951 ft: 10963 corp: 1500 exec/s: 89 oom/timeout/crash: 0/0/0 time: 15882s job: 1560 dft_time: 0
#33807728: cov: 2951 ft: 10963 corp: 1500 exec/s: 88 oom/timeout/crash: 0/0/0 time: 15893s job: 1561 dft_time: 0
#33834436: cov: 2951 ft: 10963 corp: 1500 exec/s: 88 oom/timeout/crash: 0/0/0 time: 15904s job: 1562 dft_time: 0
#33858108: cov: 2951 ft: 10963 corp: 1500 exec/s: 78 oom/timeout/crash: 0/0/0 time: 15915s job: 1563 dft_time: 0
#33882036: cov: 2951 ft: 10963 corp: 1500 exec/s: 79 oom/timeout/crash: 0/0/0 time: 15926s job: 1564 dft_time: 0
#33904826: cov: 2951 ft: 10963 corp: 1500 exec/s: 75 oom/timeout/crash: 0/0/0 time: 15938s job: 1565 dft_time: 0
#33927777: cov: 2951 ft: 10963 corp: 1500 exec/s: 76 oom/timeout/crash: 0/0/0 time: 15949s job: 1566 dft_time: 0
#33950279: cov: 2951 ft: 10963 corp: 1500 exec/s: 74 oom/timeout/crash: 0/0/0 time: 15961s job: 1567 dft_time: 0
#33976507: cov: 2951 ft: 10963 corp: 1500 exec/s: 87 oom/timeout/crash: 0/0/0 time: 15974s job: 1568 dft_time: 0
#33996502: cov: 2951 ft: 10963 corp: 1500 exec/s: 66 oom/timeout/crash: 0/0/0 time: 15986s job: 1569 dft_time: 0
#34019178: cov: 2952 ft: 10964 corp: 1501 exec/s: 75 oom/timeout/crash: 0/0/0 time: 15996s job: 1570 dft_time: 0
#34043065: cov: 2952 ft: 10964 corp: 1501 exec/s: 79 oom/timeout/crash: 0/0/0 time: 16008s job: 1571 dft_time: 0
#34068123: cov: 2952 ft: 10964 corp: 1501 exec/s: 83 oom/timeout/crash: 0/0/0 time: 16019s job: 1572 dft_time: 0
#34088754: cov: 2952 ft: 10964 corp: 1501 exec/s: 68 oom/timeout/crash: 0/0/0 time: 16029s job: 1573 dft_time: 0
#34109229: cov: 2952 ft: 10964 corp: 1501 exec/s: 68 oom/timeout/crash: 0/0/0 time: 16040s job: 1574 dft_time: 0
#34135574: cov: 2952 ft: 10964 corp: 1501 exec/s: 87 oom/timeout/crash: 0/0/0 time: 16052s job: 1575 dft_time: 0
#34155568: cov: 2952 ft: 10964 corp: 1501 exec/s: 66 oom/timeout/crash: 0/0/0 time: 16062s job: 1576 dft_time: 0
#34175831: cov: 2952 ft: 10964 corp: 1501 exec/s: 67 oom/timeout/crash: 0/0/0 time: 16073s job: 1577 dft_time: 0
#34198381: cov: 2952 ft: 10964 corp: 1501 exec/s: 74 oom/timeout/crash: 0/0/0 time: 16084s job: 1578 dft_time: 0
#34223674: cov: 2952 ft: 10964 corp: 1501 exec/s: 84 oom/timeout/crash: 0/0/0 time: 16095s job: 1579 dft_time: 0
#34251230: cov: 2952 ft: 10964 corp: 1501 exec/s: 91 oom/timeout/crash: 0/0/0 time: 16106s job: 1580 dft_time: 0
#34276504: cov: 2952 ft: 10964 corp: 1501 exec/s: 83 oom/timeout/crash: 0/0/0 time: 16118s job: 1581 dft_time: 0
#34303592: cov: 2952 ft: 10964 corp: 1501 exec/s: 89 oom/timeout/crash: 0/0/0 time: 16130s job: 1582 dft_time: 0
#34326424: cov: 2952 ft: 10965 corp: 1502 exec/s: 75 oom/timeout/crash: 0/0/0 time: 16140s job: 1583 dft_time: 0
#34349836: cov: 2952 ft: 10965 corp: 1502 exec/s: 77 oom/timeout/crash: 0/0/0 time: 16150s job: 1584 dft_time: 0
#34370171: cov: 2952 ft: 10965 corp: 1502 exec/s: 67 oom/timeout/crash: 0/0/0 time: 16162s job: 1585 dft_time: 0
#34398766: cov: 2952 ft: 10965 corp: 1502 exec/s: 95 oom/timeout/crash: 0/0/0 time: 16173s job: 1586 dft_time: 0
#34423578: cov: 2952 ft: 10965 corp: 1502 exec/s: 82 oom/timeout/crash: 0/0/0 time: 16183s job: 1587 dft_time: 0
#34449843: cov: 2952 ft: 10965 corp: 1502 exec/s: 87 oom/timeout/crash: 0/0/0 time: 16195s job: 1588 dft_time: 0
#34474923: cov: 2952 ft: 10969 corp: 1504 exec/s: 83 oom/timeout/crash: 0/0/0 time: 16205s job: 1589 dft_time: 0
#34500597: cov: 2952 ft: 10969 corp: 1504 exec/s: 85 oom/timeout/crash: 0/0/0 time: 16217s job: 1590 dft_time: 0
#34523763: cov: 2952 ft: 10969 corp: 1504 exec/s: 76 oom/timeout/crash: 0/0/0 time: 16227s job: 1591 dft_time: 0
#34545426: cov: 2952 ft: 10969 corp: 1504 exec/s: 71 oom/timeout/crash: 0/0/0 time: 16239s job: 1592 dft_time: 0
#34565838: cov: 2952 ft: 10969 corp: 1504 exec/s: 67 oom/timeout/crash: 0/0/0 time: 16250s job: 1593 dft_time: 0
#34592861: cov: 2952 ft: 10969 corp: 1504 exec/s: 89 oom/timeout/crash: 0/0/0 time: 16262s job: 1594 dft_time: 0
#34617037: cov: 2952 ft: 10969 corp: 1504 exec/s: 80 oom/timeout/crash: 0/0/0 time: 16275s job: 1595 dft_time: 0
#34640045: cov: 2952 ft: 10969 corp: 1504 exec/s: 76 oom/timeout/crash: 0/0/0 time: 16287s job: 1596 dft_time: 0
#34666097: cov: 2952 ft: 10970 corp: 1505 exec/s: 86 oom/timeout/crash: 0/0/0 time: 16297s job: 1597 dft_time: 0
#34685641: cov: 2952 ft: 10970 corp: 1505 exec/s: 64 oom/timeout/crash: 0/0/0 time: 16309s job: 1598 dft_time: 0
#34708835: cov: 2952 ft: 10970 corp: 1505 exec/s: 77 oom/timeout/crash: 0/0/0 time: 16320s job: 1599 dft_time: 0
#34728754: cov: 2952 ft: 10970 corp: 1505 exec/s: 66 oom/timeout/crash: 0/0/0 time: 16330s job: 1600 dft_time: 0
#34748539: cov: 2952 ft: 10971 corp: 1506 exec/s: 65 oom/timeout/crash: 0/0/0 time: 16342s job: 1601 dft_time: 0
#34768210: cov: 2952 ft: 10971 corp: 1506 exec/s: 65 oom/timeout/crash: 0/0/0 time: 16353s job: 1602 dft_time: 0
#34787742: cov: 2952 ft: 10971 corp: 1506 exec/s: 64 oom/timeout/crash: 0/0/0 time: 16363s job: 1603 dft_time: 0
#34811779: cov: 2952 ft: 10971 corp: 1506 exec/s: 79 oom/timeout/crash: 0/0/0 time: 16375s job: 1604 dft_time: 0
#34839236: cov: 2952 ft: 10971 corp: 1506 exec/s: 91 oom/timeout/crash: 0/0/0 time: 16385s job: 1605 dft_time: 0
#34867797: cov: 2952 ft: 10971 corp: 1506 exec/s: 94 oom/timeout/crash: 0/0/0 time: 16396s job: 1606 dft_time: 0
#34895667: cov: 2952 ft: 10971 corp: 1506 exec/s: 92 oom/timeout/crash: 0/0/0 time: 16408s job: 1607 dft_time: 0
#34918992: cov: 2952 ft: 10971 corp: 1506 exec/s: 77 oom/timeout/crash: 0/0/0 time: 16419s job: 1608 dft_time: 0
#34946308: cov: 2952 ft: 10971 corp: 1506 exec/s: 90 oom/timeout/crash: 0/0/0 time: 16431s job: 1609 dft_time: 0
#34971791: cov: 2952 ft: 10971 corp: 1506 exec/s: 84 oom/timeout/crash: 0/0/0 time: 16441s job: 1610 dft_time: 0
#34996485: cov: 2952 ft: 10971 corp: 1506 exec/s: 82 oom/timeout/crash: 0/0/0 time: 16451s job: 1611 dft_time: 0
#35022946: cov: 2952 ft: 10971 corp: 1506 exec/s: 87 oom/timeout/crash: 0/0/0 time: 16463s job: 1612 dft_time: 0
#35049101: cov: 2952 ft: 10973 corp: 1507 exec/s: 86 oom/timeout/crash: 0/0/0 time: 16474s job: 1613 dft_time: 0
#35071969: cov: 2952 ft: 10973 corp: 1507 exec/s: 75 oom/timeout/crash: 0/0/0 time: 16484s job: 1614 dft_time: 0
#35092331: cov: 2952 ft: 10973 corp: 1507 exec/s: 67 oom/timeout/crash: 0/0/0 time: 16496s job: 1615 dft_time: 0
#35119422: cov: 2952 ft: 10973 corp: 1507 exec/s: 90 oom/timeout/crash: 0/0/0 time: 16506s job: 1616 dft_time: 0
#35146552: cov: 2952 ft: 10973 corp: 1507 exec/s: 90 oom/timeout/crash: 0/0/0 time: 16518s job: 1617 dft_time: 0
#35169449: cov: 2952 ft: 10973 corp: 1507 exec/s: 76 oom/timeout/crash: 0/0/0 time: 16528s job: 1618 dft_time: 0
#35189218: cov: 2952 ft: 10973 corp: 1507 exec/s: 65 oom/timeout/crash: 0/0/0 time: 16540s job: 1619 dft_time: 0
#35210788: cov: 2952 ft: 10973 corp: 1507 exec/s: 71 oom/timeout/crash: 0/0/0 time: 16552s job: 1620 dft_time: 0
#35237854: cov: 2952 ft: 10973 corp: 1507 exec/s: 89 oom/timeout/crash: 0/0/0 time: 16563s job: 1621 dft_time: 0
#35263919: cov: 2952 ft: 10973 corp: 1507 exec/s: 86 oom/timeout/crash: 0/0/0 time: 16576s job: 1622 dft_time: 0
#35288690: cov: 2952 ft: 10975 corp: 1508 exec/s: 82 oom/timeout/crash: 0/0/0 time: 16589s job: 1623 dft_time: 0
#35315205: cov: 2952 ft: 10975 corp: 1508 exec/s: 88 oom/timeout/crash: 0/0/0 time: 16598s job: 1624 dft_time: 0
#35342066: cov: 2952 ft: 10975 corp: 1508 exec/s: 89 oom/timeout/crash: 0/0/0 time: 16610s job: 1625 dft_time: 0
#35362272: cov: 2953 ft: 10976 corp: 1509 exec/s: 67 oom/timeout/crash: 0/0/0 time: 16621s job: 1626 dft_time: 0
#35384145: cov: 2953 ft: 10976 corp: 1509 exec/s: 72 oom/timeout/crash: 0/0/0 time: 16631s job: 1627 dft_time: 0
#35403878: cov: 2953 ft: 10976 corp: 1509 exec/s: 65 oom/timeout/crash: 0/0/0 time: 16643s job: 1628 dft_time: 0
#35427305: cov: 2953 ft: 10976 corp: 1509 exec/s: 77 oom/timeout/crash: 0/0/0 time: 16654s job: 1629 dft_time: 0
#35452585: cov: 2953 ft: 10976 corp: 1509 exec/s: 83 oom/timeout/crash: 0/0/0 time: 16664s job: 1630 dft_time: 0
#35473176: cov: 2953 ft: 10976 corp: 1509 exec/s: 68 oom/timeout/crash: 0/0/0 time: 16676s job: 1631 dft_time: 0
#35499037: cov: 2953 ft: 10976 corp: 1509 exec/s: 85 oom/timeout/crash: 0/0/0 time: 16686s job: 1632 dft_time: 0
#35525949: cov: 2953 ft: 10976 corp: 1509 exec/s: 89 oom/timeout/crash: 0/0/0 time: 16697s job: 1633 dft_time: 0
#35546117: cov: 2953 ft: 10976 corp: 1509 exec/s: 67 oom/timeout/crash: 0/0/0 time: 16709s job: 1634 dft_time: 0
#35567781: cov: 2953 ft: 10976 corp: 1509 exec/s: 71 oom/timeout/crash: 0/0/0 time: 16720s job: 1635 dft_time: 0
#35593676: cov: 2953 ft: 10976 corp: 1509 exec/s: 86 oom/timeout/crash: 0/0/0 time: 16732s job: 1636 dft_time: 0
#35619360: cov: 2953 ft: 10976 corp: 1509 exec/s: 85 oom/timeout/crash: 0/0/0 time: 16742s job: 1637 dft_time: 0
#35638785: cov: 2953 ft: 10976 corp: 1509 exec/s: 64 oom/timeout/crash: 0/0/0 time: 16752s job: 1638 dft_time: 0
#35661997: cov: 2953 ft: 10976 corp: 1509 exec/s: 77 oom/timeout/crash: 0/0/0 time: 16764s job: 1639 dft_time: 0
#35683706: cov: 2953 ft: 10976 corp: 1509 exec/s: 72 oom/timeout/crash: 0/0/0 time: 16775s job: 1640 dft_time: 0
#35710474: cov: 2953 ft: 10976 corp: 1509 exec/s: 88 oom/timeout/crash: 0/0/0 time: 16785s job: 1641 dft_time: 0
#35731379: cov: 2953 ft: 10976 corp: 1509 exec/s: 69 oom/timeout/crash: 0/0/0 time: 16797s job: 1642 dft_time: 0
#35756449: cov: 2953 ft: 10976 corp: 1509 exec/s: 83 oom/timeout/crash: 0/0/0 time: 16808s job: 1643 dft_time: 0
#35778101: cov: 2953 ft: 10976 corp: 1509 exec/s: 71 oom/timeout/crash: 0/0/0 time: 16819s job: 1644 dft_time: 0
#35803625: cov: 2953 ft: 10976 corp: 1509 exec/s: 84 oom/timeout/crash: 0/0/0 time: 16829s job: 1645 dft_time: 0
#35828965: cov: 2953 ft: 10976 corp: 1509 exec/s: 84 oom/timeout/crash: 0/0/0 time: 16841s job: 1646 dft_time: 0
#35852902: cov: 2953 ft: 10976 corp: 1509 exec/s: 79 oom/timeout/crash: 0/0/0 time: 16853s job: 1647 dft_time: 0
#35877803: cov: 2953 ft: 10976 corp: 1509 exec/s: 82 oom/timeout/crash: 0/0/0 time: 16865s job: 1648 dft_time: 0
#35898882: cov: 2953 ft: 10976 corp: 1509 exec/s: 70 oom/timeout/crash: 0/0/0 time: 16877s job: 1649 dft_time: 0
#35923394: cov: 2953 ft: 10977 corp: 1510 exec/s: 81 oom/timeout/crash: 0/0/0 time: 16890s job: 1650 dft_time: 0
#35950424: cov: 2953 ft: 10977 corp: 1510 exec/s: 89 oom/timeout/crash: 0/0/0 time: 16900s job: 1651 dft_time: 0
#35975066: cov: 2953 ft: 10977 corp: 1510 exec/s: 81 oom/timeout/crash: 0/0/0 time: 16911s job: 1652 dft_time: 0
#36001929: cov: 2953 ft: 10977 corp: 1510 exec/s: 89 oom/timeout/crash: 0/0/0 time: 16922s job: 1653 dft_time: 0
#36023327: cov: 2953 ft: 10979 corp: 1511 exec/s: 71 oom/timeout/crash: 0/0/0 time: 16932s job: 1654 dft_time: 0
#36043107: cov: 2953 ft: 10979 corp: 1511 exec/s: 65 oom/timeout/crash: 0/0/0 time: 16944s job: 1655 dft_time: 0
#36070529: cov: 2953 ft: 10979 corp: 1511 exec/s: 91 oom/timeout/crash: 0/0/0 time: 16955s job: 1656 dft_time: 0
#36097615: cov: 2953 ft: 10979 corp: 1511 exec/s: 89 oom/timeout/crash: 0/0/0 time: 16966s job: 1657 dft_time: 0
#36119462: cov: 2953 ft: 10979 corp: 1511 exec/s: 72 oom/timeout/crash: 0/0/0 time: 16977s job: 1658 dft_time: 0
#36139086: cov: 2953 ft: 10979 corp: 1511 exec/s: 65 oom/timeout/crash: 0/0/0 time: 16988s job: 1659 dft_time: 0
#36166199: cov: 2953 ft: 10979 corp: 1511 exec/s: 90 oom/timeout/crash: 0/0/0 time: 16998s job: 1660 dft_time: 0
#36188916: cov: 2953 ft: 10979 corp: 1511 exec/s: 75 oom/timeout/crash: 0/0/0 time: 17010s job: 1661 dft_time: 0
#36216661: cov: 2953 ft: 10979 corp: 1511 exec/s: 92 oom/timeout/crash: 0/0/0 time: 17021s job: 1662 dft_time: 0
#36243891: cov: 2953 ft: 10979 corp: 1511 exec/s: 90 oom/timeout/crash: 0/0/0 time: 17033s job: 1663 dft_time: 0
#36270768: cov: 2953 ft: 10979 corp: 1511 exec/s: 89 oom/timeout/crash: 0/0/0 time: 17043s job: 1664 dft_time: 0
#36291836: cov: 2953 ft: 10979 corp: 1511 exec/s: 69 oom/timeout/crash: 0/0/0 time: 17053s job: 1665 dft_time: 0
#36319334: cov: 2953 ft: 10979 corp: 1511 exec/s: 91 oom/timeout/crash: 0/0/0 time: 17065s job: 1666 dft_time: 0
#36340128: cov: 2953 ft: 10979 corp: 1511 exec/s: 69 oom/timeout/crash: 0/0/0 time: 17076s job: 1667 dft_time: 0
#36360828: cov: 2953 ft: 10979 corp: 1511 exec/s: 68 oom/timeout/crash: 0/0/0 time: 17087s job: 1668 dft_time: 0
#36386035: cov: 2953 ft: 10979 corp: 1511 exec/s: 83 oom/timeout/crash: 0/0/0 time: 17098s job: 1669 dft_time: 0
#36413529: cov: 2953 ft: 10979 corp: 1511 exec/s: 91 oom/timeout/crash: 0/0/0 time: 17109s job: 1670 dft_time: 0
#36440661: cov: 2953 ft: 10979 corp: 1511 exec/s: 90 oom/timeout/crash: 0/0/0 time: 17120s job: 1671 dft_time: 0
#36463474: cov: 2953 ft: 10979 corp: 1511 exec/s: 75 oom/timeout/crash: 0/0/0 time: 17131s job: 1672 dft_time: 0
#36482940: cov: 2953 ft: 10979 corp: 1511 exec/s: 64 oom/timeout/crash: 0/0/0 time: 17142s job: 1673 dft_time: 0
#36503943: cov: 2953 ft: 10979 corp: 1511 exec/s: 69 oom/timeout/crash: 0/0/0 time: 17154s job: 1674 dft_time: 0
#36528274: cov: 2953 ft: 10979 corp: 1511 exec/s: 80 oom/timeout/crash: 0/0/0 time: 17166s job: 1675 dft_time: 0
#36548319: cov: 2953 ft: 10979 corp: 1511 exec/s: 66 oom/timeout/crash: 0/0/0 time: 17178s job: 1676 dft_time: 0
#36575742: cov: 2953 ft: 10980 corp: 1512 exec/s: 91 oom/timeout/crash: 0/0/0 time: 17191s job: 1677 dft_time: 0
#36602850: cov: 2953 ft: 10980 corp: 1512 exec/s: 90 oom/timeout/crash: 0/0/0 time: 17201s job: 1678 dft_time: 0
#36625891: cov: 2953 ft: 10980 corp: 1512 exec/s: 76 oom/timeout/crash: 0/0/0 time: 17213s job: 1679 dft_time: 0
#36651905: cov: 2953 ft: 10980 corp: 1512 exec/s: 86 oom/timeout/crash: 0/0/0 time: 17223s job: 1680 dft_time: 0
#36672481: cov: 2953 ft: 10980 corp: 1512 exec/s: 68 oom/timeout/crash: 0/0/0 time: 17234s job: 1681 dft_time: 0
#36699833: cov: 2953 ft: 10980 corp: 1512 exec/s: 90 oom/timeout/crash: 0/0/0 time: 17245s job: 1682 dft_time: 0
#36724494: cov: 2953 ft: 10980 corp: 1512 exec/s: 81 oom/timeout/crash: 0/0/0 time: 17256s job: 1683 dft_time: 0
#36744169: cov: 2953 ft: 10980 corp: 1512 exec/s: 65 oom/timeout/crash: 0/0/0 time: 17267s job: 1684 dft_time: 0
#36763861: cov: 2953 ft: 10980 corp: 1512 exec/s: 65 oom/timeout/crash: 0/0/0 time: 17278s job: 1685 dft_time: 0
#36789575: cov: 2953 ft: 10980 corp: 1512 exec/s: 85 oom/timeout/crash: 0/0/0 time: 17289s job: 1686 dft_time: 0
#36809360: cov: 2953 ft: 10980 corp: 1512 exec/s: 65 oom/timeout/crash: 0/0/0 time: 17300s job: 1687 dft_time: 0
#36835985: cov: 2953 ft: 10980 corp: 1512 exec/s: 88 oom/timeout/crash: 0/0/0 time: 17311s job: 1688 dft_time: 0
#36858735: cov: 2953 ft: 10980 corp: 1512 exec/s: 75 oom/timeout/crash: 0/0/0 time: 17323s job: 1689 dft_time: 0
#36878704: cov: 2953 ft: 10980 corp: 1512 exec/s: 66 oom/timeout/crash: 0/0/0 time: 17334s job: 1690 dft_time: 0
#36898886: cov: 2953 ft: 10980 corp: 1512 exec/s: 67 oom/timeout/crash: 0/0/0 time: 17345s job: 1691 dft_time: 0
#36925756: cov: 2953 ft: 10980 corp: 1512 exec/s: 89 oom/timeout/crash: 0/0/0 time: 17355s job: 1692 dft_time: 0
#36948427: cov: 2953 ft: 10980 corp: 1512 exec/s: 75 oom/timeout/crash: 0/0/0 time: 17366s job: 1693 dft_time: 0
#36973764: cov: 2953 ft: 10980 corp: 1512 exec/s: 84 oom/timeout/crash: 0/0/0 time: 17377s job: 1694 dft_time: 0
#36998252: cov: 2953 ft: 10980 corp: 1512 exec/s: 81 oom/timeout/crash: 0/0/0 time: 17388s job: 1695 dft_time: 0
#37022637: cov: 2953 ft: 10980 corp: 1512 exec/s: 81 oom/timeout/crash: 0/0/0 time: 17399s job: 1696 dft_time: 0
#37043353: cov: 2953 ft: 10980 corp: 1512 exec/s: 68 oom/timeout/crash: 0/0/0 time: 17410s job: 1697 dft_time: 0
#37070966: cov: 2953 ft: 10982 corp: 1513 exec/s: 91 oom/timeout/crash: 0/0/0 time: 17421s job: 1698 dft_time: 0
#37094100: cov: 2953 ft: 10983 corp: 1514 exec/s: 76 oom/timeout/crash: 0/0/0 time: 17432s job: 1699 dft_time: 0
#37115008: cov: 2953 ft: 10983 corp: 1514 exec/s: 69 oom/timeout/crash: 0/0/0 time: 17443s job: 1700 dft_time: 0
#37136392: cov: 2953 ft: 10983 corp: 1514 exec/s: 71 oom/timeout/crash: 0/0/0 time: 17455s job: 1701 dft_time: 0
#37158595: cov: 2953 ft: 10983 corp: 1514 exec/s: 73 oom/timeout/crash: 0/0/0 time: 17467s job: 1702 dft_time: 0
#37185825: cov: 2953 ft: 10983 corp: 1514 exec/s: 90 oom/timeout/crash: 0/0/0 time: 17479s job: 1703 dft_time: 0
#37211486: cov: 2953 ft: 10983 corp: 1514 exec/s: 85 oom/timeout/crash: 0/0/0 time: 17492s job: 1704 dft_time: 0
#37238556: cov: 2953 ft: 10983 corp: 1514 exec/s: 89 oom/timeout/crash: 0/0/0 time: 17502s job: 1705 dft_time: 0
#37263482: cov: 2953 ft: 10983 corp: 1514 exec/s: 82 oom/timeout/crash: 0/0/0 time: 17514s job: 1706 dft_time: 0
#37285527: cov: 2953 ft: 10983 corp: 1514 exec/s: 73 oom/timeout/crash: 0/0/0 time: 17524s job: 1707 dft_time: 0
#37309669: cov: 2953 ft: 10983 corp: 1514 exec/s: 80 oom/timeout/crash: 0/0/0 time: 17535s job: 1708 dft_time: 0
#37336951: cov: 2953 ft: 10983 corp: 1514 exec/s: 90 oom/timeout/crash: 0/0/0 time: 17546s job: 1709 dft_time: 0
#37364009: cov: 2953 ft: 10983 corp: 1514 exec/s: 89 oom/timeout/crash: 0/0/0 time: 17557s job: 1710 dft_time: 0
#37386363: cov: 2953 ft: 10983 corp: 1514 exec/s: 74 oom/timeout/crash: 0/0/0 time: 17568s job: 1711 dft_time: 0
#37407224: cov: 2953 ft: 10983 corp: 1514 exec/s: 69 oom/timeout/crash: 0/0/0 time: 17579s job: 1712 dft_time: 0
#37428907: cov: 2953 ft: 10991 corp: 1516 exec/s: 72 oom/timeout/crash: 0/0/0 time: 17590s job: 1713 dft_time: 0
#37456123: cov: 2953 ft: 10991 corp: 1516 exec/s: 90 oom/timeout/crash: 0/0/0 time: 17601s job: 1714 dft_time: 0
#37477677: cov: 2953 ft: 10991 corp: 1516 exec/s: 71 oom/timeout/crash: 0/0/0 time: 17612s job: 1715 dft_time: 0
#37504382: cov: 2953 ft: 10991 corp: 1516 exec/s: 88 oom/timeout/crash: 0/0/0 time: 17624s job: 1716 dft_time: 0
#37531504: cov: 2953 ft: 10993 corp: 1517 exec/s: 90 oom/timeout/crash: 0/0/0 time: 17635s job: 1717 dft_time: 0
#37553816: cov: 2953 ft: 10993 corp: 1517 exec/s: 74 oom/timeout/crash: 0/0/0 time: 17646s job: 1718 dft_time: 0
#37580803: cov: 2953 ft: 10993 corp: 1517 exec/s: 89 oom/timeout/crash: 0/0/0 time: 17656s job: 1719 dft_time: 0
#37605087: cov: 2953 ft: 10996 corp: 1518 exec/s: 80 oom/timeout/crash: 0/0/0 time: 17668s job: 1720 dft_time: 0
#37625672: cov: 2953 ft: 10996 corp: 1518 exec/s: 68 oom/timeout/crash: 0/0/0 time: 17679s job: 1721 dft_time: 0
#37649964: cov: 2953 ft: 10996 corp: 1518 exec/s: 80 oom/timeout/crash: 0/0/0 time: 17689s job: 1722 dft_time: 0
#37673383: cov: 2953 ft: 10997 corp: 1519 exec/s: 77 oom/timeout/crash: 0/0/0 time: 17700s job: 1723 dft_time: 0
#37692952: cov: 2953 ft: 10997 corp: 1519 exec/s: 65 oom/timeout/crash: 0/0/0 time: 17711s job: 1724 dft_time: 0
#37714525: cov: 2953 ft: 10997 corp: 1519 exec/s: 71 oom/timeout/crash: 0/0/0 time: 17722s job: 1725 dft_time: 0
#37742041: cov: 2953 ft: 10999 corp: 1520 exec/s: 91 oom/timeout/crash: 0/0/0 time: 17733s job: 1726 dft_time: 0
#37769265: cov: 2953 ft: 10999 corp: 1520 exec/s: 90 oom/timeout/crash: 0/0/0 time: 17744s job: 1727 dft_time: 0
#37791816: cov: 2953 ft: 10999 corp: 1520 exec/s: 74 oom/timeout/crash: 0/0/0 time: 17756s job: 1728 dft_time: 0
#37818895: cov: 2953 ft: 10999 corp: 1520 exec/s: 89 oom/timeout/crash: 0/0/0 time: 17768s job: 1729 dft_time: 0
#37843929: cov: 2953 ft: 10999 corp: 1520 exec/s: 83 oom/timeout/crash: 0/0/0 time: 17781s job: 1730 dft_time: 0
#37867763: cov: 2953 ft: 10999 corp: 1520 exec/s: 79 oom/timeout/crash: 0/0/0 time: 17793s job: 1731 dft_time: 0
#37888786: cov: 2953 ft: 10999 corp: 1520 exec/s: 69 oom/timeout/crash: 0/0/0 time: 17803s job: 1732 dft_time: 0
#37908652: cov: 2953 ft: 11000 corp: 1521 exec/s: 66 oom/timeout/crash: 0/0/0 time: 17815s job: 1733 dft_time: 0
#37934658: cov: 2953 ft: 11000 corp: 1521 exec/s: 86 oom/timeout/crash: 0/0/0 time: 17825s job: 1734 dft_time: 0
#37954672: cov: 2953 ft: 11000 corp: 1521 exec/s: 66 oom/timeout/crash: 0/0/0 time: 17836s job: 1735 dft_time: 0
#37981576: cov: 2953 ft: 11000 corp: 1521 exec/s: 89 oom/timeout/crash: 0/0/0 time: 17847s job: 1736 dft_time: 0
#38002385: cov: 2953 ft: 11000 corp: 1521 exec/s: 69 oom/timeout/crash: 0/0/0 time: 17859s job: 1737 dft_time: 0
#38021910: cov: 2953 ft: 11000 corp: 1521 exec/s: 64 oom/timeout/crash: 0/0/0 time: 17869s job: 1738 dft_time: 0
#38045968: cov: 2953 ft: 11000 corp: 1521 exec/s: 79 oom/timeout/crash: 0/0/0 time: 17880s job: 1739 dft_time: 0
#38066923: cov: 2953 ft: 11000 corp: 1521 exec/s: 69 oom/timeout/crash: 0/0/0 time: 17891s job: 1740 dft_time: 0
#38094262: cov: 2953 ft: 11000 corp: 1521 exec/s: 90 oom/timeout/crash: 0/0/0 time: 17902s job: 1741 dft_time: 0
#38117720: cov: 2953 ft: 11000 corp: 1521 exec/s: 77 oom/timeout/crash: 0/0/0 time: 17913s job: 1742 dft_time: 0
#38145586: cov: 2953 ft: 11000 corp: 1521 exec/s: 92 oom/timeout/crash: 0/0/0 time: 17925s job: 1743 dft_time: 0
#38172643: cov: 2953 ft: 11000 corp: 1521 exec/s: 89 oom/timeout/crash: 0/0/0 time: 17936s job: 1744 dft_time: 0
#38199782: cov: 2953 ft: 11000 corp: 1521 exec/s: 90 oom/timeout/crash: 0/0/0 time: 17947s job: 1745 dft_time: 0
#38222474: cov: 2953 ft: 11000 corp: 1521 exec/s: 75 oom/timeout/crash: 0/0/0 time: 17957s job: 1746 dft_time: 0
#38249468: cov: 2953 ft: 11000 corp: 1521 exec/s: 89 oom/timeout/crash: 0/0/0 time: 17969s job: 1747 dft_time: 0
#38270989: cov: 2953 ft: 11000 corp: 1521 exec/s: 71 oom/timeout/crash: 0/0/0 time: 17980s job: 1748 dft_time: 0
#38295862: cov: 2953 ft: 11000 corp: 1521 exec/s: 82 oom/timeout/crash: 0/0/0 time: 17990s job: 1749 dft_time: 0
#38324093: cov: 2953 ft: 11000 corp: 1521 exec/s: 93 oom/timeout/crash: 0/0/0 time: 18001s job: 1750 dft_time: 0
#38343928: cov: 2953 ft: 11000 corp: 1521 exec/s: 65 oom/timeout/crash: 0/0/0 time: 18012s job: 1751 dft_time: 0
#38371126: cov: 2953 ft: 11000 corp: 1521 exec/s: 90 oom/timeout/crash: 0/0/0 time: 18024s job: 1752 dft_time: 0
#38396898: cov: 2953 ft: 11000 corp: 1521 exec/s: 85 oom/timeout/crash: 0/0/0 time: 18034s job: 1753 dft_time: 0
#38417981: cov: 2953 ft: 11000 corp: 1521 exec/s: 70 oom/timeout/crash: 0/0/0 time: 18046s job: 1754 dft_time: 0
#38440231: cov: 2953 ft: 11000 corp: 1521 exec/s: 73 oom/timeout/crash: 0/0/0 time: 18057s job: 1755 dft_time: 0
#38462903: cov: 2953 ft: 11000 corp: 1521 exec/s: 75 oom/timeout/crash: 0/0/0 time: 18069s job: 1756 dft_time: 0
#38484454: cov: 2953 ft: 11000 corp: 1521 exec/s: 71 oom/timeout/crash: 0/0/0 time: 18082s job: 1757 dft_time: 0
#38508036: cov: 2953 ft: 11000 corp: 1521 exec/s: 78 oom/timeout/crash: 0/0/0 time: 18094s job: 1758 dft_time: 0
#38530580: cov: 2953 ft: 11000 corp: 1521 exec/s: 74 oom/timeout/crash: 0/0/0 time: 18104s job: 1759 dft_time: 0
#38550563: cov: 2953 ft: 11000 corp: 1521 exec/s: 66 oom/timeout/crash: 0/0/0 time: 18116s job: 1760 dft_time: 0
#38574811: cov: 2953 ft: 11000 corp: 1521 exec/s: 80 oom/timeout/crash: 0/0/0 time: 18127s job: 1761 dft_time: 0
#38595584: cov: 2953 ft: 11000 corp: 1521 exec/s: 69 oom/timeout/crash: 0/0/0 time: 18137s job: 1762 dft_time: 0
#38623198: cov: 2953 ft: 11000 corp: 1521 exec/s: 91 oom/timeout/crash: 0/0/0 time: 18149s job: 1763 dft_time: 0
#38650065: cov: 2953 ft: 11000 corp: 1521 exec/s: 89 oom/timeout/crash: 0/0/0 time: 18160s job: 1764 dft_time: 0
#38673753: cov: 2953 ft: 11000 corp: 1521 exec/s: 78 oom/timeout/crash: 0/0/0 time: 18170s job: 1765 dft_time: 0
#38700737: cov: 2953 ft: 11000 corp: 1521 exec/s: 89 oom/timeout/crash: 0/0/0 time: 18182s job: 1766 dft_time: 0
#38720671: cov: 2953 ft: 11000 corp: 1521 exec/s: 66 oom/timeout/crash: 0/0/0 time: 18192s job: 1767 dft_time: 0
#38742966: cov: 2953 ft: 11000 corp: 1521 exec/s: 74 oom/timeout/crash: 0/0/0 time: 18203s job: 1768 dft_time: 0
#38770777: cov: 2953 ft: 11002 corp: 1522 exec/s: 92 oom/timeout/crash: 0/0/0 time: 18214s job: 1769 dft_time: 0
#38794521: cov: 2953 ft: 11002 corp: 1522 exec/s: 78 oom/timeout/crash: 0/0/0 time: 18226s job: 1770 dft_time: 0
#38819322: cov: 2953 ft: 11002 corp: 1522 exec/s: 82 oom/timeout/crash: 0/0/0 time: 18238s job: 1771 dft_time: 0
#38842210: cov: 2953 ft: 11002 corp: 1522 exec/s: 76 oom/timeout/crash: 0/0/0 time: 18248s job: 1772 dft_time: 0
#38866001: cov: 2953 ft: 11002 corp: 1522 exec/s: 79 oom/timeout/crash: 0/0/0 time: 18258s job: 1773 dft_time: 0
#38889045: cov: 2953 ft: 11003 corp: 1523 exec/s: 76 oom/timeout/crash: 0/0/0 time: 18270s job: 1774 dft_time: 0
#38913261: cov: 2953 ft: 11003 corp: 1523 exec/s: 80 oom/timeout/crash: 0/0/0 time: 18281s job: 1775 dft_time: 0
#38933158: cov: 2953 ft: 11003 corp: 1523 exec/s: 66 oom/timeout/crash: 0/0/0 time: 18291s job: 1776 dft_time: 0
#38952796: cov: 2953 ft: 11003 corp: 1523 exec/s: 65 oom/timeout/crash: 0/0/0 time: 18302s job: 1777 dft_time: 0
#38978793: cov: 2953 ft: 11003 corp: 1523 exec/s: 86 oom/timeout/crash: 0/0/0 time: 18313s job: 1778 dft_time: 0
#39001629: cov: 2953 ft: 11003 corp: 1523 exec/s: 75 oom/timeout/crash: 0/0/0 time: 18325s job: 1779 dft_time: 0
#39029181: cov: 2953 ft: 11004 corp: 1524 exec/s: 91 oom/timeout/crash: 0/0/0 time: 18335s job: 1780 dft_time: 0
#39056173: cov: 2953 ft: 11004 corp: 1524 exec/s: 89 oom/timeout/crash: 0/0/0 time: 18347s job: 1781 dft_time: 0
#39083524: cov: 2953 ft: 11004 corp: 1524 exec/s: 90 oom/timeout/crash: 0/0/0 time: 18358s job: 1782 dft_time: 0
#39111630: cov: 2953 ft: 11004 corp: 1524 exec/s: 93 oom/timeout/crash: 0/0/0 time: 18370s job: 1783 dft_time: 0
#39138011: cov: 2953 ft: 11004 corp: 1524 exec/s: 87 oom/timeout/crash: 0/0/0 time: 18383s job: 1784 dft_time: 0
#39159738: cov: 2953 ft: 11004 corp: 1524 exec/s: 72 oom/timeout/crash: 0/0/0 time: 18395s job: 1785 dft_time: 0
#39179468: cov: 2953 ft: 11004 corp: 1524 exec/s: 65 oom/timeout/crash: 0/0/0 time: 18405s job: 1786 dft_time: 0
#39199826: cov: 2953 ft: 11004 corp: 1524 exec/s: 67 oom/timeout/crash: 0/0/0 time: 18417s job: 1787 dft_time: 0
#39220462: cov: 2953 ft: 11004 corp: 1524 exec/s: 68 oom/timeout/crash: 0/0/0 time: 18428s job: 1788 dft_time: 0
#39241866: cov: 2953 ft: 11004 corp: 1524 exec/s: 71 oom/timeout/crash: 0/0/0 time: 18438s job: 1789 dft_time: 0
#39268079: cov: 2953 ft: 11004 corp: 1524 exec/s: 87 oom/timeout/crash: 0/0/0 time: 18450s job: 1790 dft_time: 0
#39295046: cov: 2953 ft: 11004 corp: 1524 exec/s: 89 oom/timeout/crash: 0/0/0 time: 18461s job: 1791 dft_time: 0
#39315519: cov: 2953 ft: 11004 corp: 1524 exec/s: 68 oom/timeout/crash: 0/0/0 time: 18471s job: 1792 dft_time: 0
#39342585: cov: 2953 ft: 11004 corp: 1524 exec/s: 89 oom/timeout/crash: 0/0/0 time: 18483s job: 1793 dft_time: 0
#39363702: cov: 2953 ft: 11004 corp: 1524 exec/s: 70 oom/timeout/crash: 0/0/0 time: 18493s job: 1794 dft_time: 0
#39384242: cov: 2953 ft: 11004 corp: 1524 exec/s: 68 oom/timeout/crash: 0/0/0 time: 18504s job: 1795 dft_time: 0
#39408152: cov: 2953 ft: 11004 corp: 1524 exec/s: 79 oom/timeout/crash: 0/0/0 time: 18516s job: 1796 dft_time: 0
#39432594: cov: 2953 ft: 11004 corp: 1524 exec/s: 81 oom/timeout/crash: 0/0/0 time: 18527s job: 1797 dft_time: 0
#39460490: cov: 2953 ft: 11004 corp: 1524 exec/s: 92 oom/timeout/crash: 0/0/0 time: 18539s job: 1798 dft_time: 0
#39487882: cov: 2953 ft: 11004 corp: 1524 exec/s: 91 oom/timeout/crash: 0/0/0 time: 18549s job: 1799 dft_time: 0
#39508727: cov: 2953 ft: 11004 corp: 1524 exec/s: 69 oom/timeout/crash: 0/0/0 time: 18559s job: 1800 dft_time: 0
#39529113: cov: 2953 ft: 11004 corp: 1524 exec/s: 67 oom/timeout/crash: 0/0/0 time: 18571s job: 1801 dft_time: 0
#39551945: cov: 2953 ft: 11004 corp: 1524 exec/s: 75 oom/timeout/crash: 0/0/0 time: 18582s job: 1802 dft_time: 0
#39575384: cov: 2953 ft: 11005 corp: 1525 exec/s: 77 oom/timeout/crash: 0/0/0 time: 18592s job: 1803 dft_time: 0
#39594996: cov: 2953 ft: 11005 corp: 1525 exec/s: 65 oom/timeout/crash: 0/0/0 time: 18604s job: 1804 dft_time: 0
#39616106: cov: 2953 ft: 11005 corp: 1525 exec/s: 70 oom/timeout/crash: 0/0/0 time: 18615s job: 1805 dft_time: 0
#39642148: cov: 2953 ft: 11005 corp: 1525 exec/s: 86 oom/timeout/crash: 0/0/0 time: 18626s job: 1806 dft_time: 0
#39668330: cov: 2953 ft: 11005 corp: 1525 exec/s: 86 oom/timeout/crash: 0/0/0 time: 18636s job: 1807 dft_time: 0
#39696019: cov: 2953 ft: 11005 corp: 1525 exec/s: 91 oom/timeout/crash: 0/0/0 time: 18648s job: 1808 dft_time: 0
#39721032: cov: 2953 ft: 11005 corp: 1525 exec/s: 83 oom/timeout/crash: 0/0/0 time: 18660s job: 1809 dft_time: 0
#39748766: cov: 2953 ft: 11005 corp: 1525 exec/s: 92 oom/timeout/crash: 0/0/0 time: 18671s job: 1810 dft_time: 0
#39771618: cov: 2953 ft: 11005 corp: 1525 exec/s: 75 oom/timeout/crash: 0/0/0 time: 18684s job: 1811 dft_time: 0
#39792325: cov: 2953 ft: 11005 corp: 1525 exec/s: 68 oom/timeout/crash: 0/0/0 time: 18697s job: 1812 dft_time: 0
#39819971: cov: 2953 ft: 11005 corp: 1525 exec/s: 91 oom/timeout/crash: 0/0/0 time: 18707s job: 1813 dft_time: 0
#39840841: cov: 2953 ft: 11005 corp: 1525 exec/s: 69 oom/timeout/crash: 0/0/0 time: 18718s job: 1814 dft_time: 0
#39866214: cov: 2953 ft: 11005 corp: 1525 exec/s: 84 oom/timeout/crash: 0/0/0 time: 18729s job: 1815 dft_time: 0
#39888278: cov: 2953 ft: 11005 corp: 1525 exec/s: 73 oom/timeout/crash: 0/0/0 time: 18739s job: 1816 dft_time: 0
#39910555: cov: 2953 ft: 11005 corp: 1525 exec/s: 74 oom/timeout/crash: 0/0/0 time: 18751s job: 1817 dft_time: 0
#39933755: cov: 2953 ft: 11005 corp: 1525 exec/s: 77 oom/timeout/crash: 0/0/0 time: 18762s job: 1818 dft_time: 0
#39955596: cov: 2953 ft: 11005 corp: 1525 exec/s: 72 oom/timeout/crash: 0/0/0 time: 18773s job: 1819 dft_time: 0
#39980913: cov: 2953 ft: 11005 corp: 1525 exec/s: 84 oom/timeout/crash: 0/0/0 time: 18784s job: 1820 dft_time: 0
#40006051: cov: 2953 ft: 11005 corp: 1525 exec/s: 83 oom/timeout/crash: 0/0/0 time: 18794s job: 1821 dft_time: 0
#40033372: cov: 2953 ft: 11005 corp: 1525 exec/s: 90 oom/timeout/crash: 0/0/0 time: 18805s job: 1822 dft_time: 0
#40056553: cov: 2953 ft: 11005 corp: 1525 exec/s: 77 oom/timeout/crash: 0/0/0 time: 18817s job: 1823 dft_time: 0
#40077560: cov: 2953 ft: 11005 corp: 1525 exec/s: 69 oom/timeout/crash: 0/0/0 time: 18828s job: 1824 dft_time: 0
#40100368: cov: 2953 ft: 11005 corp: 1525 exec/s: 75 oom/timeout/crash: 0/0/0 time: 18840s job: 1825 dft_time: 0
#40123456: cov: 2953 ft: 11005 corp: 1525 exec/s: 76 oom/timeout/crash: 0/0/0 time: 18850s job: 1826 dft_time: 0
#40145139: cov: 2953 ft: 11005 corp: 1525 exec/s: 72 oom/timeout/crash: 0/0/0 time: 18860s job: 1827 dft_time: 0
#40170535: cov: 2953 ft: 11005 corp: 1525 exec/s: 84 oom/timeout/crash: 0/0/0 time: 18872s job: 1828 dft_time: 0
#40194159: cov: 2953 ft: 11005 corp: 1525 exec/s: 78 oom/timeout/crash: 0/0/0 time: 18883s job: 1829 dft_time: 0
#40218038: cov: 2953 ft: 11005 corp: 1525 exec/s: 79 oom/timeout/crash: 0/0/0 time: 18894s job: 1830 dft_time: 0
#40239365: cov: 2953 ft: 11005 corp: 1525 exec/s: 70 oom/timeout/crash: 0/0/0 time: 18905s job: 1831 dft_time: 0
#40266089: cov: 2953 ft: 11005 corp: 1525 exec/s: 88 oom/timeout/crash: 0/0/0 time: 18916s job: 1832 dft_time: 0
#40289724: cov: 2953 ft: 11006 corp: 1526 exec/s: 78 oom/timeout/crash: 0/0/0 time: 18927s job: 1833 dft_time: 0
#40312780: cov: 2953 ft: 11006 corp: 1526 exec/s: 76 oom/timeout/crash: 0/0/0 time: 18938s job: 1834 dft_time: 0
#40338232: cov: 2953 ft: 11006 corp: 1526 exec/s: 84 oom/timeout/crash: 0/0/0 time: 18949s job: 1835 dft_time: 0
#40364441: cov: 2953 ft: 11006 corp: 1526 exec/s: 87 oom/timeout/crash: 0/0/0 time: 18961s job: 1836 dft_time: 0
#40389127: cov: 2953 ft: 11006 corp: 1526 exec/s: 82 oom/timeout/crash: 0/0/0 time: 18973s job: 1837 dft_time: 0
#40413574: cov: 2953 ft: 11006 corp: 1526 exec/s: 81 oom/timeout/crash: 0/0/0 time: 18985s job: 1838 dft_time: 0
#40434646: cov: 2953 ft: 11006 corp: 1526 exec/s: 70 oom/timeout/crash: 0/0/0 time: 18998s job: 1839 dft_time: 0
#40458489: cov: 2953 ft: 11006 corp: 1526 exec/s: 79 oom/timeout/crash: 0/0/0 time: 19008s job: 1840 dft_time: 0
#40482958: cov: 2953 ft: 11006 corp: 1526 exec/s: 81 oom/timeout/crash: 0/0/0 time: 19019s job: 1841 dft_time: 0
#40505596: cov: 2953 ft: 11006 corp: 1526 exec/s: 75 oom/timeout/crash: 0/0/0 time: 19030s job: 1842 dft_time: 0
#40531659: cov: 2953 ft: 11006 corp: 1526 exec/s: 86 oom/timeout/crash: 0/0/0 time: 19040s job: 1843 dft_time: 0
#40553958: cov: 2953 ft: 11006 corp: 1526 exec/s: 74 oom/timeout/crash: 0/0/0 time: 19052s job: 1844 dft_time: 0
#40579870: cov: 2953 ft: 11006 corp: 1526 exec/s: 86 oom/timeout/crash: 0/0/0 time: 19063s job: 1845 dft_time: 0
#40606084: cov: 2953 ft: 11006 corp: 1526 exec/s: 87 oom/timeout/crash: 0/0/0 time: 19074s job: 1846 dft_time: 0
#40629335: cov: 2953 ft: 11006 corp: 1526 exec/s: 77 oom/timeout/crash: 0/0/0 time: 19085s job: 1847 dft_time: 0
#40648681: cov: 2953 ft: 11006 corp: 1526 exec/s: 64 oom/timeout/crash: 0/0/0 time: 19096s job: 1848 dft_time: 0
#40669581: cov: 2953 ft: 11006 corp: 1526 exec/s: 69 oom/timeout/crash: 0/0/0 time: 19106s job: 1849 dft_time: 0
#40691736: cov: 2953 ft: 11006 corp: 1526 exec/s: 73 oom/timeout/crash: 0/0/0 time: 19118s job: 1850 dft_time: 0
#40717246: cov: 2953 ft: 11006 corp: 1526 exec/s: 84 oom/timeout/crash: 0/0/0 time: 19129s job: 1851 dft_time: 0
#40742048: cov: 2953 ft: 11006 corp: 1526 exec/s: 82 oom/timeout/crash: 0/0/0 time: 19141s job: 1852 dft_time: 0
#40768167: cov: 2953 ft: 11006 corp: 1526 exec/s: 86 oom/timeout/crash: 0/0/0 time: 19152s job: 1853 dft_time: 0
#40794150: cov: 2953 ft: 11006 corp: 1526 exec/s: 86 oom/timeout/crash: 0/0/0 time: 19161s job: 1854 dft_time: 0
#40814446: cov: 2953 ft: 11006 corp: 1526 exec/s: 67 oom/timeout/crash: 0/0/0 time: 19173s job: 1855 dft_time: 0
#40835149: cov: 2953 ft: 11006 corp: 1526 exec/s: 68 oom/timeout/crash: 0/0/0 time: 19184s job: 1856 dft_time: 0
#40858330: cov: 2953 ft: 11006 corp: 1526 exec/s: 77 oom/timeout/crash: 0/0/0 time: 19195s job: 1857 dft_time: 0
#40879993: cov: 2953 ft: 11006 corp: 1526 exec/s: 71 oom/timeout/crash: 0/0/0 time: 19206s job: 1858 dft_time: 0
#40902542: cov: 2953 ft: 11006 corp: 1526 exec/s: 74 oom/timeout/crash: 0/0/0 time: 19217s job: 1859 dft_time: 0
#40926355: cov: 2953 ft: 11008 corp: 1528 exec/s: 79 oom/timeout/crash: 0/0/0 time: 19228s job: 1860 dft_time: 0
#40952035: cov: 2953 ft: 11008 corp: 1528 exec/s: 85 oom/timeout/crash: 0/0/0 time: 19239s job: 1861 dft_time: 0
#40976680: cov: 2953 ft: 11008 corp: 1528 exec/s: 81 oom/timeout/crash: 0/0/0 time: 19250s job: 1862 dft_time: 0
#41003132: cov: 2953 ft: 11008 corp: 1528 exec/s: 87 oom/timeout/crash: 0/0/0 time: 19262s job: 1863 dft_time: 0
#41028834: cov: 2953 ft: 11008 corp: 1528 exec/s: 85 oom/timeout/crash: 0/0/0 time: 19274s job: 1864 dft_time: 0
#41050520: cov: 2953 ft: 11008 corp: 1528 exec/s: 72 oom/timeout/crash: 0/0/0 time: 19286s job: 1865 dft_time: 0
#41073336: cov: 2953 ft: 11008 corp: 1528 exec/s: 75 oom/timeout/crash: 0/0/0 time: 19299s job: 1866 dft_time: 0
#41099261: cov: 2953 ft: 11008 corp: 1528 exec/s: 86 oom/timeout/crash: 0/0/0 time: 19309s job: 1867 dft_time: 0
#41123885: cov: 2953 ft: 11008 corp: 1528 exec/s: 81 oom/timeout/crash: 0/0/0 time: 19321s job: 1868 dft_time: 0
#41149848: cov: 2953 ft: 11008 corp: 1528 exec/s: 86 oom/timeout/crash: 0/0/0 time: 19331s job: 1869 dft_time: 0
#41171493: cov: 2953 ft: 11008 corp: 1528 exec/s: 71 oom/timeout/crash: 0/0/0 time: 19342s job: 1870 dft_time: 0
#41190760: cov: 2953 ft: 11008 corp: 1528 exec/s: 64 oom/timeout/crash: 0/0/0 time: 19353s job: 1871 dft_time: 0
#41217782: cov: 2953 ft: 11008 corp: 1528 exec/s: 89 oom/timeout/crash: 0/0/0 time: 19364s job: 1872 dft_time: 0
#41238556: cov: 2953 ft: 11008 corp: 1528 exec/s: 69 oom/timeout/crash: 0/0/0 time: 19375s job: 1873 dft_time: 0
#41262309: cov: 2953 ft: 11008 corp: 1528 exec/s: 78 oom/timeout/crash: 0/0/0 time: 19386s job: 1874 dft_time: 0
#41284242: cov: 2953 ft: 11008 corp: 1528 exec/s: 72 oom/timeout/crash: 0/0/0 time: 19397s job: 1875 dft_time: 0
#41309710: cov: 2953 ft: 11008 corp: 1528 exec/s: 84 oom/timeout/crash: 0/0/0 time: 19408s job: 1876 dft_time: 0
#41329479: cov: 2953 ft: 11008 corp: 1528 exec/s: 65 oom/timeout/crash: 0/0/0 time: 19419s job: 1877 dft_time: 0
#41349977: cov: 2953 ft: 11008 corp: 1528 exec/s: 68 oom/timeout/crash: 0/0/0 time: 19431s job: 1878 dft_time: 0
#41369942: cov: 2953 ft: 11008 corp: 1528 exec/s: 66 oom/timeout/crash: 0/0/0 time: 19442s job: 1879 dft_time: 0
#41394418: cov: 2953 ft: 11008 corp: 1528 exec/s: 81 oom/timeout/crash: 0/0/0 time: 19453s job: 1880 dft_time: 0
#41417622: cov: 2953 ft: 11008 corp: 1528 exec/s: 77 oom/timeout/crash: 0/0/0 time: 19463s job: 1881 dft_time: 0
#41443213: cov: 2953 ft: 11008 corp: 1528 exec/s: 85 oom/timeout/crash: 0/0/0 time: 19474s job: 1882 dft_time: 0
#41468903: cov: 2953 ft: 11008 corp: 1528 exec/s: 85 oom/timeout/crash: 0/0/0 time: 19486s job: 1883 dft_time: 0
#41488553: cov: 2953 ft: 11008 corp: 1528 exec/s: 65 oom/timeout/crash: 0/0/0 time: 19496s job: 1884 dft_time: 0
#41510110: cov: 2953 ft: 11009 corp: 1529 exec/s: 71 oom/timeout/crash: 0/0/0 time: 19507s job: 1885 dft_time: 0
#41535254: cov: 2953 ft: 11009 corp: 1529 exec/s: 83 oom/timeout/crash: 0/0/0 time: 19518s job: 1886 dft_time: 0
#41555051: cov: 2953 ft: 11009 corp: 1529 exec/s: 65 oom/timeout/crash: 0/0/0 time: 19529s job: 1887 dft_time: 0
#41581460: cov: 2953 ft: 11009 corp: 1529 exec/s: 87 oom/timeout/crash: 0/0/0 time: 19540s job: 1888 dft_time: 0
#41605201: cov: 2953 ft: 11009 corp: 1529 exec/s: 78 oom/timeout/crash: 0/0/0 time: 19551s job: 1889 dft_time: 0
#41632390: cov: 2953 ft: 11009 corp: 1529 exec/s: 90 oom/timeout/crash: 0/0/0 time: 19563s job: 1890 dft_time: 0
#41658601: cov: 2953 ft: 11009 corp: 1529 exec/s: 87 oom/timeout/crash: 0/0/0 time: 19575s job: 1891 dft_time: 0
#41683452: cov: 2953 ft: 11011 corp: 1530 exec/s: 82 oom/timeout/crash: 0/0/0 time: 19588s job: 1892 dft_time: 0
#41707375: cov: 2953 ft: 11011 corp: 1530 exec/s: 79 oom/timeout/crash: 0/0/0 time: 19600s job: 1893 dft_time: 0
#41728238: cov: 2953 ft: 11011 corp: 1530 exec/s: 69 oom/timeout/crash: 0/0/0 time: 19610s job: 1894 dft_time: 0
#41754703: cov: 2953 ft: 11011 corp: 1530 exec/s: 87 oom/timeout/crash: 0/0/0 time: 19622s job: 1895 dft_time: 0
#41780554: cov: 2953 ft: 11011 corp: 1530 exec/s: 85 oom/timeout/crash: 0/0/0 time: 19632s job: 1896 dft_time: 0
#41804802: cov: 2953 ft: 11011 corp: 1530 exec/s: 80 oom/timeout/crash: 0/0/0 time: 19643s job: 1897 dft_time: 0
#41828935: cov: 2953 ft: 11011 corp: 1530 exec/s: 80 oom/timeout/crash: 0/0/0 time: 19654s job: 1898 dft_time: 0
#41854884: cov: 2953 ft: 11011 corp: 1530 exec/s: 86 oom/timeout/crash: 0/0/0 time: 19666s job: 1899 dft_time: 0
#41881144: cov: 2953 ft: 11011 corp: 1530 exec/s: 87 oom/timeout/crash: 0/0/0 time: 19676s job: 1900 dft_time: 0
#41903068: cov: 2953 ft: 11011 corp: 1530 exec/s: 72 oom/timeout/crash: 0/0/0 time: 19687s job: 1901 dft_time: 0
#41924248: cov: 2953 ft: 11011 corp: 1530 exec/s: 70 oom/timeout/crash: 0/0/0 time: 19698s job: 1902 dft_time: 0
#41945307: cov: 2953 ft: 11011 corp: 1530 exec/s: 69 oom/timeout/crash: 0/0/0 time: 19709s job: 1903 dft_time: 0
#41972611: cov: 2953 ft: 11011 corp: 1530 exec/s: 90 oom/timeout/crash: 0/0/0 time: 19720s job: 1904 dft_time: 0
#41995100: cov: 2953 ft: 11011 corp: 1530 exec/s: 74 oom/timeout/crash: 0/0/0 time: 19732s job: 1905 dft_time: 0
#42020524: cov: 2953 ft: 11011 corp: 1530 exec/s: 84 oom/timeout/crash: 0/0/0 time: 19743s job: 1906 dft_time: 0
#42042549: cov: 2953 ft: 11011 corp: 1530 exec/s: 73 oom/timeout/crash: 0/0/0 time: 19754s job: 1907 dft_time: 0
#42066368: cov: 2953 ft: 11011 corp: 1530 exec/s: 79 oom/timeout/crash: 0/0/0 time: 19764s job: 1908 dft_time: 0
#42088452: cov: 2953 ft: 11011 corp: 1530 exec/s: 73 oom/timeout/crash: 0/0/0 time: 19776s job: 1909 dft_time: 0
#42112759: cov: 2953 ft: 11012 corp: 1531 exec/s: 80 oom/timeout/crash: 0/0/0 time: 19787s job: 1910 dft_time: 0
#42137482: cov: 2953 ft: 11012 corp: 1531 exec/s: 82 oom/timeout/crash: 0/0/0 time: 19797s job: 1911 dft_time: 0
#42164713: cov: 2953 ft: 11012 corp: 1531 exec/s: 90 oom/timeout/crash: 0/0/0 time: 19808s job: 1912 dft_time: 0
#42184827: cov: 2953 ft: 11012 corp: 1531 exec/s: 66 oom/timeout/crash: 0/0/0 time: 19819s job: 1913 dft_time: 0
#42209766: cov: 2953 ft: 11012 corp: 1531 exec/s: 82 oom/timeout/crash: 0/0/0 time: 19831s job: 1914 dft_time: 0
#42232941: cov: 2953 ft: 11012 corp: 1531 exec/s: 76 oom/timeout/crash: 0/0/0 time: 19841s job: 1915 dft_time: 0
#42254187: cov: 2953 ft: 11012 corp: 1531 exec/s: 70 oom/timeout/crash: 0/0/0 time: 19853s job: 1916 dft_time: 0
#42274975: cov: 2953 ft: 11012 corp: 1531 exec/s: 69 oom/timeout/crash: 0/0/0 time: 19864s job: 1917 dft_time: 0
#42300006: cov: 2953 ft: 11012 corp: 1531 exec/s: 83 oom/timeout/crash: 0/0/0 time: 19876s job: 1918 dft_time: 0
#42324956: cov: 2953 ft: 11012 corp: 1531 exec/s: 82 oom/timeout/crash: 0/0/0 time: 19889s job: 1919 dft_time: 0
#42350724: cov: 2953 ft: 11012 corp: 1531 exec/s: 85 oom/timeout/crash: 0/0/0 time: 19901s job: 1920 dft_time: 0
#42373576: cov: 2953 ft: 11013 corp: 1532 exec/s: 75 oom/timeout/crash: 0/0/0 time: 19911s job: 1921 dft_time: 0
#42399212: cov: 2953 ft: 11013 corp: 1532 exec/s: 85 oom/timeout/crash: 0/0/0 time: 19923s job: 1922 dft_time: 0
#42424478: cov: 2953 ft: 11013 corp: 1532 exec/s: 83 oom/timeout/crash: 0/0/0 time: 19934s job: 1923 dft_time: 0
#42448046: cov: 2953 ft: 11013 corp: 1532 exec/s: 78 oom/timeout/crash: 0/0/0 time: 19944s job: 1924 dft_time: 0
#42471663: cov: 2953 ft: 11013 corp: 1532 exec/s: 78 oom/timeout/crash: 0/0/0 time: 19956s job: 1925 dft_time: 0
#42495168: cov: 2953 ft: 11013 corp: 1532 exec/s: 78 oom/timeout/crash: 0/0/0 time: 19967s job: 1926 dft_time: 0
#42516447: cov: 2953 ft: 11013 corp: 1532 exec/s: 70 oom/timeout/crash: 0/0/0 time: 19977s job: 1927 dft_time: 0
#42543699: cov: 2953 ft: 11013 corp: 1532 exec/s: 90 oom/timeout/crash: 0/0/0 time: 19988s job: 1928 dft_time: 0
#42568982: cov: 2953 ft: 11013 corp: 1532 exec/s: 83 oom/timeout/crash: 0/0/0 time: 19999s job: 1929 dft_time: 0
#42588233: cov: 2953 ft: 11013 corp: 1532 exec/s: 63 oom/timeout/crash: 0/0/0 time: 20010s job: 1930 dft_time: 0
#42610223: cov: 2953 ft: 11013 corp: 1532 exec/s: 73 oom/timeout/crash: 0/0/0 time: 20021s job: 1931 dft_time: 0
#42632152: cov: 2953 ft: 11013 corp: 1532 exec/s: 72 oom/timeout/crash: 0/0/0 time: 20033s job: 1932 dft_time: 0
#42655110: cov: 2953 ft: 11013 corp: 1532 exec/s: 76 oom/timeout/crash: 0/0/0 time: 20044s job: 1933 dft_time: 0
#42680513: cov: 2953 ft: 11013 corp: 1532 exec/s: 84 oom/timeout/crash: 0/0/0 time: 20055s job: 1934 dft_time: 0
#42704379: cov: 2953 ft: 11013 corp: 1532 exec/s: 79 oom/timeout/crash: 0/0/0 time: 20065s job: 1935 dft_time: 0
#42726546: cov: 2953 ft: 11013 corp: 1532 exec/s: 73 oom/timeout/crash: 0/0/0 time: 20077s job: 1936 dft_time: 0
#42751481: cov: 2953 ft: 11013 corp: 1532 exec/s: 82 oom/timeout/crash: 0/0/0 time: 20088s job: 1937 dft_time: 0
#42774159: cov: 2953 ft: 11013 corp: 1532 exec/s: 75 oom/timeout/crash: 0/0/0 time: 20098s job: 1938 dft_time: 0
#42801569: cov: 2953 ft: 11013 corp: 1532 exec/s: 91 oom/timeout/crash: 0/0/0 time: 20109s job: 1939 dft_time: 0
#42824912: cov: 2953 ft: 11013 corp: 1532 exec/s: 77 oom/timeout/crash: 0/0/0 time: 20120s job: 1940 dft_time: 0
#42848051: cov: 2953 ft: 11013 corp: 1532 exec/s: 76 oom/timeout/crash: 0/0/0 time: 20132s job: 1941 dft_time: 0
#42870129: cov: 2953 ft: 11013 corp: 1532 exec/s: 73 oom/timeout/crash: 0/0/0 time: 20142s job: 1942 dft_time: 0
#42894188: cov: 2953 ft: 11014 corp: 1533 exec/s: 79 oom/timeout/crash: 0/0/0 time: 20154s job: 1943 dft_time: 0
#42915927: cov: 2953 ft: 11016 corp: 1534 exec/s: 72 oom/timeout/crash: 0/0/0 time: 20165s job: 1944 dft_time: 0
#42943169: cov: 2953 ft: 11016 corp: 1534 exec/s: 90 oom/timeout/crash: 0/0/0 time: 20177s job: 1945 dft_time: 0
#42966466: cov: 2953 ft: 11016 corp: 1534 exec/s: 77 oom/timeout/crash: 0/0/0 time: 20190s job: 1946 dft_time: 0
#42990174: cov: 2953 ft: 11016 corp: 1534 exec/s: 78 oom/timeout/crash: 0/0/0 time: 20202s job: 1947 dft_time: 0
#43014525: cov: 2953 ft: 11016 corp: 1534 exec/s: 80 oom/timeout/crash: 0/0/0 time: 20212s job: 1948 dft_time: 0
#43034753: cov: 2953 ft: 11016 corp: 1534 exec/s: 67 oom/timeout/crash: 0/0/0 time: 20224s job: 1949 dft_time: 0
#43054098: cov: 2953 ft: 11016 corp: 1534 exec/s: 64 oom/timeout/crash: 0/0/0 time: 20235s job: 1950 dft_time: 0
#43081360: cov: 2953 ft: 11016 corp: 1534 exec/s: 90 oom/timeout/crash: 0/0/0 time: 20245s job: 1951 dft_time: 0
#43104660: cov: 2953 ft: 11016 corp: 1534 exec/s: 77 oom/timeout/crash: 0/0/0 time: 20257s job: 1952 dft_time: 0
#43126172: cov: 2953 ft: 11016 corp: 1534 exec/s: 71 oom/timeout/crash: 0/0/0 time: 20268s job: 1953 dft_time: 0
#43150700: cov: 2953 ft: 11016 corp: 1534 exec/s: 81 oom/timeout/crash: 0/0/0 time: 20278s job: 1954 dft_time: 0
#43176304: cov: 2953 ft: 11016 corp: 1534 exec/s: 85 oom/timeout/crash: 0/0/0 time: 20289s job: 1955 dft_time: 0
#43195690: cov: 2953 ft: 11016 corp: 1534 exec/s: 64 oom/timeout/crash: 0/0/0 time: 20300s job: 1956 dft_time: 0
#43222808: cov: 2953 ft: 11016 corp: 1534 exec/s: 90 oom/timeout/crash: 0/0/0 time: 20311s job: 1957 dft_time: 0
#43249630: cov: 2953 ft: 11016 corp: 1534 exec/s: 89 oom/timeout/crash: 0/0/0 time: 20322s job: 1958 dft_time: 0
#43271164: cov: 2953 ft: 11017 corp: 1535 exec/s: 71 oom/timeout/crash: 0/0/0 time: 20334s job: 1959 dft_time: 0
#43296028: cov: 2953 ft: 11017 corp: 1535 exec/s: 82 oom/timeout/crash: 0/0/0 time: 20346s job: 1960 dft_time: 0
#43323166: cov: 2953 ft: 11017 corp: 1535 exec/s: 90 oom/timeout/crash: 0/0/0 time: 20356s job: 1961 dft_time: 0
#43343223: cov: 2953 ft: 11017 corp: 1535 exec/s: 66 oom/timeout/crash: 0/0/0 time: 20366s job: 1962 dft_time: 0
#43363094: cov: 2953 ft: 11017 corp: 1535 exec/s: 66 oom/timeout/crash: 0/0/0 time: 20378s job: 1963 dft_time: 0
#43383430: cov: 2953 ft: 11017 corp: 1535 exec/s: 67 oom/timeout/crash: 0/0/0 time: 20389s job: 1964 dft_time: 0
#43410980: cov: 2953 ft: 11017 corp: 1535 exec/s: 91 oom/timeout/crash: 0/0/0 time: 20400s job: 1965 dft_time: 0
#43432082: cov: 2953 ft: 11017 corp: 1535 exec/s: 70 oom/timeout/crash: 0/0/0 time: 20410s job: 1966 dft_time: 0
#43458119: cov: 2953 ft: 11018 corp: 1536 exec/s: 86 oom/timeout/crash: 0/0/0 time: 20421s job: 1967 dft_time: 0
#43478451: cov: 2953 ft: 11018 corp: 1536 exec/s: 67 oom/timeout/crash: 0/0/0 time: 20433s job: 1968 dft_time: 0
#43502051: cov: 2953 ft: 11018 corp: 1536 exec/s: 78 oom/timeout/crash: 0/0/0 time: 20443s job: 1969 dft_time: 0
#43522947: cov: 2953 ft: 11018 corp: 1536 exec/s: 69 oom/timeout/crash: 0/0/0 time: 20455s job: 1970 dft_time: 0
#43550447: cov: 2953 ft: 11018 corp: 1536 exec/s: 91 oom/timeout/crash: 0/0/0 time: 20467s job: 1971 dft_time: 0
#43577893: cov: 2953 ft: 11018 corp: 1536 exec/s: 91 oom/timeout/crash: 0/0/0 time: 20478s job: 1972 dft_time: 0
#43605312: cov: 2953 ft: 11018 corp: 1536 exec/s: 91 oom/timeout/crash: 0/0/0 time: 20491s job: 1973 dft_time: 0
#43629632: cov: 2953 ft: 11018 corp: 1536 exec/s: 80 oom/timeout/crash: 0/0/0 time: 20504s job: 1974 dft_time: 0
#43651194: cov: 2953 ft: 11018 corp: 1536 exec/s: 71 oom/timeout/crash: 0/0/0 time: 20513s job: 1975 dft_time: 0
#43673310: cov: 2953 ft: 11018 corp: 1536 exec/s: 73 oom/timeout/crash: 0/0/0 time: 20525s job: 1976 dft_time: 0
#43693576: cov: 2953 ft: 11018 corp: 1536 exec/s: 67 oom/timeout/crash: 0/0/0 time: 20536s job: 1977 dft_time: 0
#43720850: cov: 2953 ft: 11018 corp: 1536 exec/s: 90 oom/timeout/crash: 0/0/0 time: 20546s job: 1978 dft_time: 0
#43743077: cov: 2953 ft: 11018 corp: 1536 exec/s: 73 oom/timeout/crash: 0/0/0 time: 20558s job: 1979 dft_time: 0
#43763774: cov: 2953 ft: 11018 corp: 1536 exec/s: 68 oom/timeout/crash: 0/0/0 time: 20569s job: 1980 dft_time: 0
#43791293: cov: 2953 ft: 11018 corp: 1536 exec/s: 91 oom/timeout/crash: 0/0/0 time: 20579s job: 1981 dft_time: 0
#43817496: cov: 2953 ft: 11018 corp: 1536 exec/s: 87 oom/timeout/crash: 0/0/0 time: 20591s job: 1982 dft_time: 0
#43837724: cov: 2953 ft: 11018 corp: 1536 exec/s: 67 oom/timeout/crash: 0/0/0 time: 20601s job: 1983 dft_time: 0
#43864558: cov: 2953 ft: 11018 corp: 1536 exec/s: 89 oom/timeout/crash: 0/0/0 time: 20612s job: 1984 dft_time: 0
#43891574: cov: 2953 ft: 11018 corp: 1536 exec/s: 89 oom/timeout/crash: 0/0/0 time: 20624s job: 1985 dft_time: 0
#43917914: cov: 2953 ft: 11018 corp: 1536 exec/s: 87 oom/timeout/crash: 0/0/0 time: 20635s job: 1986 dft_time: 0
#43938506: cov: 2953 ft: 11018 corp: 1536 exec/s: 68 oom/timeout/crash: 0/0/0 time: 20647s job: 1987 dft_time: 0
#43965907: cov: 2953 ft: 11018 corp: 1536 exec/s: 91 oom/timeout/crash: 0/0/0 time: 20657s job: 1988 dft_time: 0
#43987811: cov: 2953 ft: 11018 corp: 1536 exec/s: 72 oom/timeout/crash: 0/0/0 time: 20667s job: 1989 dft_time: 0
#44011545: cov: 2953 ft: 11018 corp: 1536 exec/s: 78 oom/timeout/crash: 0/0/0 time: 20679s job: 1990 dft_time: 0
#44038620: cov: 2953 ft: 11018 corp: 1536 exec/s: 89 oom/timeout/crash: 0/0/0 time: 20690s job: 1991 dft_time: 0
#44059575: cov: 2953 ft: 11018 corp: 1536 exec/s: 69 oom/timeout/crash: 0/0/0 time: 20701s job: 1992 dft_time: 0
#44085428: cov: 2953 ft: 11018 corp: 1536 exec/s: 85 oom/timeout/crash: 0/0/0 time: 20711s job: 1993 dft_time: 0
#44107978: cov: 2953 ft: 11018 corp: 1536 exec/s: 74 oom/timeout/crash: 0/0/0 time: 20723s job: 1994 dft_time: 0
#44129298: cov: 2953 ft: 11018 corp: 1536 exec/s: 70 oom/timeout/crash: 0/0/0 time: 20734s job: 1995 dft_time: 0
#44152797: cov: 2953 ft: 11024 corp: 1537 exec/s: 78 oom/timeout/crash: 0/0/0 time: 20744s job: 1996 dft_time: 0
#44178218: cov: 2953 ft: 11024 corp: 1537 exec/s: 84 oom/timeout/crash: 0/0/0 time: 20756s job: 1997 dft_time: 0
#44201004: cov: 2953 ft: 11024 corp: 1537 exec/s: 75 oom/timeout/crash: 0/0/0 time: 20768s job: 1998 dft_time: 0
#44227970: cov: 2953 ft: 11024 corp: 1537 exec/s: 89 oom/timeout/crash: 0/0/0 time: 20780s job: 1999 dft_time: 0
#44251870: cov: 2953 ft: 11024 corp: 1537 exec/s: 79 oom/timeout/crash: 0/0/0 time: 20792s job: 2000 dft_time: 0
#44273225: cov: 2953 ft: 11024 corp: 1537 exec/s: 70 oom/timeout/crash: 0/0/0 time: 20805s job: 2001 dft_time: 0
#44292790: cov: 2953 ft: 11024 corp: 1537 exec/s: 65 oom/timeout/crash: 0/0/0 time: 20814s job: 2002 dft_time: 0
#44313123: cov: 2953 ft: 11024 corp: 1537 exec/s: 67 oom/timeout/crash: 0/0/0 time: 20826s job: 2003 dft_time: 0
#44336282: cov: 2953 ft: 11024 corp: 1537 exec/s: 76 oom/timeout/crash: 0/0/0 time: 20837s job: 2004 dft_time: 0
#44360437: cov: 2953 ft: 11024 corp: 1537 exec/s: 80 oom/timeout/crash: 0/0/0 time: 20847s job: 2005 dft_time: 0
#44380172: cov: 2953 ft: 11024 corp: 1537 exec/s: 65 oom/timeout/crash: 0/0/0 time: 20859s job: 2006 dft_time: 0
#44399788: cov: 2953 ft: 11024 corp: 1537 exec/s: 65 oom/timeout/crash: 0/0/0 time: 20870s job: 2007 dft_time: 0
#44427752: cov: 2953 ft: 11024 corp: 1537 exec/s: 92 oom/timeout/crash: 0/0/0 time: 20881s job: 2008 dft_time: 0
#44454916: cov: 2953 ft: 11024 corp: 1537 exec/s: 90 oom/timeout/crash: 0/0/0 time: 20892s job: 2009 dft_time: 0
#44479571: cov: 2953 ft: 11024 corp: 1537 exec/s: 81 oom/timeout/crash: 0/0/0 time: 20902s job: 2010 dft_time: 0
#44507062: cov: 2953 ft: 11024 corp: 1537 exec/s: 91 oom/timeout/crash: 0/0/0 time: 20913s job: 2011 dft_time: 0
#44529205: cov: 2953 ft: 11024 corp: 1537 exec/s: 73 oom/timeout/crash: 0/0/0 time: 20925s job: 2012 dft_time: 0
#44558677: cov: 2953 ft: 11024 corp: 1537 exec/s: 97 oom/timeout/crash: 0/0/0 time: 20936s job: 2013 dft_time: 0
#44585426: cov: 2953 ft: 11024 corp: 1537 exec/s: 88 oom/timeout/crash: 0/0/0 time: 20948s job: 2014 dft_time: 0
#44612850: cov: 2953 ft: 11024 corp: 1537 exec/s: 91 oom/timeout/crash: 0/0/0 time: 20958s job: 2015 dft_time: 0
#44635539: cov: 2953 ft: 11024 corp: 1537 exec/s: 75 oom/timeout/crash: 0/0/0 time: 20968s job: 2016 dft_time: 0
#44655499: cov: 2953 ft: 11024 corp: 1537 exec/s: 66 oom/timeout/crash: 0/0/0 time: 20980s job: 2017 dft_time: 0
#44675226: cov: 2953 ft: 11024 corp: 1537 exec/s: 65 oom/timeout/crash: 0/0/0 time: 20991s job: 2018 dft_time: 0
#44702229: cov: 2953 ft: 11024 corp: 1537 exec/s: 89 oom/timeout/crash: 0/0/0 time: 21002s job: 2019 dft_time: 0
#44728317: cov: 2953 ft: 11024 corp: 1537 exec/s: 86 oom/timeout/crash: 0/0/0 time: 21013s job: 2020 dft_time: 0
#44755493: cov: 2953 ft: 11024 corp: 1537 exec/s: 90 oom/timeout/crash: 0/0/0 time: 21024s job: 2021 dft_time: 0
#44775464: cov: 2953 ft: 11024 corp: 1537 exec/s: 66 oom/timeout/crash: 0/0/0 time: 21035s job: 2022 dft_time: 0
#44802993: cov: 2953 ft: 11024 corp: 1537 exec/s: 91 oom/timeout/crash: 0/0/0 time: 21045s job: 2023 dft_time: 0
#44823114: cov: 2953 ft: 11024 corp: 1537 exec/s: 66 oom/timeout/crash: 0/0/0 time: 21057s job: 2024 dft_time: 0
#44848058: cov: 2953 ft: 11024 corp: 1537 exec/s: 82 oom/timeout/crash: 0/0/0 time: 21069s job: 2025 dft_time: 0
#44868647: cov: 2953 ft: 11024 corp: 1537 exec/s: 68 oom/timeout/crash: 0/0/0 time: 21081s job: 2026 dft_time: 0
#44895283: cov: 2953 ft: 11025 corp: 1538 exec/s: 88 oom/timeout/crash: 0/0/0 time: 21093s job: 2027 dft_time: 0
#44918114: cov: 2953 ft: 11025 corp: 1538 exec/s: 75 oom/timeout/crash: 0/0/0 time: 21106s job: 2028 dft_time: 0
#44937852: cov: 2953 ft: 11025 corp: 1538 exec/s: 65 oom/timeout/crash: 0/0/0 time: 21115s job: 2029 dft_time: 0
#44958120: cov: 2953 ft: 11025 corp: 1538 exec/s: 67 oom/timeout/crash: 0/0/0 time: 21128s job: 2030 dft_time: 0
#44979597: cov: 2953 ft: 11025 corp: 1538 exec/s: 71 oom/timeout/crash: 0/0/0 time: 21138s job: 2031 dft_time: 0
#44999605: cov: 2953 ft: 11025 corp: 1538 exec/s: 66 oom/timeout/crash: 0/0/0 time: 21148s job: 2032 dft_time: 0
#45021805: cov: 2953 ft: 11026 corp: 1539 exec/s: 73 oom/timeout/crash: 0/0/0 time: 21160s job: 2033 dft_time: 0
#45045917: cov: 2953 ft: 11026 corp: 1539 exec/s: 80 oom/timeout/crash: 0/0/0 time: 21171s job: 2034 dft_time: 0
#45073282: cov: 2953 ft: 11026 corp: 1539 exec/s: 90 oom/timeout/crash: 0/0/0 time: 21182s job: 2035 dft_time: 0
#45100981: cov: 2953 ft: 11026 corp: 1539 exec/s: 92 oom/timeout/crash: 0/0/0 time: 21193s job: 2036 dft_time: 0
#45126992: cov: 2953 ft: 11026 corp: 1539 exec/s: 86 oom/timeout/crash: 0/0/0 time: 21204s job: 2037 dft_time: 0
#45152525: cov: 2953 ft: 11026 corp: 1539 exec/s: 84 oom/timeout/crash: 0/0/0 time: 21215s job: 2038 dft_time: 0
#45179598: cov: 2953 ft: 11026 corp: 1539 exec/s: 89 oom/timeout/crash: 0/0/0 time: 21226s job: 2039 dft_time: 0
#45207099: cov: 2953 ft: 11026 corp: 1539 exec/s: 91 oom/timeout/crash: 0/0/0 time: 21237s job: 2040 dft_time: 0
#45232886: cov: 2953 ft: 11026 corp: 1539 exec/s: 85 oom/timeout/crash: 0/0/0 time: 21249s job: 2041 dft_time: 0
#45252801: cov: 2953 ft: 11026 corp: 1539 exec/s: 66 oom/timeout/crash: 0/0/0 time: 21260s job: 2042 dft_time: 0
#45275841: cov: 2953 ft: 11026 corp: 1539 exec/s: 76 oom/timeout/crash: 0/0/0 time: 21269s job: 2043 dft_time: 0
#45302585: cov: 2953 ft: 11026 corp: 1539 exec/s: 88 oom/timeout/crash: 0/0/0 time: 21281s job: 2044 dft_time: 0
#45322545: cov: 2953 ft: 11026 corp: 1539 exec/s: 66 oom/timeout/crash: 0/0/0 time: 21292s job: 2045 dft_time: 0
#45348949: cov: 2953 ft: 11026 corp: 1539 exec/s: 87 oom/timeout/crash: 0/0/0 time: 21303s job: 2046 dft_time: 0
#45372406: cov: 2953 ft: 11026 corp: 1539 exec/s: 77 oom/timeout/crash: 0/0/0 time: 21314s job: 2047 dft_time: 0
#45394060: cov: 2953 ft: 11026 corp: 1539 exec/s: 71 oom/timeout/crash: 0/0/0 time: 21325s job: 2048 dft_time: 0
#45413923: cov: 2953 ft: 11026 corp: 1539 exec/s: 65 oom/timeout/crash: 0/0/0 time: 21336s job: 2049 dft_time: 0
#45441927: cov: 2953 ft: 11026 corp: 1539 exec/s: 93 oom/timeout/crash: 0/0/0 time: 21347s job: 2050 dft_time: 0
#45469209: cov: 2953 ft: 11026 corp: 1539 exec/s: 90 oom/timeout/crash: 0/0/0 time: 21358s job: 2051 dft_time: 0
#45493903: cov: 2953 ft: 11026 corp: 1539 exec/s: 82 oom/timeout/crash: 0/0/0 time: 21370s job: 2052 dft_time: 0
#45519781: cov: 2953 ft: 11026 corp: 1539 exec/s: 85 oom/timeout/crash: 0/0/0 time: 21382s job: 2053 dft_time: 0
#45539367: cov: 2953 ft: 11026 corp: 1539 exec/s: 65 oom/timeout/crash: 0/0/0 time: 21394s job: 2054 dft_time: 0
#45566274: cov: 2953 ft: 11026 corp: 1539 exec/s: 89 oom/timeout/crash: 0/0/0 time: 21407s job: 2055 dft_time: 0
#45587021: cov: 2953 ft: 11026 corp: 1539 exec/s: 68 oom/timeout/crash: 0/0/0 time: 21417s job: 2056 dft_time: 0
#45608834: cov: 2953 ft: 11026 corp: 1539 exec/s: 72 oom/timeout/crash: 0/0/0 time: 21429s job: 2057 dft_time: 0
#45636641: cov: 2953 ft: 11026 corp: 1539 exec/s: 92 oom/timeout/crash: 0/0/0 time: 21439s job: 2058 dft_time: 0
#45658785: cov: 2953 ft: 11026 corp: 1539 exec/s: 73 oom/timeout/crash: 0/0/0 time: 21450s job: 2059 dft_time: 0
#45680455: cov: 2953 ft: 11026 corp: 1539 exec/s: 71 oom/timeout/crash: 0/0/0 time: 21461s job: 2060 dft_time: 0
#45701028: cov: 2953 ft: 11026 corp: 1539 exec/s: 68 oom/timeout/crash: 0/0/0 time: 21472s job: 2061 dft_time: 0
#45727745: cov: 2953 ft: 11026 corp: 1539 exec/s: 88 oom/timeout/crash: 0/0/0 time: 21483s job: 2062 dft_time: 0
#45747440: cov: 2953 ft: 11026 corp: 1539 exec/s: 65 oom/timeout/crash: 0/0/0 time: 21494s job: 2063 dft_time: 0
#45772943: cov: 2953 ft: 11026 corp: 1539 exec/s: 84 oom/timeout/crash: 0/0/0 time: 21505s job: 2064 dft_time: 0
#45793711: cov: 2953 ft: 11026 corp: 1539 exec/s: 68 oom/timeout/crash: 0/0/0 time: 21516s job: 2065 dft_time: 0
#45819664: cov: 2953 ft: 11026 corp: 1539 exec/s: 86 oom/timeout/crash: 0/0/0 time: 21527s job: 2066 dft_time: 0
#45845810: cov: 2953 ft: 11027 corp: 1540 exec/s: 86 oom/timeout/crash: 0/0/0 time: 21539s job: 2067 dft_time: 0
#45870694: cov: 2953 ft: 11029 corp: 1541 exec/s: 82 oom/timeout/crash: 0/0/0 time: 21550s job: 2068 dft_time: 0
#45890394: cov: 2953 ft: 11029 corp: 1541 exec/s: 65 oom/timeout/crash: 0/0/0 time: 21561s job: 2069 dft_time: 0
#45910106: cov: 2953 ft: 11029 corp: 1541 exec/s: 65 oom/timeout/crash: 0/0/0 time: 21571s job: 2070 dft_time: 0
#45930587: cov: 2953 ft: 11029 corp: 1541 exec/s: 68 oom/timeout/crash: 0/0/0 time: 21583s job: 2071 dft_time: 0
#45951366: cov: 2953 ft: 11029 corp: 1541 exec/s: 69 oom/timeout/crash: 0/0/0 time: 21593s job: 2072 dft_time: 0
#45978449: cov: 2953 ft: 11029 corp: 1541 exec/s: 89 oom/timeout/crash: 0/0/0 time: 21604s job: 2073 dft_time: 0
#46004605: cov: 2953 ft: 11029 corp: 1541 exec/s: 86 oom/timeout/crash: 0/0/0 time: 21615s job: 2074 dft_time: 0
#46031821: cov: 2953 ft: 11029 corp: 1541 exec/s: 90 oom/timeout/crash: 0/0/0 time: 21626s job: 2075 dft_time: 0
#46055825: cov: 2953 ft: 11029 corp: 1541 exec/s: 79 oom/timeout/crash: 0/0/0 time: 21638s job: 2076 dft_time: 0
#46080002: cov: 2953 ft: 11029 corp: 1541 exec/s: 80 oom/timeout/crash: 0/0/0 time: 21648s job: 2077 dft_time: 0
#46105148: cov: 2953 ft: 11029 corp: 1541 exec/s: 83 oom/timeout/crash: 0/0/0 time: 21659s job: 2078 dft_time: 0
#46127666: cov: 2953 ft: 11029 corp: 1541 exec/s: 74 oom/timeout/crash: 0/0/0 time: 21671s job: 2079 dft_time: 0
#46151814: cov: 2953 ft: 11029 corp: 1541 exec/s: 80 oom/timeout/crash: 0/0/0 time: 21683s job: 2080 dft_time: 0
#46173087: cov: 2953 ft: 11029 corp: 1541 exec/s: 70 oom/timeout/crash: 0/0/0 time: 21696s job: 2081 dft_time: 0
#46200174: cov: 2953 ft: 11030 corp: 1542 exec/s: 89 oom/timeout/crash: 0/0/0 time: 21708s job: 2082 dft_time: 0
#46227298: cov: 2953 ft: 11030 corp: 1542 exec/s: 90 oom/timeout/crash: 0/0/0 time: 21718s job: 2083 dft_time: 0
#46247825: cov: 2953 ft: 11030 corp: 1542 exec/s: 68 oom/timeout/crash: 0/0/0 time: 21730s job: 2084 dft_time: 0
#46275252: cov: 2953 ft: 11030 corp: 1542 exec/s: 91 oom/timeout/crash: 0/0/0 time: 21740s job: 2085 dft_time: 0
#46295280: cov: 2953 ft: 11030 corp: 1542 exec/s: 66 oom/timeout/crash: 0/0/0 time: 21751s job: 2086 dft_time: 0
#46318073: cov: 2953 ft: 11030 corp: 1542 exec/s: 75 oom/timeout/crash: 0/0/0 time: 21763s job: 2087 dft_time: 0
#46343185: cov: 2953 ft: 11030 corp: 1542 exec/s: 83 oom/timeout/crash: 0/0/0 time: 21773s job: 2088 dft_time: 0
#46365647: cov: 2953 ft: 11030 corp: 1542 exec/s: 74 oom/timeout/crash: 0/0/0 time: 21784s job: 2089 dft_time: 0
#46387249: cov: 2953 ft: 11030 corp: 1542 exec/s: 71 oom/timeout/crash: 0/0/0 time: 21795s job: 2090 dft_time: 0
#46411139: cov: 2953 ft: 11030 corp: 1542 exec/s: 79 oom/timeout/crash: 0/0/0 time: 21806s job: 2091 dft_time: 0
#46433497: cov: 2953 ft: 11030 corp: 1542 exec/s: 74 oom/timeout/crash: 0/0/0 time: 21817s job: 2092 dft_time: 0
#46459187: cov: 2953 ft: 11030 corp: 1542 exec/s: 85 oom/timeout/crash: 0/0/0 time: 21828s job: 2093 dft_time: 0
#46483314: cov: 2953 ft: 11030 corp: 1542 exec/s: 80 oom/timeout/crash: 0/0/0 time: 21840s job: 2094 dft_time: 0
#46510756: cov: 2953 ft: 11030 corp: 1542 exec/s: 91 oom/timeout/crash: 0/0/0 time: 21851s job: 2095 dft_time: 0
#46537652: cov: 2953 ft: 11030 corp: 1542 exec/s: 89 oom/timeout/crash: 0/0/0 time: 21862s job: 2096 dft_time: 0
#46562563: cov: 2953 ft: 11030 corp: 1542 exec/s: 82 oom/timeout/crash: 0/0/0 time: 21872s job: 2097 dft_time: 0
#46582154: cov: 2953 ft: 11032 corp: 1543 exec/s: 65 oom/timeout/crash: 0/0/0 time: 21884s job: 2098 dft_time: 0
#46604996: cov: 2953 ft: 11032 corp: 1543 exec/s: 75 oom/timeout/crash: 0/0/0 time: 21895s job: 2099 dft_time: 0
#46631150: cov: 2953 ft: 11032 corp: 1543 exec/s: 86 oom/timeout/crash: 0/0/0 time: 21905s job: 2100 dft_time: 0
#46652013: cov: 2953 ft: 11032 corp: 1543 exec/s: 69 oom/timeout/crash: 0/0/0 time: 21916s job: 2101 dft_time: 0
#46671578: cov: 2953 ft: 11032 corp: 1543 exec/s: 65 oom/timeout/crash: 0/0/0 time: 21927s job: 2102 dft_time: 0
#46694883: cov: 2953 ft: 11032 corp: 1543 exec/s: 77 oom/timeout/crash: 0/0/0 time: 21939s job: 2103 dft_time: 0
#46722385: cov: 2953 ft: 11032 corp: 1543 exec/s: 91 oom/timeout/crash: 0/0/0 time: 21949s job: 2104 dft_time: 0
#46749587: cov: 2953 ft: 11032 corp: 1543 exec/s: 90 oom/timeout/crash: 0/0/0 time: 21961s job: 2105 dft_time: 0
#46776916: cov: 2953 ft: 11032 corp: 1543 exec/s: 90 oom/timeout/crash: 0/0/0 time: 21972s job: 2106 dft_time: 0
#46804316: cov: 2953 ft: 11032 corp: 1543 exec/s: 91 oom/timeout/crash: 0/0/0 time: 21984s job: 2107 dft_time: 0
#46824101: cov: 2953 ft: 11032 corp: 1543 exec/s: 65 oom/timeout/crash: 0/0/0 time: 21997s job: 2108 dft_time: 0
#46845167: cov: 2953 ft: 11032 corp: 1543 exec/s: 69 oom/timeout/crash: 0/0/0 time: 22009s job: 2109 dft_time: 0
#46871571: cov: 2953 ft: 11032 corp: 1543 exec/s: 87 oom/timeout/crash: 0/0/0 time: 22019s job: 2110 dft_time: 0
#46894996: cov: 2953 ft: 11032 corp: 1543 exec/s: 77 oom/timeout/crash: 0/0/0 time: 22031s job: 2111 dft_time: 0
#46923272: cov: 2953 ft: 11032 corp: 1543 exec/s: 93 oom/timeout/crash: 0/0/0 time: 22042s job: 2112 dft_time: 0
#46942994: cov: 2953 ft: 11032 corp: 1543 exec/s: 65 oom/timeout/crash: 0/0/0 time: 22052s job: 2113 dft_time: 0
#46967893: cov: 2953 ft: 11032 corp: 1543 exec/s: 82 oom/timeout/crash: 0/0/0 time: 22064s job: 2114 dft_time: 0
#46994922: cov: 2953 ft: 11032 corp: 1543 exec/s: 89 oom/timeout/crash: 0/0/0 time: 22075s job: 2115 dft_time: 0
#47014957: cov: 2953 ft: 11032 corp: 1543 exec/s: 66 oom/timeout/crash: 0/0/0 time: 22085s job: 2116 dft_time: 0
#47034954: cov: 2953 ft: 11032 corp: 1543 exec/s: 66 oom/timeout/crash: 0/0/0 time: 22096s job: 2117 dft_time: 0
#47061199: cov: 2953 ft: 11032 corp: 1543 exec/s: 87 oom/timeout/crash: 0/0/0 time: 22107s job: 2118 dft_time: 0
#47085119: cov: 2953 ft: 11032 corp: 1543 exec/s: 79 oom/timeout/crash: 0/0/0 time: 22118s job: 2119 dft_time: 0
#47105140: cov: 2953 ft: 11032 corp: 1543 exec/s: 66 oom/timeout/crash: 0/0/0 time: 22129s job: 2120 dft_time: 0
#47131192: cov: 2953 ft: 11032 corp: 1543 exec/s: 86 oom/timeout/crash: 0/0/0 time: 22141s job: 2121 dft_time: 0
#47151251: cov: 2953 ft: 11032 corp: 1543 exec/s: 66 oom/timeout/crash: 0/0/0 time: 22152s job: 2122 dft_time: 0
#47172035: cov: 2953 ft: 11032 corp: 1543 exec/s: 69 oom/timeout/crash: 0/0/0 time: 22163s job: 2123 dft_time: 0
#47196914: cov: 2953 ft: 11032 corp: 1543 exec/s: 82 oom/timeout/crash: 0/0/0 time: 22173s job: 2124 dft_time: 0
#47216992: cov: 2953 ft: 11032 corp: 1543 exec/s: 66 oom/timeout/crash: 0/0/0 time: 22185s job: 2125 dft_time: 0
#47244342: cov: 2953 ft: 11032 corp: 1543 exec/s: 90 oom/timeout/crash: 0/0/0 time: 22196s job: 2126 dft_time: 0
#47271780: cov: 2953 ft: 11032 corp: 1543 exec/s: 91 oom/timeout/crash: 0/0/0 time: 22206s job: 2127 dft_time: 0
#47291752: cov: 2953 ft: 11032 corp: 1543 exec/s: 66 oom/timeout/crash: 0/0/0 time: 22217s job: 2128 dft_time: 0
#47317720: cov: 2953 ft: 11032 corp: 1543 exec/s: 86 oom/timeout/crash: 0/0/0 time: 22228s job: 2129 dft_time: 0
#47338030: cov: 2953 ft: 11032 corp: 1543 exec/s: 67 oom/timeout/crash: 0/0/0 time: 22240s job: 2130 dft_time: 0
#47366260: cov: 2953 ft: 11032 corp: 1543 exec/s: 93 oom/timeout/crash: 0/0/0 time: 22250s job: 2131 dft_time: 0
#47393624: cov: 2953 ft: 11032 corp: 1543 exec/s: 90 oom/timeout/crash: 0/0/0 time: 22262s job: 2132 dft_time: 0
#47416844: cov: 2953 ft: 11032 corp: 1543 exec/s: 77 oom/timeout/crash: 0/0/0 time: 22273s job: 2133 dft_time: 0
#47440429: cov: 2953 ft: 11032 corp: 1543 exec/s: 78 oom/timeout/crash: 0/0/0 time: 22285s job: 2134 dft_time: 0
#47459875: cov: 2953 ft: 11032 corp: 1543 exec/s: 64 oom/timeout/crash: 0/0/0 time: 22298s job: 2135 dft_time: 0
#47487263: cov: 2953 ft: 11032 corp: 1543 exec/s: 90 oom/timeout/crash: 0/0/0 time: 22311s job: 2136 dft_time: 0
#47514194: cov: 2953 ft: 11032 corp: 1543 exec/s: 89 oom/timeout/crash: 0/0/0 time: 22320s job: 2137 dft_time: 0
#47533970: cov: 2953 ft: 11032 corp: 1543 exec/s: 65 oom/timeout/crash: 0/0/0 time: 22332s job: 2138 dft_time: 0
#47560844: cov: 2953 ft: 11032 corp: 1543 exec/s: 89 oom/timeout/crash: 0/0/0 time: 22343s job: 2139 dft_time: 0
#47586945: cov: 2953 ft: 11032 corp: 1543 exec/s: 86 oom/timeout/crash: 0/0/0 time: 22353s job: 2140 dft_time: 0
#47608973: cov: 2953 ft: 11032 corp: 1543 exec/s: 73 oom/timeout/crash: 0/0/0 time: 22365s job: 2141 dft_time: 0
#47633250: cov: 2953 ft: 11032 corp: 1543 exec/s: 80 oom/timeout/crash: 0/0/0 time: 22376s job: 2142 dft_time: 0
#47658019: cov: 2953 ft: 11032 corp: 1543 exec/s: 82 oom/timeout/crash: 0/0/0 time: 22386s job: 2143 dft_time: 0
#47682081: cov: 2953 ft: 11032 corp: 1543 exec/s: 79 oom/timeout/crash: 0/0/0 time: 22398s job: 2144 dft_time: 0
#47705351: cov: 2953 ft: 11032 corp: 1543 exec/s: 77 oom/timeout/crash: 0/0/0 time: 22408s job: 2145 dft_time: 0
#47724914: cov: 2953 ft: 11032 corp: 1543 exec/s: 64 oom/timeout/crash: 0/0/0 time: 22419s job: 2146 dft_time: 0
#47744563: cov: 2953 ft: 11032 corp: 1543 exec/s: 65 oom/timeout/crash: 0/0/0 time: 22430s job: 2147 dft_time: 0
#47767225: cov: 2953 ft: 11032 corp: 1543 exec/s: 75 oom/timeout/crash: 0/0/0 time: 22442s job: 2148 dft_time: 0
#47792802: cov: 2953 ft: 11033 corp: 1544 exec/s: 84 oom/timeout/crash: 0/0/0 time: 22454s job: 2149 dft_time: 0
#47812601: cov: 2953 ft: 11033 corp: 1544 exec/s: 65 oom/timeout/crash: 0/0/0 time: 22464s job: 2150 dft_time: 0
#47839534: cov: 2953 ft: 11033 corp: 1544 exec/s: 89 oom/timeout/crash: 0/0/0 time: 22474s job: 2151 dft_time: 0
#47864494: cov: 2953 ft: 11033 corp: 1544 exec/s: 82 oom/timeout/crash: 0/0/0 time: 22486s job: 2152 dft_time: 0
#47892113: cov: 2953 ft: 11033 corp: 1544 exec/s: 91 oom/timeout/crash: 0/0/0 time: 22497s job: 2153 dft_time: 0
#47918378: cov: 2953 ft: 11033 corp: 1544 exec/s: 87 oom/timeout/crash: 0/0/0 time: 22508s job: 2154 dft_time: 0
#47940992: cov: 2953 ft: 11033 corp: 1544 exec/s: 75 oom/timeout/crash: 0/0/0 time: 22518s job: 2155 dft_time: 0
#47969136: cov: 2953 ft: 11033 corp: 1544 exec/s: 93 oom/timeout/crash: 0/0/0 time: 22529s job: 2156 dft_time: 0
#47991006: cov: 2953 ft: 11033 corp: 1544 exec/s: 72 oom/timeout/crash: 0/0/0 time: 22541s job: 2157 dft_time: 0
#48018349: cov: 2953 ft: 11033 corp: 1544 exec/s: 90 oom/timeout/crash: 0/0/0 time: 22551s job: 2158 dft_time: 0
#48038821: cov: 2953 ft: 11033 corp: 1544 exec/s: 68 oom/timeout/crash: 0/0/0 time: 22563s job: 2159 dft_time: 0
#48058500: cov: 2953 ft: 11033 corp: 1544 exec/s: 65 oom/timeout/crash: 0/0/0 time: 22574s job: 2160 dft_time: 0
#48084473: cov: 2953 ft: 11033 corp: 1544 exec/s: 86 oom/timeout/crash: 0/0/0 time: 22586s job: 2161 dft_time: 0
#48106944: cov: 2953 ft: 11033 corp: 1544 exec/s: 74 oom/timeout/crash: 0/0/0 time: 22599s job: 2162 dft_time: 0
#48128909: cov: 2953 ft: 11033 corp: 1544 exec/s: 72 oom/timeout/crash: 0/0/0 time: 22612s job: 2163 dft_time: 0
#48156311: cov: 2953 ft: 11033 corp: 1544 exec/s: 91 oom/timeout/crash: 0/0/0 time: 22621s job: 2164 dft_time: 0
#48180849: cov: 2953 ft: 11033 corp: 1544 exec/s: 81 oom/timeout/crash: 0/0/0 time: 22633s job: 2165 dft_time: 0
#48206807: cov: 2953 ft: 11033 corp: 1544 exec/s: 86 oom/timeout/crash: 0/0/0 time: 22644s job: 2166 dft_time: 0
#48233955: cov: 2953 ft: 11033 corp: 1544 exec/s: 90 oom/timeout/crash: 0/0/0 time: 22654s job: 2167 dft_time: 0
#48261073: cov: 2953 ft: 11033 corp: 1544 exec/s: 90 oom/timeout/crash: 0/0/0 time: 22666s job: 2168 dft_time: 0
#48288220: cov: 2953 ft: 11033 corp: 1544 exec/s: 90 oom/timeout/crash: 0/0/0 time: 22677s job: 2169 dft_time: 0
#48308433: cov: 2953 ft: 11033 corp: 1544 exec/s: 67 oom/timeout/crash: 0/0/0 time: 22687s job: 2170 dft_time: 0
#48336497: cov: 2953 ft: 11033 corp: 1544 exec/s: 93 oom/timeout/crash: 0/0/0 time: 22699s job: 2171 dft_time: 0
#48358972: cov: 2953 ft: 11033 corp: 1544 exec/s: 74 oom/timeout/crash: 0/0/0 time: 22709s job: 2172 dft_time: 0
#48378692: cov: 2953 ft: 11033 corp: 1544 exec/s: 65 oom/timeout/crash: 0/0/0 time: 22720s job: 2173 dft_time: 0
#48399251: cov: 2953 ft: 11033 corp: 1544 exec/s: 68 oom/timeout/crash: 0/0/0 time: 22732s job: 2174 dft_time: 0
#48418913: cov: 2953 ft: 11033 corp: 1544 exec/s: 65 oom/timeout/crash: 0/0/0 time: 22743s job: 2175 dft_time: 0
#48446687: cov: 2953 ft: 11033 corp: 1544 exec/s: 92 oom/timeout/crash: 0/0/0 time: 22755s job: 2176 dft_time: 0
#48470343: cov: 2953 ft: 11033 corp: 1544 exec/s: 78 oom/timeout/crash: 0/0/0 time: 22765s job: 2177 dft_time: 0
#48497566: cov: 2953 ft: 11033 corp: 1544 exec/s: 90 oom/timeout/crash: 0/0/0 time: 22775s job: 2178 dft_time: 0
#48517077: cov: 2953 ft: 11033 corp: 1544 exec/s: 64 oom/timeout/crash: 0/0/0 time: 22787s job: 2179 dft_time: 0
#48544028: cov: 2953 ft: 11033 corp: 1544 exec/s: 89 oom/timeout/crash: 0/0/0 time: 22798s job: 2180 dft_time: 0
#48563822: cov: 2953 ft: 11033 corp: 1544 exec/s: 65 oom/timeout/crash: 0/0/0 time: 22809s job: 2181 dft_time: 0
#48587028: cov: 2953 ft: 11033 corp: 1544 exec/s: 77 oom/timeout/crash: 0/0/0 time: 22820s job: 2182 dft_time: 0
#48613874: cov: 2953 ft: 11033 corp: 1544 exec/s: 89 oom/timeout/crash: 0/0/0 time: 22831s job: 2183 dft_time: 0
#48634368: cov: 2953 ft: 11033 corp: 1544 exec/s: 68 oom/timeout/crash: 0/0/0 time: 22842s job: 2184 dft_time: 0
#48654750: cov: 2953 ft: 11033 corp: 1544 exec/s: 67 oom/timeout/crash: 0/0/0 time: 22852s job: 2185 dft_time: 0
#48674544: cov: 2953 ft: 11033 corp: 1544 exec/s: 65 oom/timeout/crash: 0/0/0 time: 22864s job: 2186 dft_time: 0
#48694185: cov: 2953 ft: 11033 corp: 1544 exec/s: 65 oom/timeout/crash: 0/0/0 time: 22876s job: 2187 dft_time: 0
#48721129: cov: 2953 ft: 11033 corp: 1544 exec/s: 89 oom/timeout/crash: 0/0/0 time: 22887s job: 2188 dft_time: 0
#48747923: cov: 2953 ft: 11033 corp: 1544 exec/s: 89 oom/timeout/crash: 0/0/0 time: 22900s job: 2189 dft_time: 0
#48770281: cov: 2953 ft: 11033 corp: 1544 exec/s: 74 oom/timeout/crash: 0/0/0 time: 22913s job: 2190 dft_time: 0
#48792067: cov: 2953 ft: 11033 corp: 1544 exec/s: 72 oom/timeout/crash: 0/0/0 time: 22922s job: 2191 dft_time: 0
#48811697: cov: 2953 ft: 11033 corp: 1544 exec/s: 65 oom/timeout/crash: 0/0/0 time: 22934s job: 2192 dft_time: 0
#48835537: cov: 2953 ft: 11033 corp: 1544 exec/s: 79 oom/timeout/crash: 0/0/0 time: 22945s job: 2193 dft_time: 0
#48863096: cov: 2953 ft: 11033 corp: 1544 exec/s: 91 oom/timeout/crash: 0/0/0 time: 22955s job: 2194 dft_time: 0
#48890567: cov: 2953 ft: 11033 corp: 1544 exec/s: 91 oom/timeout/crash: 0/0/0 time: 22967s job: 2195 dft_time: 0
#48918420: cov: 2953 ft: 11033 corp: 1544 exec/s: 92 oom/timeout/crash: 0/0/0 time: 22978s job: 2196 dft_time: 0
#48943439: cov: 2953 ft: 11033 corp: 1544 exec/s: 83 oom/timeout/crash: 0/0/0 time: 22989s job: 2197 dft_time: 0
#48966203: cov: 2953 ft: 11033 corp: 1544 exec/s: 75 oom/timeout/crash: 0/0/0 time: 23000s job: 2198 dft_time: 0
#48992343: cov: 2953 ft: 11033 corp: 1544 exec/s: 86 oom/timeout/crash: 0/0/0 time: 23010s job: 2199 dft_time: 0
#49019498: cov: 2953 ft: 11033 corp: 1544 exec/s: 90 oom/timeout/crash: 0/0/0 time: 23021s job: 2200 dft_time: 0
#49042509: cov: 2953 ft: 11033 corp: 1544 exec/s: 76 oom/timeout/crash: 0/0/0 time: 23033s job: 2201 dft_time: 0
#49069499: cov: 2953 ft: 11033 corp: 1544 exec/s: 89 oom/timeout/crash: 0/0/0 time: 23044s job: 2202 dft_time: 0
#49096483: cov: 2953 ft: 11033 corp: 1544 exec/s: 89 oom/timeout/crash: 0/0/0 time: 23056s job: 2203 dft_time: 0
#49116464: cov: 2953 ft: 11033 corp: 1544 exec/s: 66 oom/timeout/crash: 0/0/0 time: 23067s job: 2204 dft_time: 0
#49138505: cov: 2953 ft: 11033 corp: 1544 exec/s: 73 oom/timeout/crash: 0/0/0 time: 23076s job: 2205 dft_time: 0
#49161246: cov: 2953 ft: 11033 corp: 1544 exec/s: 75 oom/timeout/crash: 0/0/0 time: 23088s job: 2206 dft_time: 0
#49182370: cov: 2953 ft: 11033 corp: 1544 exec/s: 70 oom/timeout/crash: 0/0/0 time: 23099s job: 2207 dft_time: 0
#49210308: cov: 2953 ft: 11033 corp: 1544 exec/s: 92 oom/timeout/crash: 0/0/0 time: 23110s job: 2208 dft_time: 0
#49230118: cov: 2953 ft: 11033 corp: 1544 exec/s: 65 oom/timeout/crash: 0/0/0 time: 23121s job: 2209 dft_time: 0
#49255604: cov: 2953 ft: 11033 corp: 1544 exec/s: 84 oom/timeout/crash: 0/0/0 time: 23132s job: 2210 dft_time: 0
#49275336: cov: 2953 ft: 11033 corp: 1544 exec/s: 65 oom/timeout/crash: 0/0/0 time: 23143s job: 2211 dft_time: 0
#49296175: cov: 2953 ft: 11033 corp: 1544 exec/s: 69 oom/timeout/crash: 0/0/0 time: 23153s job: 2212 dft_time: 0
#49319560: cov: 2953 ft: 11033 corp: 1544 exec/s: 77 oom/timeout/crash: 0/0/0 time: 23165s job: 2213 dft_time: 0
#49347068: cov: 2953 ft: 11033 corp: 1544 exec/s: 91 oom/timeout/crash: 0/0/0 time: 23177s job: 2214 dft_time: 0
#49374089: cov: 2953 ft: 11033 corp: 1544 exec/s: 89 oom/timeout/crash: 0/0/0 time: 23189s job: 2215 dft_time: 0
#49395489: cov: 2953 ft: 11033 corp: 1544 exec/s: 71 oom/timeout/crash: 0/0/0 time: 23201s job: 2216 dft_time: 0
#49415520: cov: 2953 ft: 11033 corp: 1544 exec/s: 66 oom/timeout/crash: 0/0/0 time: 23214s job: 2217 dft_time: 0
#49436820: cov: 2953 ft: 11033 corp: 1544 exec/s: 70 oom/timeout/crash: 0/0/0 time: 23224s job: 2218 dft_time: 0
#49457226: cov: 2953 ft: 11033 corp: 1544 exec/s: 67 oom/timeout/crash: 0/0/0 time: 23236s job: 2219 dft_time: 0
#49484058: cov: 2953 ft: 11035 corp: 1545 exec/s: 89 oom/timeout/crash: 0/0/0 time: 23246s job: 2220 dft_time: 0
#49511730: cov: 2953 ft: 11035 corp: 1545 exec/s: 91 oom/timeout/crash: 0/0/0 time: 23256s job: 2221 dft_time: 0
#49533011: cov: 2953 ft: 11035 corp: 1545 exec/s: 70 oom/timeout/crash: 0/0/0 time: 23268s job: 2222 dft_time: 0
#49556500: cov: 2953 ft: 11035 corp: 1545 exec/s: 78 oom/timeout/crash: 0/0/0 time: 23279s job: 2223 dft_time: 0
#49582940: cov: 2953 ft: 11039 corp: 1546 exec/s: 87 oom/timeout/crash: 0/0/0 time: 23290s job: 2224 dft_time: 0
#49610847: cov: 2953 ft: 11039 corp: 1546 exec/s: 92 oom/timeout/crash: 0/0/0 time: 23301s job: 2225 dft_time: 0
#49637498: cov: 2953 ft: 11039 corp: 1546 exec/s: 88 oom/timeout/crash: 0/0/0 time: 23312s job: 2226 dft_time: 0
#49664677: cov: 2953 ft: 11039 corp: 1546 exec/s: 90 oom/timeout/crash: 0/0/0 time: 23323s job: 2227 dft_time: 0
#49692014: cov: 2953 ft: 11039 corp: 1546 exec/s: 90 oom/timeout/crash: 0/0/0 time: 23334s job: 2228 dft_time: 0
#49714252: cov: 2953 ft: 11039 corp: 1546 exec/s: 73 oom/timeout/crash: 0/0/0 time: 23346s job: 2229 dft_time: 0
#49733700: cov: 2953 ft: 11039 corp: 1546 exec/s: 64 oom/timeout/crash: 0/0/0 time: 23357s job: 2230 dft_time: 0
#49753091: cov: 2953 ft: 11039 corp: 1546 exec/s: 64 oom/timeout/crash: 0/0/0 time: 23368s job: 2231 dft_time: 0
#49780187: cov: 2953 ft: 11039 corp: 1546 exec/s: 90 oom/timeout/crash: 0/0/0 time: 23378s job: 2232 dft_time: 0
#49800547: cov: 2953 ft: 11039 corp: 1546 exec/s: 67 oom/timeout/crash: 0/0/0 time: 23389s job: 2233 dft_time: 0
#49827497: cov: 2953 ft: 11039 corp: 1546 exec/s: 89 oom/timeout/crash: 0/0/0 time: 23400s job: 2234 dft_time: 0
#49853132: cov: 2953 ft: 11039 corp: 1546 exec/s: 85 oom/timeout/crash: 0/0/0 time: 23411s job: 2235 dft_time: 0
#49880430: cov: 2953 ft: 11039 corp: 1546 exec/s: 90 oom/timeout/crash: 0/0/0 time: 23422s job: 2236 dft_time: 0
#49900186: cov: 2953 ft: 11040 corp: 1547 exec/s: 65 oom/timeout/crash: 0/0/0 time: 23433s job: 2237 dft_time: 0
#49919651: cov: 2953 ft: 11040 corp: 1547 exec/s: 64 oom/timeout/crash: 0/0/0 time: 23444s job: 2238 dft_time: 0
#49939906: cov: 2953 ft: 11040 corp: 1547 exec/s: 67 oom/timeout/crash: 0/0/0 time: 23455s job: 2239 dft_time: 0
#49966321: cov: 2953 ft: 11040 corp: 1547 exec/s: 87 oom/timeout/crash: 0/0/0 time: 23466s job: 2240 dft_time: 0
#49993566: cov: 2953 ft: 11040 corp: 1547 exec/s: 90 oom/timeout/crash: 0/0/0 time: 23478s job: 2241 dft_time: 0
#50019228: cov: 2953 ft: 11040 corp: 1547 exec/s: 85 oom/timeout/crash: 0/0/0 time: 23490s job: 2242 dft_time: 0
#50045778: cov: 2953 ft: 11040 corp: 1547 exec/s: 88 oom/timeout/crash: 0/0/0 time: 23502s job: 2243 dft_time: 0
#50065105: cov: 2953 ft: 11040 corp: 1547 exec/s: 64 oom/timeout/crash: 0/0/0 time: 23515s job: 2244 dft_time: 0
#50084578: cov: 2953 ft: 11040 corp: 1547 exec/s: 64 oom/timeout/crash: 0/0/0 time: 23525s job: 2245 dft_time: 0
#50104190: cov: 2953 ft: 11040 corp: 1547 exec/s: 65 oom/timeout/crash: 0/0/0 time: 23537s job: 2246 dft_time: 0
#50131054: cov: 2953 ft: 11040 corp: 1547 exec/s: 89 oom/timeout/crash: 0/0/0 time: 23547s job: 2247 dft_time: 0
#50150693: cov: 2953 ft: 11040 corp: 1547 exec/s: 65 oom/timeout/crash: 0/0/0 time: 23557s job: 2248 dft_time: 0
#50175787: cov: 2953 ft: 11040 corp: 1547 exec/s: 83 oom/timeout/crash: 0/0/0 time: 23569s job: 2249 dft_time: 0
#50199576: cov: 2953 ft: 11040 corp: 1547 exec/s: 79 oom/timeout/crash: 0/0/0 time: 23580s job: 2250 dft_time: 0
#50226697: cov: 2953 ft: 11040 corp: 1547 exec/s: 90 oom/timeout/crash: 0/0/0 time: 23591s job: 2251 dft_time: 0
#50248517: cov: 2953 ft: 11040 corp: 1547 exec/s: 72 oom/timeout/crash: 0/0/0 time: 23602s job: 2252 dft_time: 0
#50271707: cov: 2953 ft: 11040 corp: 1547 exec/s: 77 oom/timeout/crash: 0/0/0 time: 23613s job: 2253 dft_time: 0
#50296421: cov: 2953 ft: 11040 corp: 1547 exec/s: 82 oom/timeout/crash: 0/0/0 time: 23624s job: 2254 dft_time: 0
#50323660: cov: 2953 ft: 11040 corp: 1547 exec/s: 90 oom/timeout/crash: 0/0/0 time: 23635s job: 2255 dft_time: 0
#50343317: cov: 2953 ft: 11040 corp: 1547 exec/s: 65 oom/timeout/crash: 0/0/0 time: 23647s job: 2256 dft_time: 0
#50368569: cov: 2953 ft: 11040 corp: 1547 exec/s: 83 oom/timeout/crash: 0/0/0 time: 23658s job: 2257 dft_time: 0
#50396081: cov: 2953 ft: 11040 corp: 1547 exec/s: 91 oom/timeout/crash: 0/0/0 time: 23669s job: 2258 dft_time: 0
#50422517: cov: 2953 ft: 11040 corp: 1547 exec/s: 87 oom/timeout/crash: 0/0/0 time: 23679s job: 2259 dft_time: 0
#50449835: cov: 2953 ft: 11040 corp: 1547 exec/s: 90 oom/timeout/crash: 0/0/0 time: 23691s job: 2260 dft_time: 0
#50473960: cov: 2953 ft: 11040 corp: 1547 exec/s: 80 oom/timeout/crash: 0/0/0 time: 23702s job: 2261 dft_time: 0
#50496748: cov: 2953 ft: 11040 corp: 1547 exec/s: 75 oom/timeout/crash: 0/0/0 time: 23712s job: 2262 dft_time: 0
#50516267: cov: 2953 ft: 11040 corp: 1547 exec/s: 64 oom/timeout/crash: 0/0/0 time: 23723s job: 2263 dft_time: 0
#50543426: cov: 2953 ft: 11040 corp: 1547 exec/s: 90 oom/timeout/crash: 0/0/0 time: 23734s job: 2264 dft_time: 0
#50570294: cov: 2953 ft: 11040 corp: 1547 exec/s: 89 oom/timeout/crash: 0/0/0 time: 23746s job: 2265 dft_time: 0
#50590439: cov: 2953 ft: 11040 corp: 1547 exec/s: 66 oom/timeout/crash: 0/0/0 time: 23756s job: 2266 dft_time: 0
#50610580: cov: 2953 ft: 11040 corp: 1547 exec/s: 66 oom/timeout/crash: 0/0/0 time: 23767s job: 2267 dft_time: 0
#50636459: cov: 2953 ft: 11040 corp: 1547 exec/s: 85 oom/timeout/crash: 0/0/0 time: 23779s job: 2268 dft_time: 0
#50657939: cov: 2953 ft: 11040 corp: 1547 exec/s: 71 oom/timeout/crash: 0/0/0 time: 23791s job: 2269 dft_time: 0
#50685341: cov: 2953 ft: 11040 corp: 1547 exec/s: 91 oom/timeout/crash: 0/0/0 time: 23804s job: 2270 dft_time: 0
#50705385: cov: 2953 ft: 11040 corp: 1547 exec/s: 66 oom/timeout/crash: 0/0/0 time: 23816s job: 2271 dft_time: 0
#50724769: cov: 2953 ft: 11040 corp: 1547 exec/s: 64 oom/timeout/crash: 0/0/0 time: 23826s job: 2272 dft_time: 0
#50749933: cov: 2953 ft: 11040 corp: 1547 exec/s: 83 oom/timeout/crash: 0/0/0 time: 23838s job: 2273 dft_time: 0
#50777494: cov: 2953 ft: 11040 corp: 1547 exec/s: 91 oom/timeout/crash: 0/0/0 time: 23848s job: 2274 dft_time: 0
#50797513: cov: 2953 ft: 11040 corp: 1547 exec/s: 66 oom/timeout/crash: 0/0/0 time: 23858s job: 2275 dft_time: 0
#50818716: cov: 2953 ft: 11040 corp: 1547 exec/s: 70 oom/timeout/crash: 0/0/0 time: 23871s job: 2276 dft_time: 0
#50845737: cov: 2953 ft: 11040 corp: 1547 exec/s: 89 oom/timeout/crash: 0/0/0 time: 23882s job: 2277 dft_time: 0
#50866116: cov: 2953 ft: 11040 corp: 1547 exec/s: 67 oom/timeout/crash: 0/0/0 time: 23892s job: 2278 dft_time: 0
#50887910: cov: 2953 ft: 11040 corp: 1547 exec/s: 72 oom/timeout/crash: 0/0/0 time: 23903s job: 2279 dft_time: 0
#50911783: cov: 2953 ft: 11040 corp: 1547 exec/s: 79 oom/timeout/crash: 0/0/0 time: 23914s job: 2280 dft_time: 0
#50938914: cov: 2953 ft: 11040 corp: 1547 exec/s: 90 oom/timeout/crash: 0/0/0 time: 23925s job: 2281 dft_time: 0
#50963589: cov: 2953 ft: 11040 corp: 1547 exec/s: 81 oom/timeout/crash: 0/0/0 time: 23936s job: 2282 dft_time: 0
#50990655: cov: 2953 ft: 11040 corp: 1547 exec/s: 89 oom/timeout/crash: 0/0/0 time: 23948s job: 2283 dft_time: 0
#51014260: cov: 2953 ft: 11040 corp: 1547 exec/s: 78 oom/timeout/crash: 0/0/0 time: 23960s job: 2284 dft_time: 0
#51040112: cov: 2953 ft: 11040 corp: 1547 exec/s: 85 oom/timeout/crash: 0/0/0 time: 23970s job: 2285 dft_time: 0
#51065583: cov: 2953 ft: 11040 corp: 1547 exec/s: 84 oom/timeout/crash: 0/0/0 time: 23980s job: 2286 dft_time: 0
#51085818: cov: 2953 ft: 11040 corp: 1547 exec/s: 67 oom/timeout/crash: 0/0/0 time: 23992s job: 2287 dft_time: 0
#51113223: cov: 2953 ft: 11040 corp: 1547 exec/s: 91 oom/timeout/crash: 0/0/0 time: 24003s job: 2288 dft_time: 0
#51134479: cov: 2953 ft: 11040 corp: 1547 exec/s: 70 oom/timeout/crash: 0/0/0 time: 24013s job: 2289 dft_time: 0
#51155427: cov: 2953 ft: 11040 corp: 1547 exec/s: 69 oom/timeout/crash: 0/0/0 time: 24024s job: 2290 dft_time: 0
#51181905: cov: 2953 ft: 11040 corp: 1547 exec/s: 87 oom/timeout/crash: 0/0/0 time: 24035s job: 2291 dft_time: 0
#51208959: cov: 2953 ft: 11040 corp: 1547 exec/s: 89 oom/timeout/crash: 0/0/0 time: 24047s job: 2292 dft_time: 0
#51235338: cov: 2953 ft: 11040 corp: 1547 exec/s: 87 oom/timeout/crash: 0/0/0 time: 24057s job: 2293 dft_time: 0
#51261747: cov: 2953 ft: 11040 corp: 1547 exec/s: 87 oom/timeout/crash: 0/0/0 time: 24068s job: 2294 dft_time: 0
#51281444: cov: 2953 ft: 11040 corp: 1547 exec/s: 65 oom/timeout/crash: 0/0/0 time: 24080s job: 2295 dft_time: 0
#51304694: cov: 2953 ft: 11040 corp: 1547 exec/s: 77 oom/timeout/crash: 0/0/0 time: 24092s job: 2296 dft_time: 0
#51324979: cov: 2953 ft: 11040 corp: 1547 exec/s: 67 oom/timeout/crash: 0/0/0 time: 24105s job: 2297 dft_time: 0
#51345675: cov: 2953 ft: 11040 corp: 1547 exec/s: 68 oom/timeout/crash: 0/0/0 time: 24117s job: 2298 dft_time: 0
#51366248: cov: 2953 ft: 11040 corp: 1547 exec/s: 68 oom/timeout/crash: 0/0/0 time: 24127s job: 2299 dft_time: 0
#51391395: cov: 2953 ft: 11040 corp: 1547 exec/s: 83 oom/timeout/crash: 0/0/0 time: 24139s job: 2300 dft_time: 0
#51419053: cov: 2953 ft: 11040 corp: 1547 exec/s: 91 oom/timeout/crash: 0/0/0 time: 24149s job: 2301 dft_time: 0
#51446065: cov: 2953 ft: 11040 corp: 1547 exec/s: 89 oom/timeout/crash: 0/0/0 time: 24160s job: 2302 dft_time: 0
#51473203: cov: 2953 ft: 11040 corp: 1547 exec/s: 90 oom/timeout/crash: 0/0/0 time: 24172s job: 2303 dft_time: 0
#51492746: cov: 2953 ft: 11042 corp: 1548 exec/s: 64 oom/timeout/crash: 0/0/0 time: 24183s job: 2304 dft_time: 0
#51520149: cov: 2953 ft: 11042 corp: 1548 exec/s: 91 oom/timeout/crash: 0/0/0 time: 24193s job: 2305 dft_time: 0
#51547218: cov: 2953 ft: 11042 corp: 1548 exec/s: 89 oom/timeout/crash: 0/0/0 time: 24204s job: 2306 dft_time: 0
#51567755: cov: 2953 ft: 11042 corp: 1548 exec/s: 68 oom/timeout/crash: 0/0/0 time: 24215s job: 2307 dft_time: 0
#51589638: cov: 2953 ft: 11042 corp: 1548 exec/s: 72 oom/timeout/crash: 0/0/0 time: 24226s job: 2308 dft_time: 0
#51610973: cov: 2953 ft: 11042 corp: 1548 exec/s: 70 oom/timeout/crash: 0/0/0 time: 24237s job: 2309 dft_time: 0
#51630999: cov: 2953 ft: 11042 corp: 1548 exec/s: 66 oom/timeout/crash: 0/0/0 time: 24249s job: 2310 dft_time: 0
#51659113: cov: 2953 ft: 11042 corp: 1548 exec/s: 93 oom/timeout/crash: 0/0/0 time: 24261s job: 2311 dft_time: 0
#51678766: cov: 2953 ft: 11042 corp: 1548 exec/s: 65 oom/timeout/crash: 0/0/0 time: 24271s job: 2312 dft_time: 0
#51705108: cov: 2953 ft: 11042 corp: 1548 exec/s: 87 oom/timeout/crash: 0/0/0 time: 24281s job: 2313 dft_time: 0
#51732740: cov: 2953 ft: 11042 corp: 1548 exec/s: 91 oom/timeout/crash: 0/0/0 time: 24293s job: 2314 dft_time: 0
#51753636: cov: 2953 ft: 11042 corp: 1548 exec/s: 69 oom/timeout/crash: 0/0/0 time: 24304s job: 2315 dft_time: 0
#51779476: cov: 2953 ft: 11042 corp: 1548 exec/s: 85 oom/timeout/crash: 0/0/0 time: 24315s job: 2316 dft_time: 0
#51802549: cov: 2953 ft: 11042 corp: 1548 exec/s: 76 oom/timeout/crash: 0/0/0 time: 24325s job: 2317 dft_time: 0
#51828425: cov: 2953 ft: 11042 corp: 1548 exec/s: 85 oom/timeout/crash: 0/0/0 time: 24336s job: 2318 dft_time: 0
#51855278: cov: 2953 ft: 11042 corp: 1548 exec/s: 89 oom/timeout/crash: 0/0/0 time: 24348s job: 2319 dft_time: 0
#51879379: cov: 2953 ft: 11042 corp: 1548 exec/s: 80 oom/timeout/crash: 0/0/0 time: 24358s job: 2320 dft_time: 0
#51899070: cov: 2953 ft: 11042 corp: 1548 exec/s: 65 oom/timeout/crash: 0/0/0 time: 24370s job: 2321 dft_time: 0
#51925855: cov: 2953 ft: 11042 corp: 1548 exec/s: 88 oom/timeout/crash: 0/0/0 time: 24381s job: 2322 dft_time: 0
#51951517: cov: 2953 ft: 11042 corp: 1548 exec/s: 85 oom/timeout/crash: 0/0/0 time: 24393s job: 2323 dft_time: 0
#51971673: cov: 2953 ft: 11042 corp: 1548 exec/s: 66 oom/timeout/crash: 0/0/0 time: 24406s job: 2324 dft_time: 0
#51991109: cov: 2953 ft: 11042 corp: 1548 exec/s: 64 oom/timeout/crash: 0/0/0 time: 24418s job: 2325 dft_time: 0
#52016324: cov: 2953 ft: 11042 corp: 1548 exec/s: 83 oom/timeout/crash: 0/0/0 time: 24428s job: 2326 dft_time: 0
#52038222: cov: 2953 ft: 11042 corp: 1548 exec/s: 72 oom/timeout/crash: 0/0/0 time: 24440s job: 2327 dft_time: 0
#52058891: cov: 2953 ft: 11042 corp: 1548 exec/s: 68 oom/timeout/crash: 0/0/0 time: 24451s job: 2328 dft_time: 0
#52078760: cov: 2953 ft: 11042 corp: 1548 exec/s: 66 oom/timeout/crash: 0/0/0 time: 24461s job: 2329 dft_time: 0
#52099734: cov: 2953 ft: 11042 corp: 1548 exec/s: 69 oom/timeout/crash: 0/0/0 time: 24473s job: 2330 dft_time: 0
#52126517: cov: 2953 ft: 11042 corp: 1548 exec/s: 88 oom/timeout/crash: 0/0/0 time: 24484s job: 2331 dft_time: 0
#52154924: cov: 2953 ft: 11042 corp: 1548 exec/s: 94 oom/timeout/crash: 0/0/0 time: 24494s job: 2332 dft_time: 0
#52181654: cov: 2953 ft: 11042 corp: 1548 exec/s: 88 oom/timeout/crash: 0/0/0 time: 24506s job: 2333 dft_time: 0
#52203593: cov: 2953 ft: 11042 corp: 1548 exec/s: 72 oom/timeout/crash: 0/0/0 time: 24516s job: 2334 dft_time: 0
#52230574: cov: 2953 ft: 11042 corp: 1548 exec/s: 89 oom/timeout/crash: 0/0/0 time: 24527s job: 2335 dft_time: 0
#52256240: cov: 2953 ft: 11042 corp: 1548 exec/s: 85 oom/timeout/crash: 0/0/0 time: 24538s job: 2336 dft_time: 0
#52280424: cov: 2953 ft: 11042 corp: 1548 exec/s: 80 oom/timeout/crash: 0/0/0 time: 24550s job: 2337 dft_time: 0
#52308272: cov: 2953 ft: 11042 corp: 1548 exec/s: 92 oom/timeout/crash: 0/0/0 time: 24562s job: 2338 dft_time: 0
#52328344: cov: 2953 ft: 11042 corp: 1548 exec/s: 66 oom/timeout/crash: 0/0/0 time: 24572s job: 2339 dft_time: 0
#52352063: cov: 2953 ft: 11042 corp: 1548 exec/s: 78 oom/timeout/crash: 0/0/0 time: 24582s job: 2340 dft_time: 0
#52373735: cov: 2953 ft: 11042 corp: 1548 exec/s: 72 oom/timeout/crash: 0/0/0 time: 24594s job: 2341 dft_time: 0
#52398359: cov: 2953 ft: 11042 corp: 1548 exec/s: 81 oom/timeout/crash: 0/0/0 time: 24605s job: 2342 dft_time: 0
#52420512: cov: 2953 ft: 11044 corp: 1549 exec/s: 73 oom/timeout/crash: 0/0/0 time: 24616s job: 2343 dft_time: 0
#52442769: cov: 2953 ft: 11044 corp: 1549 exec/s: 73 oom/timeout/crash: 0/0/0 time: 24626s job: 2344 dft_time: 0
#52470593: cov: 2953 ft: 11044 corp: 1549 exec/s: 92 oom/timeout/crash: 0/0/0 time: 24638s job: 2345 dft_time: 0
#52497975: cov: 2953 ft: 11044 corp: 1549 exec/s: 90 oom/timeout/crash: 0/0/0 time: 24649s job: 2346 dft_time: 0
#52524126: cov: 2953 ft: 11045 corp: 1550 exec/s: 86 oom/timeout/crash: 0/0/0 time: 24659s job: 2347 dft_time: 0
#52550600: cov: 2953 ft: 11045 corp: 1550 exec/s: 87 oom/timeout/crash: 0/0/0 time: 24671s job: 2348 dft_time: 0
#52574612: cov: 2953 ft: 11045 corp: 1550 exec/s: 79 oom/timeout/crash: 0/0/0 time: 24682s job: 2349 dft_time: 0
#52601391: cov: 2953 ft: 11045 corp: 1550 exec/s: 88 oom/timeout/crash: 0/0/0 time: 24694s job: 2350 dft_time: 0
#52630520: cov: 2953 ft: 11045 corp: 1550 exec/s: 96 oom/timeout/crash: 0/0/0 time: 24707s job: 2351 dft_time: 0
#52649971: cov: 2953 ft: 11045 corp: 1550 exec/s: 64 oom/timeout/crash: 0/0/0 time: 24720s job: 2352 dft_time: 0
#52669551: cov: 2953 ft: 11045 corp: 1550 exec/s: 65 oom/timeout/crash: 0/0/0 time: 24729s job: 2353 dft_time: 0
#52697055: cov: 2953 ft: 11045 corp: 1550 exec/s: 91 oom/timeout/crash: 0/0/0 time: 24741s job: 2354 dft_time: 0
#52721060: cov: 2953 ft: 11045 corp: 1550 exec/s: 79 oom/timeout/crash: 0/0/0 time: 24752s job: 2355 dft_time: 0
#52746904: cov: 2953 ft: 11045 corp: 1550 exec/s: 85 oom/timeout/crash: 0/0/0 time: 24762s job: 2356 dft_time: 0
#52768705: cov: 2953 ft: 11045 corp: 1550 exec/s: 72 oom/timeout/crash: 0/0/0 time: 24774s job: 2357 dft_time: 0
#52795906: cov: 2953 ft: 11045 corp: 1550 exec/s: 90 oom/timeout/crash: 0/0/0 time: 24785s job: 2358 dft_time: 0
#52822971: cov: 2953 ft: 11045 corp: 1550 exec/s: 89 oom/timeout/crash: 0/0/0 time: 24795s job: 2359 dft_time: 0
#52844590: cov: 2953 ft: 11045 corp: 1550 exec/s: 71 oom/timeout/crash: 0/0/0 time: 24807s job: 2360 dft_time: 0
#52871037: cov: 2953 ft: 11045 corp: 1550 exec/s: 87 oom/timeout/crash: 0/0/0 time: 24817s job: 2361 dft_time: 0
#52890772: cov: 2953 ft: 11045 corp: 1550 exec/s: 65 oom/timeout/crash: 0/0/0 time: 24828s job: 2362 dft_time: 0
#52912041: cov: 2953 ft: 11045 corp: 1550 exec/s: 70 oom/timeout/crash: 0/0/0 time: 24840s job: 2363 dft_time: 0
#52936847: cov: 2953 ft: 11045 corp: 1550 exec/s: 82 oom/timeout/crash: 0/0/0 time: 24851s job: 2364 dft_time: 0
#52956408: cov: 2953 ft: 11045 corp: 1550 exec/s: 64 oom/timeout/crash: 0/0/0 time: 24863s job: 2365 dft_time: 0
#52977700: cov: 2953 ft: 11045 corp: 1550 exec/s: 70 oom/timeout/crash: 0/0/0 time: 24874s job: 2366 dft_time: 0
#52997272: cov: 2953 ft: 11045 corp: 1550 exec/s: 65 oom/timeout/crash: 0/0/0 time: 24883s job: 2367 dft_time: 0
#53018899: cov: 2953 ft: 11045 corp: 1550 exec/s: 71 oom/timeout/crash: 0/0/0 time: 24895s job: 2368 dft_time: 0
#53045491: cov: 2953 ft: 11045 corp: 1550 exec/s: 88 oom/timeout/crash: 0/0/0 time: 24906s job: 2369 dft_time: 0
#53071472: cov: 2953 ft: 11045 corp: 1550 exec/s: 86 oom/timeout/crash: 0/0/0 time: 24917s job: 2370 dft_time: 0
#53091052: cov: 2953 ft: 11045 corp: 1550 exec/s: 65 oom/timeout/crash: 0/0/0 time: 24927s job: 2371 dft_time: 0
#53110538: cov: 2953 ft: 11045 corp: 1550 exec/s: 64 oom/timeout/crash: 0/0/0 time: 24939s job: 2372 dft_time: 0
#53134898: cov: 2953 ft: 11045 corp: 1550 exec/s: 80 oom/timeout/crash: 0/0/0 time: 24950s job: 2373 dft_time: 0
#53162315: cov: 2953 ft: 11045 corp: 1550 exec/s: 91 oom/timeout/crash: 0/0/0 time: 24960s job: 2374 dft_time: 0
#53189200: cov: 2953 ft: 11045 corp: 1550 exec/s: 89 oom/timeout/crash: 0/0/0 time: 24972s job: 2375 dft_time: 0
#53214367: cov: 2953 ft: 11045 corp: 1550 exec/s: 83 oom/timeout/crash: 0/0/0 time: 24984s job: 2376 dft_time: 0
#53241777: cov: 2953 ft: 11045 corp: 1550 exec/s: 91 oom/timeout/crash: 0/0/0 time: 24996s job: 2377 dft_time: 0
#53265138: cov: 2953 ft: 11045 corp: 1550 exec/s: 77 oom/timeout/crash: 0/0/0 time: 25008s job: 2378 dft_time: 0
#53284440: cov: 2953 ft: 11045 corp: 1550 exec/s: 64 oom/timeout/crash: 0/0/0 time: 25021s job: 2379 dft_time: 0
#53306930: cov: 2953 ft: 11045 corp: 1550 exec/s: 74 oom/timeout/crash: 0/0/0 time: 25031s job: 2380 dft_time: 0
#53327496: cov: 2954 ft: 11046 corp: 1551 exec/s: 68 oom/timeout/crash: 0/0/0 time: 25043s job: 2381 dft_time: 0
#53354746: cov: 2954 ft: 11046 corp: 1551 exec/s: 90 oom/timeout/crash: 0/0/0 time: 25053s job: 2382 dft_time: 0
#53375647: cov: 2954 ft: 11046 corp: 1551 exec/s: 69 oom/timeout/crash: 0/0/0 time: 25063s job: 2383 dft_time: 0
#53397925: cov: 2954 ft: 11046 corp: 1551 exec/s: 74 oom/timeout/crash: 0/0/0 time: 25075s job: 2384 dft_time: 0
#53420365: cov: 2954 ft: 11046 corp: 1551 exec/s: 74 oom/timeout/crash: 0/0/0 time: 25086s job: 2385 dft_time: 0
#53440113: cov: 2954 ft: 11046 corp: 1551 exec/s: 65 oom/timeout/crash: 0/0/0 time: 25096s job: 2386 dft_time: 0
#53467037: cov: 2954 ft: 11046 corp: 1551 exec/s: 89 oom/timeout/crash: 0/0/0 time: 25108s job: 2387 dft_time: 0
#53490677: cov: 2954 ft: 11046 corp: 1551 exec/s: 78 oom/timeout/crash: 0/0/0 time: 25119s job: 2388 dft_time: 0
#53512289: cov: 2954 ft: 11046 corp: 1551 exec/s: 71 oom/timeout/crash: 0/0/0 time: 25129s job: 2389 dft_time: 0
#53539466: cov: 2954 ft: 11046 corp: 1551 exec/s: 90 oom/timeout/crash: 0/0/0 time: 25141s job: 2390 dft_time: 0
#53563601: cov: 2954 ft: 11046 corp: 1551 exec/s: 80 oom/timeout/crash: 0/0/0 time: 25152s job: 2391 dft_time: 0
#53590791: cov: 2954 ft: 11046 corp: 1551 exec/s: 90 oom/timeout/crash: 0/0/0 time: 25164s job: 2392 dft_time: 0
#53618007: cov: 2954 ft: 11046 corp: 1551 exec/s: 90 oom/timeout/crash: 0/0/0 time: 25175s job: 2393 dft_time: 0
#53638648: cov: 2954 ft: 11046 corp: 1551 exec/s: 68 oom/timeout/crash: 0/0/0 time: 25184s job: 2394 dft_time: 0
#53659199: cov: 2954 ft: 11046 corp: 1551 exec/s: 68 oom/timeout/crash: 0/0/0 time: 25196s job: 2395 dft_time: 0
#53684699: cov: 2954 ft: 11046 corp: 1551 exec/s: 84 oom/timeout/crash: 0/0/0 time: 25207s job: 2396 dft_time: 0
#53704106: cov: 2954 ft: 11046 corp: 1551 exec/s: 64 oom/timeout/crash: 0/0/0 time: 25218s job: 2397 dft_time: 0
#53731354: cov: 2954 ft: 11046 corp: 1551 exec/s: 90 oom/timeout/crash: 0/0/0 time: 25229s job: 2398 dft_time: 0
#53754727: cov: 2954 ft: 11046 corp: 1551 exec/s: 77 oom/timeout/crash: 0/0/0 time: 25240s job: 2399 dft_time: 0
#53779644: cov: 2954 ft: 11046 corp: 1551 exec/s: 82 oom/timeout/crash: 0/0/0 time: 25251s job: 2400 dft_time: 0
#53805303: cov: 2954 ft: 11046 corp: 1551 exec/s: 85 oom/timeout/crash: 0/0/0 time: 25262s job: 2401 dft_time: 0
#53833171: cov: 2954 ft: 11046 corp: 1551 exec/s: 92 oom/timeout/crash: 0/0/0 time: 25273s job: 2402 dft_time: 0
#53855489: cov: 2954 ft: 11046 corp: 1551 exec/s: 74 oom/timeout/crash: 0/0/0 time: 25285s job: 2403 dft_time: 0
#53878248: cov: 2954 ft: 11046 corp: 1551 exec/s: 75 oom/timeout/crash: 0/0/0 time: 25297s job: 2404 dft_time: 0
#53898548: cov: 2954 ft: 11046 corp: 1551 exec/s: 67 oom/timeout/crash: 0/0/0 time: 25309s job: 2405 dft_time: 0
#53921960: cov: 2954 ft: 11046 corp: 1551 exec/s: 77 oom/timeout/crash: 0/0/0 time: 25322s job: 2406 dft_time: 0
#53950413: cov: 2954 ft: 11046 corp: 1551 exec/s: 94 oom/timeout/crash: 0/0/0 time: 25332s job: 2407 dft_time: 0
#53975131: cov: 2954 ft: 11046 corp: 1551 exec/s: 82 oom/timeout/crash: 0/0/0 time: 25344s job: 2408 dft_time: 0
#53997058: cov: 2954 ft: 11046 corp: 1551 exec/s: 72 oom/timeout/crash: 0/0/0 time: 25354s job: 2409 dft_time: 0
#54022382: cov: 2954 ft: 11047 corp: 1552 exec/s: 84 oom/timeout/crash: 0/0/0 time: 25364s job: 2410 dft_time: 0
#54047807: cov: 2954 ft: 11047 corp: 1552 exec/s: 84 oom/timeout/crash: 0/0/0 time: 25376s job: 2411 dft_time: 0
#54069031: cov: 2954 ft: 11047 corp: 1552 exec/s: 70 oom/timeout/crash: 0/0/0 time: 25387s job: 2412 dft_time: 0
#54096341: cov: 2954 ft: 11047 corp: 1552 exec/s: 90 oom/timeout/crash: 0/0/0 time: 25398s job: 2413 dft_time: 0
#54122020: cov: 2954 ft: 11047 corp: 1552 exec/s: 85 oom/timeout/crash: 0/0/0 time: 25409s job: 2414 dft_time: 0
#54149087: cov: 2954 ft: 11047 corp: 1552 exec/s: 89 oom/timeout/crash: 0/0/0 time: 25420s job: 2415 dft_time: 0
#54168748: cov: 2954 ft: 11047 corp: 1552 exec/s: 65 oom/timeout/crash: 0/0/0 time: 25431s job: 2416 dft_time: 0
#54188624: cov: 2954 ft: 11047 corp: 1552 exec/s: 66 oom/timeout/crash: 0/0/0 time: 25442s job: 2417 dft_time: 0
#54209154: cov: 2954 ft: 11047 corp: 1552 exec/s: 68 oom/timeout/crash: 0/0/0 time: 25454s job: 2418 dft_time: 0
#54229982: cov: 2954 ft: 11047 corp: 1552 exec/s: 69 oom/timeout/crash: 0/0/0 time: 25465s job: 2419 dft_time: 0
#54256981: cov: 2954 ft: 11047 corp: 1552 exec/s: 89 oom/timeout/crash: 0/0/0 time: 25476s job: 2420 dft_time: 0
#54282467: cov: 2954 ft: 11047 corp: 1552 exec/s: 84 oom/timeout/crash: 0/0/0 time: 25485s job: 2421 dft_time: 0
#54309658: cov: 2954 ft: 11047 corp: 1552 exec/s: 90 oom/timeout/crash: 0/0/0 time: 25497s job: 2422 dft_time: 0
#54331074: cov: 2954 ft: 11047 corp: 1552 exec/s: 71 oom/timeout/crash: 0/0/0 time: 25508s job: 2423 dft_time: 0
#54351063: cov: 2955 ft: 11048 corp: 1553 exec/s: 66 oom/timeout/crash: 0/0/0 time: 25519s job: 2424 dft_time: 0
#54376349: cov: 2955 ft: 11048 corp: 1553 exec/s: 84 oom/timeout/crash: 0/0/0 time: 25530s job: 2425 dft_time: 0
#54403020: cov: 2955 ft: 11048 corp: 1553 exec/s: 88 oom/timeout/crash: 0/0/0 time: 25541s job: 2426 dft_time: 0
#54423144: cov: 2955 ft: 11048 corp: 1553 exec/s: 66 oom/timeout/crash: 0/0/0 time: 25552s job: 2427 dft_time: 0
#54445887: cov: 2955 ft: 11048 corp: 1553 exec/s: 75 oom/timeout/crash: 0/0/0 time: 25563s job: 2428 dft_time: 0
#54473713: cov: 2955 ft: 11048 corp: 1553 exec/s: 92 oom/timeout/crash: 0/0/0 time: 25574s job: 2429 dft_time: 0
#54495042: cov: 2955 ft: 11048 corp: 1553 exec/s: 70 oom/timeout/crash: 0/0/0 time: 25586s job: 2430 dft_time: 0
#54516502: cov: 2955 ft: 11048 corp: 1553 exec/s: 71 oom/timeout/crash: 0/0/0 time: 25598s job: 2431 dft_time: 0
#54541089: cov: 2955 ft: 11048 corp: 1553 exec/s: 81 oom/timeout/crash: 0/0/0 time: 25610s job: 2432 dft_time: 0
#54562150: cov: 2955 ft: 11048 corp: 1553 exec/s: 69 oom/timeout/crash: 0/0/0 time: 25623s job: 2433 dft_time: 0
#54588507: cov: 2955 ft: 11048 corp: 1553 exec/s: 87 oom/timeout/crash: 0/0/0 time: 25633s job: 2434 dft_time: 0
#54617113: cov: 2955 ft: 11048 corp: 1553 exec/s: 95 oom/timeout/crash: 0/0/0 time: 25645s job: 2435 dft_time: 0
#54636725: cov: 2955 ft: 11048 corp: 1553 exec/s: 65 oom/timeout/crash: 0/0/0 time: 25655s job: 2436 dft_time: 0
#54658284: cov: 2955 ft: 11048 corp: 1553 exec/s: 71 oom/timeout/crash: 0/0/0 time: 25665s job: 2437 dft_time: 0
#54685483: cov: 2955 ft: 11048 corp: 1553 exec/s: 90 oom/timeout/crash: 0/0/0 time: 25677s job: 2438 dft_time: 0
#54712329: cov: 2955 ft: 11048 corp: 1553 exec/s: 89 oom/timeout/crash: 0/0/0 time: 25688s job: 2439 dft_time: 0
#54733318: cov: 2955 ft: 11048 corp: 1553 exec/s: 69 oom/timeout/crash: 0/0/0 time: 25699s job: 2440 dft_time: 0
#54753900: cov: 2955 ft: 11048 corp: 1553 exec/s: 68 oom/timeout/crash: 0/0/0 time: 25710s job: 2441 dft_time: 0
#54781070: cov: 2955 ft: 11048 corp: 1553 exec/s: 90 oom/timeout/crash: 0/0/0 time: 25721s job: 2442 dft_time: 0
#54802881: cov: 2955 ft: 11048 corp: 1553 exec/s: 72 oom/timeout/crash: 0/0/0 time: 25732s job: 2443 dft_time: 0
#54830483: cov: 2955 ft: 11048 corp: 1553 exec/s: 91 oom/timeout/crash: 0/0/0 time: 25743s job: 2444 dft_time: 0
#54850839: cov: 2955 ft: 11048 corp: 1553 exec/s: 67 oom/timeout/crash: 0/0/0 time: 25755s job: 2445 dft_time: 0
#54874044: cov: 2955 ft: 11048 corp: 1553 exec/s: 77 oom/timeout/crash: 0/0/0 time: 25766s job: 2446 dft_time: 0
#54894568: cov: 2955 ft: 11048 corp: 1553 exec/s: 68 oom/timeout/crash: 0/0/0 time: 25777s job: 2447 dft_time: 0
#54920813: cov: 2955 ft: 11049 corp: 1554 exec/s: 87 oom/timeout/crash: 0/0/0 time: 25787s job: 2448 dft_time: 0
#54943535: cov: 2955 ft: 11049 corp: 1554 exec/s: 75 oom/timeout/crash: 0/0/0 time: 25799s job: 2449 dft_time: 0
#54971490: cov: 2955 ft: 11049 corp: 1554 exec/s: 92 oom/timeout/crash: 0/0/0 time: 25810s job: 2450 dft_time: 0
#54997693: cov: 2955 ft: 11049 corp: 1554 exec/s: 87 oom/timeout/crash: 0/0/0 time: 25820s job: 2451 dft_time: 0
#55025187: cov: 2955 ft: 11049 corp: 1554 exec/s: 91 oom/timeout/crash: 0/0/0 time: 25831s job: 2452 dft_time: 0
#55048899: cov: 2955 ft: 11049 corp: 1554 exec/s: 78 oom/timeout/crash: 0/0/0 time: 25842s job: 2453 dft_time: 0
#55076040: cov: 2955 ft: 11049 corp: 1554 exec/s: 90 oom/timeout/crash: 0/0/0 time: 25854s job: 2454 dft_time: 0
#55102762: cov: 2955 ft: 11049 corp: 1554 exec/s: 88 oom/timeout/crash: 0/0/0 time: 25864s job: 2455 dft_time: 0
#55124717: cov: 2955 ft: 11049 corp: 1554 exec/s: 72 oom/timeout/crash: 0/0/0 time: 25875s job: 2456 dft_time: 0
#55152029: cov: 2955 ft: 11049 corp: 1554 exec/s: 90 oom/timeout/crash: 0/0/0 time: 25887s job: 2457 dft_time: 0
#55171426: cov: 2955 ft: 11049 corp: 1554 exec/s: 64 oom/timeout/crash: 0/0/0 time: 25899s job: 2458 dft_time: 0
#55193084: cov: 2955 ft: 11049 corp: 1554 exec/s: 71 oom/timeout/crash: 0/0/0 time: 25912s job: 2459 dft_time: 0
#55215726: cov: 2955 ft: 11049 corp: 1554 exec/s: 75 oom/timeout/crash: 0/0/0 time: 25924s job: 2460 dft_time: 0
#55239159: cov: 2955 ft: 11049 corp: 1554 exec/s: 77 oom/timeout/crash: 0/0/0 time: 25934s job: 2461 dft_time: 0
#55265134: cov: 2955 ft: 11049 corp: 1554 exec/s: 86 oom/timeout/crash: 0/0/0 time: 25946s job: 2462 dft_time: 0
#55285259: cov: 2955 ft: 11078 corp: 1555 exec/s: 66 oom/timeout/crash: 0/0/0 time: 25956s job: 2463 dft_time: 0
#55310478: cov: 2955 ft: 11078 corp: 1555 exec/s: 83 oom/timeout/crash: 0/0/0 time: 25967s job: 2464 dft_time: 0
#55334520: cov: 2955 ft: 11078 corp: 1555 exec/s: 79 oom/timeout/crash: 0/0/0 time: 25979s job: 2465 dft_time: 0
#55355942: cov: 2955 ft: 11078 corp: 1555 exec/s: 71 oom/timeout/crash: 0/0/0 time: 25989s job: 2466 dft_time: 0
#55377917: cov: 2955 ft: 11078 corp: 1555 exec/s: 73 oom/timeout/crash: 0/0/0 time: 26000s job: 2467 dft_time: 0
#55400091: cov: 2955 ft: 11078 corp: 1555 exec/s: 73 oom/timeout/crash: 0/0/0 time: 26011s job: 2468 dft_time: 0
#55420816: cov: 2955 ft: 11078 corp: 1555 exec/s: 68 oom/timeout/crash: 0/0/0 time: 26022s job: 2469 dft_time: 0
#55442108: cov: 2955 ft: 11078 corp: 1555 exec/s: 70 oom/timeout/crash: 0/0/0 time: 26033s job: 2470 dft_time: 0
#55468904: cov: 2955 ft: 11078 corp: 1555 exec/s: 89 oom/timeout/crash: 0/0/0 time: 26044s job: 2471 dft_time: 0
#55496298: cov: 2955 ft: 11078 corp: 1555 exec/s: 91 oom/timeout/crash: 0/0/0 time: 26056s job: 2472 dft_time: 0
#55521451: cov: 2955 ft: 11078 corp: 1555 exec/s: 83 oom/timeout/crash: 0/0/0 time: 26067s job: 2473 dft_time: 0
#55541356: cov: 2955 ft: 11078 corp: 1555 exec/s: 66 oom/timeout/crash: 0/0/0 time: 26078s job: 2474 dft_time: 0
#55568877: cov: 2955 ft: 11078 corp: 1555 exec/s: 91 oom/timeout/crash: 0/0/0 time: 26088s job: 2475 dft_time: 0
#55596076: cov: 2955 ft: 11078 corp: 1555 exec/s: 90 oom/timeout/crash: 0/0/0 time: 26100s job: 2476 dft_time: 0
#55616316: cov: 2955 ft: 11078 corp: 1555 exec/s: 67 oom/timeout/crash: 0/0/0 time: 26111s job: 2477 dft_time: 0
#55643534: cov: 2955 ft: 11078 corp: 1555 exec/s: 90 oom/timeout/crash: 0/0/0 time: 26121s job: 2478 dft_time: 0
#55669254: cov: 2955 ft: 11078 corp: 1555 exec/s: 85 oom/timeout/crash: 0/0/0 time: 26132s job: 2479 dft_time: 0
#55697616: cov: 2955 ft: 11078 corp: 1555 exec/s: 94 oom/timeout/crash: 0/0/0 time: 26143s job: 2480 dft_time: 0
#55724080: cov: 2955 ft: 11078 corp: 1555 exec/s: 87 oom/timeout/crash: 0/0/0 time: 26155s job: 2481 dft_time: 0
#55743524: cov: 2955 ft: 11078 corp: 1555 exec/s: 64 oom/timeout/crash: 0/0/0 time: 26165s job: 2482 dft_time: 0
#55766034: cov: 2955 ft: 11078 corp: 1555 exec/s: 74 oom/timeout/crash: 0/0/0 time: 26176s job: 2483 dft_time: 0
#55785609: cov: 2955 ft: 11078 corp: 1555 exec/s: 65 oom/timeout/crash: 0/0/0 time: 26188s job: 2484 dft_time: 0
#55806310: cov: 2955 ft: 11078 corp: 1555 exec/s: 68 oom/timeout/crash: 0/0/0 time: 26200s job: 2485 dft_time: 0
#55831199: cov: 2955 ft: 11078 corp: 1555 exec/s: 82 oom/timeout/crash: 0/0/0 time: 26213s job: 2486 dft_time: 0
#55858069: cov: 2955 ft: 11078 corp: 1555 exec/s: 89 oom/timeout/crash: 0/0/0 time: 26225s job: 2487 dft_time: 0
#55884958: cov: 2955 ft: 11078 corp: 1555 exec/s: 89 oom/timeout/crash: 0/0/0 time: 26235s job: 2488 dft_time: 0
#55908082: cov: 2955 ft: 11078 corp: 1555 exec/s: 76 oom/timeout/crash: 0/0/0 time: 26247s job: 2489 dft_time: 0
#55935392: cov: 2955 ft: 11078 corp: 1555 exec/s: 90 oom/timeout/crash: 0/0/0 time: 26257s job: 2490 dft_time: 0
#55959408: cov: 2955 ft: 11078 corp: 1555 exec/s: 79 oom/timeout/crash: 0/0/0 time: 26268s job: 2491 dft_time: 0
#55979203: cov: 2955 ft: 11078 corp: 1555 exec/s: 65 oom/timeout/crash: 0/0/0 time: 26280s job: 2492 dft_time: 0
#56005182: cov: 2955 ft: 11078 corp: 1555 exec/s: 86 oom/timeout/crash: 0/0/0 time: 26291s job: 2493 dft_time: 0
#56027065: cov: 2955 ft: 11078 corp: 1555 exec/s: 72 oom/timeout/crash: 0/0/0 time: 26301s job: 2494 dft_time: 0
#56048327: cov: 2955 ft: 11078 corp: 1555 exec/s: 70 oom/timeout/crash: 0/0/0 time: 26312s job: 2495 dft_time: 0
#56067964: cov: 2955 ft: 11078 corp: 1555 exec/s: 65 oom/timeout/crash: 0/0/0 time: 26323s job: 2496 dft_time: 0
#56087640: cov: 2955 ft: 11078 corp: 1555 exec/s: 65 oom/timeout/crash: 0/0/0 time: 26334s job: 2497 dft_time: 0
#56114211: cov: 2955 ft: 11078 corp: 1555 exec/s: 88 oom/timeout/crash: 0/0/0 time: 26345s job: 2498 dft_time: 0
#56134153: cov: 2955 ft: 11078 corp: 1555 exec/s: 66 oom/timeout/crash: 0/0/0 time: 26357s job: 2499 dft_time: 0
#56160170: cov: 2955 ft: 11078 corp: 1555 exec/s: 86 oom/timeout/crash: 0/0/0 time: 26369s job: 2500 dft_time: 0
#56186644: cov: 2955 ft: 11078 corp: 1555 exec/s: 87 oom/timeout/crash: 0/0/0 time: 26379s job: 2501 dft_time: 0
#56207908: cov: 2955 ft: 11078 corp: 1555 exec/s: 70 oom/timeout/crash: 0/0/0 time: 26389s job: 2502 dft_time: 0
#56235127: cov: 2955 ft: 11078 corp: 1555 exec/s: 90 oom/timeout/crash: 0/0/0 time: 26401s job: 2503 dft_time: 0
#56254718: cov: 2955 ft: 11078 corp: 1555 exec/s: 65 oom/timeout/crash: 0/0/0 time: 26412s job: 2504 dft_time: 0
#56275310: cov: 2955 ft: 11078 corp: 1555 exec/s: 68 oom/timeout/crash: 0/0/0 time: 26422s job: 2505 dft_time: 0
#56300112: cov: 2955 ft: 11078 corp: 1555 exec/s: 82 oom/timeout/crash: 0/0/0 time: 26433s job: 2506 dft_time: 0
#56323783: cov: 2955 ft: 11078 corp: 1555 exec/s: 78 oom/timeout/crash: 0/0/0 time: 26444s job: 2507 dft_time: 0
#56350901: cov: 2955 ft: 11080 corp: 1556 exec/s: 90 oom/timeout/crash: 0/0/0 time: 26456s job: 2508 dft_time: 0
#56377088: cov: 2955 ft: 11081 corp: 1557 exec/s: 87 oom/timeout/crash: 0/0/0 time: 26466s job: 2509 dft_time: 0
#56404688: cov: 2955 ft: 11081 corp: 1557 exec/s: 91 oom/timeout/crash: 0/0/0 time: 26478s job: 2510 dft_time: 0
#56426136: cov: 2955 ft: 11081 corp: 1557 exec/s: 71 oom/timeout/crash: 0/0/0 time: 26489s job: 2511 dft_time: 0
#56452847: cov: 2955 ft: 11081 corp: 1557 exec/s: 88 oom/timeout/crash: 0/0/0 time: 26501s job: 2512 dft_time: 0
#56472592: cov: 2955 ft: 11081 corp: 1557 exec/s: 65 oom/timeout/crash: 0/0/0 time: 26514s job: 2513 dft_time: 0
#56494832: cov: 2955 ft: 11081 corp: 1557 exec/s: 73 oom/timeout/crash: 0/0/0 time: 26526s job: 2514 dft_time: 0
#56520525: cov: 2955 ft: 11081 corp: 1557 exec/s: 85 oom/timeout/crash: 0/0/0 time: 26536s job: 2515 dft_time: 0
#56547861: cov: 2955 ft: 11081 corp: 1557 exec/s: 90 oom/timeout/crash: 0/0/0 time: 26548s job: 2516 dft_time: 0
#56573178: cov: 2955 ft: 11081 corp: 1557 exec/s: 84 oom/timeout/crash: 0/0/0 time: 26558s job: 2517 dft_time: 0
#56600038: cov: 2955 ft: 11081 corp: 1557 exec/s: 89 oom/timeout/crash: 0/0/0 time: 26569s job: 2518 dft_time: 0
#56619906: cov: 2955 ft: 11081 corp: 1557 exec/s: 66 oom/timeout/crash: 0/0/0 time: 26581s job: 2519 dft_time: 0
#56644473: cov: 2955 ft: 11081 corp: 1557 exec/s: 81 oom/timeout/crash: 0/0/0 time: 26592s job: 2520 dft_time: 0
#56669941: cov: 2955 ft: 11082 corp: 1558 exec/s: 84 oom/timeout/crash: 0/0/0 time: 26602s job: 2521 dft_time: 0
#56693419: cov: 2955 ft: 11082 corp: 1558 exec/s: 78 oom/timeout/crash: 0/0/0 time: 26614s job: 2522 dft_time: 0
#56713034: cov: 2955 ft: 11082 corp: 1558 exec/s: 65 oom/timeout/crash: 0/0/0 time: 26624s job: 2523 dft_time: 0
#56737125: cov: 2955 ft: 11082 corp: 1558 exec/s: 80 oom/timeout/crash: 0/0/0 time: 26635s job: 2524 dft_time: 0
#56764810: cov: 2955 ft: 11082 corp: 1558 exec/s: 91 oom/timeout/crash: 0/0/0 time: 26646s job: 2525 dft_time: 0
#56789867: cov: 2955 ft: 11082 corp: 1558 exec/s: 83 oom/timeout/crash: 0/0/0 time: 26658s job: 2526 dft_time: 0
#56811765: cov: 2955 ft: 11082 corp: 1558 exec/s: 72 oom/timeout/crash: 0/0/0 time: 26670s job: 2527 dft_time: 0
#56837445: cov: 2955 ft: 11082 corp: 1558 exec/s: 85 oom/timeout/crash: 0/0/0 time: 26681s job: 2528 dft_time: 0
#56862020: cov: 2955 ft: 11082 corp: 1558 exec/s: 81 oom/timeout/crash: 0/0/0 time: 26690s job: 2529 dft_time: 0
#56889543: cov: 2955 ft: 11082 corp: 1558 exec/s: 91 oom/timeout/crash: 0/0/0 time: 26702s job: 2530 dft_time: 0
#56911977: cov: 2955 ft: 11082 corp: 1558 exec/s: 74 oom/timeout/crash: 0/0/0 time: 26713s job: 2531 dft_time: 0
#56931987: cov: 2955 ft: 11082 corp: 1558 exec/s: 66 oom/timeout/crash: 0/0/0 time: 26724s job: 2532 dft_time: 0
#56954942: cov: 2955 ft: 11082 corp: 1558 exec/s: 76 oom/timeout/crash: 0/0/0 time: 26734s job: 2533 dft_time: 0
#56979408: cov: 2955 ft: 11082 corp: 1558 exec/s: 81 oom/timeout/crash: 0/0/0 time: 26746s job: 2534 dft_time: 0
#57003129: cov: 2955 ft: 11082 corp: 1558 exec/s: 78 oom/timeout/crash: 0/0/0 time: 26757s job: 2535 dft_time: 0
#57023369: cov: 2955 ft: 11082 corp: 1558 exec/s: 67 oom/timeout/crash: 0/0/0 time: 26767s job: 2536 dft_time: 0
#57049947: cov: 2955 ft: 11082 corp: 1558 exec/s: 88 oom/timeout/crash: 0/0/0 time: 26779s job: 2537 dft_time: 0
#57070232: cov: 2955 ft: 11082 corp: 1558 exec/s: 67 oom/timeout/crash: 0/0/0 time: 26790s job: 2538 dft_time: 0
#57094672: cov: 2955 ft: 11082 corp: 1558 exec/s: 81 oom/timeout/crash: 0/0/0 time: 26803s job: 2539 dft_time: 0
#57116275: cov: 2955 ft: 11082 corp: 1558 exec/s: 71 oom/timeout/crash: 0/0/0 time: 26815s job: 2540 dft_time: 0
#57135718: cov: 2955 ft: 11082 corp: 1558 exec/s: 64 oom/timeout/crash: 0/0/0 time: 26828s job: 2541 dft_time: 0
#57163570: cov: 2955 ft: 11082 corp: 1558 exec/s: 92 oom/timeout/crash: 0/0/0 time: 26838s job: 2542 dft_time: 0
#57187755: cov: 2955 ft: 11082 corp: 1558 exec/s: 80 oom/timeout/crash: 0/0/0 time: 26849s job: 2543 dft_time: 0
#57215559: cov: 2955 ft: 11082 corp: 1558 exec/s: 92 oom/timeout/crash: 0/0/0 time: 26859s job: 2544 dft_time: 0
#57240678: cov: 2955 ft: 11082 corp: 1558 exec/s: 83 oom/timeout/crash: 0/0/0 time: 26870s job: 2545 dft_time: 0
#57261952: cov: 2955 ft: 11082 corp: 1558 exec/s: 70 oom/timeout/crash: 0/0/0 time: 26882s job: 2546 dft_time: 0
#57285963: cov: 2955 ft: 11082 corp: 1558 exec/s: 79 oom/timeout/crash: 0/0/0 time: 26893s job: 2547 dft_time: 0
#57312480: cov: 2955 ft: 11082 corp: 1558 exec/s: 88 oom/timeout/crash: 0/0/0 time: 26903s job: 2548 dft_time: 0
#57333925: cov: 2955 ft: 11082 corp: 1558 exec/s: 71 oom/timeout/crash: 0/0/0 time: 26915s job: 2549 dft_time: 0
#57359383: cov: 2955 ft: 11082 corp: 1558 exec/s: 84 oom/timeout/crash: 0/0/0 time: 26925s job: 2550 dft_time: 0
#57386674: cov: 2955 ft: 11082 corp: 1558 exec/s: 90 oom/timeout/crash: 0/0/0 time: 26936s job: 2551 dft_time: 0
#57406160: cov: 2955 ft: 11082 corp: 1558 exec/s: 64 oom/timeout/crash: 0/0/0 time: 26948s job: 2552 dft_time: 0
#57433694: cov: 2955 ft: 11082 corp: 1558 exec/s: 91 oom/timeout/crash: 0/0/0 time: 26959s job: 2553 dft_time: 0
#57461268: cov: 2955 ft: 11082 corp: 1558 exec/s: 91 oom/timeout/crash: 0/0/0 time: 26971s job: 2554 dft_time: 0
#57480816: cov: 2955 ft: 11082 corp: 1558 exec/s: 64 oom/timeout/crash: 0/0/0 time: 26982s job: 2555 dft_time: 0
#57506939: cov: 2955 ft: 11082 corp: 1558 exec/s: 86 oom/timeout/crash: 0/0/0 time: 26991s job: 2556 dft_time: 0
#57534422: cov: 2955 ft: 11082 corp: 1558 exec/s: 91 oom/timeout/crash: 0/0/0 time: 27003s job: 2557 dft_time: 0
#57561707: cov: 2955 ft: 11082 corp: 1558 exec/s: 90 oom/timeout/crash: 0/0/0 time: 27014s job: 2558 dft_time: 0
#57583340: cov: 2955 ft: 11082 corp: 1558 exec/s: 71 oom/timeout/crash: 0/0/0 time: 27025s job: 2559 dft_time: 0
#57604735: cov: 2955 ft: 11082 corp: 1558 exec/s: 71 oom/timeout/crash: 0/0/0 time: 27035s job: 2560 dft_time: 0
#57624166: cov: 2955 ft: 11082 corp: 1558 exec/s: 64 oom/timeout/crash: 0/0/0 time: 27047s job: 2561 dft_time: 0
#57650008: cov: 2955 ft: 11082 corp: 1558 exec/s: 85 oom/timeout/crash: 0/0/0 time: 27058s job: 2562 dft_time: 0
#57670301: cov: 2955 ft: 11082 corp: 1558 exec/s: 67 oom/timeout/crash: 0/0/0 time: 27068s job: 2563 dft_time: 0
#57693578: cov: 2955 ft: 11082 corp: 1558 exec/s: 77 oom/timeout/crash: 0/0/0 time: 27080s job: 2564 dft_time: 0
#57717522: cov: 2955 ft: 11082 corp: 1558 exec/s: 79 oom/timeout/crash: 0/0/0 time: 27092s job: 2565 dft_time: 0
#57737164: cov: 2955 ft: 11082 corp: 1558 exec/s: 65 oom/timeout/crash: 0/0/0 time: 27104s job: 2566 dft_time: 0
#57757908: cov: 2955 ft: 11082 corp: 1558 exec/s: 68 oom/timeout/crash: 0/0/0 time: 27116s job: 2567 dft_time: 0
#57781735: cov: 2955 ft: 11086 corp: 1559 exec/s: 79 oom/timeout/crash: 0/0/0 time: 27129s job: 2568 dft_time: 0
#57806840: cov: 2955 ft: 11086 corp: 1559 exec/s: 83 oom/timeout/crash: 0/0/0 time: 27139s job: 2569 dft_time: 0
#57832465: cov: 2955 ft: 11086 corp: 1559 exec/s: 85 oom/timeout/crash: 0/0/0 time: 27151s job: 2570 dft_time: 0
#57858551: cov: 2955 ft: 11086 corp: 1559 exec/s: 86 oom/timeout/crash: 0/0/0 time: 27161s job: 2571 dft_time: 0
#57885929: cov: 2955 ft: 11086 corp: 1559 exec/s: 90 oom/timeout/crash: 0/0/0 time: 27171s job: 2572 dft_time: 0
#57911375: cov: 2955 ft: 11086 corp: 1559 exec/s: 84 oom/timeout/crash: 0/0/0 time: 27183s job: 2573 dft_time: 0
#57938649: cov: 2955 ft: 11086 corp: 1559 exec/s: 90 oom/timeout/crash: 0/0/0 time: 27194s job: 2574 dft_time: 0
#57959915: cov: 2955 ft: 11086 corp: 1559 exec/s: 70 oom/timeout/crash: 0/0/0 time: 27204s job: 2575 dft_time: 0
#57983860: cov: 2955 ft: 11086 corp: 1559 exec/s: 79 oom/timeout/crash: 0/0/0 time: 27216s job: 2576 dft_time: 0
#58006844: cov: 2955 ft: 11086 corp: 1559 exec/s: 76 oom/timeout/crash: 0/0/0 time: 27227s job: 2577 dft_time: 0
#58034061: cov: 2955 ft: 11086 corp: 1559 exec/s: 90 oom/timeout/crash: 0/0/0 time: 27237s job: 2578 dft_time: 0
#58057261: cov: 2955 ft: 11086 corp: 1559 exec/s: 77 oom/timeout/crash: 0/0/0 time: 27249s job: 2579 dft_time: 0
#58077199: cov: 2955 ft: 11086 corp: 1559 exec/s: 66 oom/timeout/crash: 0/0/0 time: 27260s job: 2580 dft_time: 0
#58103110: cov: 2955 ft: 11086 corp: 1559 exec/s: 86 oom/timeout/crash: 0/0/0 time: 27272s job: 2581 dft_time: 0
#58122443: cov: 2955 ft: 11086 corp: 1559 exec/s: 64 oom/timeout/crash: 0/0/0 time: 27283s job: 2582 dft_time: 0
#58150194: cov: 2955 ft: 11086 corp: 1559 exec/s: 92 oom/timeout/crash: 0/0/0 time: 27292s job: 2583 dft_time: 0
#58177947: cov: 2955 ft: 11086 corp: 1559 exec/s: 92 oom/timeout/crash: 0/0/0 time: 27304s job: 2584 dft_time: 0
#58200678: cov: 2955 ft: 11086 corp: 1559 exec/s: 75 oom/timeout/crash: 0/0/0 time: 27315s job: 2585 dft_time: 0
#58227935: cov: 2955 ft: 11086 corp: 1559 exec/s: 90 oom/timeout/crash: 0/0/0 time: 27326s job: 2586 dft_time: 0
#58253776: cov: 2955 ft: 11086 corp: 1559 exec/s: 85 oom/timeout/crash: 0/0/0 time: 27337s job: 2587 dft_time: 0
#58276382: cov: 2955 ft: 11086 corp: 1559 exec/s: 75 oom/timeout/crash: 0/0/0 time: 27348s job: 2588 dft_time: 0
#58299025: cov: 2955 ft: 11086 corp: 1559 exec/s: 75 oom/timeout/crash: 0/0/0 time: 27359s job: 2589 dft_time: 0
#58318427: cov: 2955 ft: 11086 corp: 1559 exec/s: 64 oom/timeout/crash: 0/0/0 time: 27369s job: 2590 dft_time: 0
#58345469: cov: 2955 ft: 11086 corp: 1559 exec/s: 89 oom/timeout/crash: 0/0/0 time: 27381s job: 2591 dft_time: 0
#58367777: cov: 2955 ft: 11086 corp: 1559 exec/s: 74 oom/timeout/crash: 0/0/0 time: 27393s job: 2592 dft_time: 0
#58389072: cov: 2955 ft: 11086 corp: 1559 exec/s: 70 oom/timeout/crash: 0/0/0 time: 27405s job: 2593 dft_time: 0
#58409201: cov: 2955 ft: 11086 corp: 1559 exec/s: 66 oom/timeout/crash: 0/0/0 time: 27417s job: 2594 dft_time: 0
#58428833: cov: 2955 ft: 11086 corp: 1559 exec/s: 65 oom/timeout/crash: 0/0/0 time: 27430s job: 2595 dft_time: 0
#58452028: cov: 2955 ft: 11086 corp: 1559 exec/s: 77 oom/timeout/crash: 0/0/0 time: 27440s job: 2596 dft_time: 0
#58478251: cov: 2955 ft: 11086 corp: 1559 exec/s: 87 oom/timeout/crash: 0/0/0 time: 27452s job: 2597 dft_time: 0
#58500150: cov: 2955 ft: 11086 corp: 1559 exec/s: 72 oom/timeout/crash: 0/0/0 time: 27462s job: 2598 dft_time: 0
#58526165: cov: 2955 ft: 11086 corp: 1559 exec/s: 86 oom/timeout/crash: 0/0/0 time: 27472s job: 2599 dft_time: 0
#58546244: cov: 2955 ft: 11086 corp: 1559 exec/s: 66 oom/timeout/crash: 0/0/0 time: 27484s job: 2600 dft_time: 0
#58573713: cov: 2955 ft: 11086 corp: 1559 exec/s: 91 oom/timeout/crash: 0/0/0 time: 27495s job: 2601 dft_time: 0
#58594037: cov: 2955 ft: 11086 corp: 1559 exec/s: 67 oom/timeout/crash: 0/0/0 time: 27506s job: 2602 dft_time: 0
#58621074: cov: 2955 ft: 11086 corp: 1559 exec/s: 89 oom/timeout/crash: 0/0/0 time: 27517s job: 2603 dft_time: 0
#58640796: cov: 2955 ft: 11086 corp: 1559 exec/s: 65 oom/timeout/crash: 0/0/0 time: 27528s job: 2604 dft_time: 0
#58668385: cov: 2955 ft: 11086 corp: 1559 exec/s: 91 oom/timeout/crash: 0/0/0 time: 27539s job: 2605 dft_time: 0
#58693527: cov: 2955 ft: 11086 corp: 1559 exec/s: 83 oom/timeout/crash: 0/0/0 time: 27550s job: 2606 dft_time: 0
#58719880: cov: 2955 ft: 11086 corp: 1559 exec/s: 87 oom/timeout/crash: 0/0/0 time: 27561s job: 2607 dft_time: 0
#58743931: cov: 2955 ft: 11086 corp: 1559 exec/s: 79 oom/timeout/crash: 0/0/0 time: 27573s job: 2608 dft_time: 0
#58763672: cov: 2955 ft: 11086 corp: 1559 exec/s: 65 oom/timeout/crash: 0/0/0 time: 27584s job: 2609 dft_time: 0
#58785475: cov: 2955 ft: 11086 corp: 1559 exec/s: 72 oom/timeout/crash: 0/0/0 time: 27593s job: 2610 dft_time: 0
#58812663: cov: 2955 ft: 11086 corp: 1559 exec/s: 90 oom/timeout/crash: 0/0/0 time: 27605s job: 2611 dft_time: 0
#58839863: cov: 2955 ft: 11086 corp: 1559 exec/s: 90 oom/timeout/crash: 0/0/0 time: 27617s job: 2612 dft_time: 0
#58867096: cov: 2955 ft: 11086 corp: 1559 exec/s: 90 oom/timeout/crash: 0/0/0 time: 27627s job: 2613 dft_time: 0
#58891745: cov: 2955 ft: 11086 corp: 1559 exec/s: 81 oom/timeout/crash: 0/0/0 time: 27638s job: 2614 dft_time: 0
#58912114: cov: 2955 ft: 11086 corp: 1559 exec/s: 67 oom/timeout/crash: 0/0/0 time: 27649s job: 2615 dft_time: 0
#58939236: cov: 2955 ft: 11086 corp: 1559 exec/s: 90 oom/timeout/crash: 0/0/0 time: 27660s job: 2616 dft_time: 0
#58959769: cov: 2955 ft: 11086 corp: 1559 exec/s: 68 oom/timeout/crash: 0/0/0 time: 27671s job: 2617 dft_time: 0
#58983651: cov: 2955 ft: 11086 corp: 1559 exec/s: 79 oom/timeout/crash: 0/0/0 time: 27682s job: 2618 dft_time: 0
#59011109: cov: 2955 ft: 11086 corp: 1559 exec/s: 91 oom/timeout/crash: 0/0/0 time: 27694s job: 2619 dft_time: 0
#59038832: cov: 2955 ft: 11086 corp: 1559 exec/s: 92 oom/timeout/crash: 0/0/0 time: 27706s job: 2620 dft_time: 0
#59058716: cov: 2955 ft: 11086 corp: 1559 exec/s: 66 oom/timeout/crash: 0/0/0 time: 27719s job: 2621 dft_time: 0
#59079035: cov: 2955 ft: 11086 corp: 1559 exec/s: 67 oom/timeout/crash: 0/0/0 time: 27731s job: 2622 dft_time: 0
#59099421: cov: 2955 ft: 11086 corp: 1559 exec/s: 67 oom/timeout/crash: 0/0/0 time: 27741s job: 2623 dft_time: 0
#59119013: cov: 2955 ft: 11086 corp: 1559 exec/s: 65 oom/timeout/crash: 0/0/0 time: 27753s job: 2624 dft_time: 0
#59142496: cov: 2955 ft: 11086 corp: 1559 exec/s: 78 oom/timeout/crash: 0/0/0 time: 27763s job: 2625 dft_time: 0
#59163019: cov: 2955 ft: 11086 corp: 1559 exec/s: 68 oom/timeout/crash: 0/0/0 time: 27773s job: 2626 dft_time: 0
#59182758: cov: 2955 ft: 11086 corp: 1559 exec/s: 65 oom/timeout/crash: 0/0/0 time: 27785s job: 2627 dft_time: 0
#59204103: cov: 2955 ft: 11086 corp: 1559 exec/s: 70 oom/timeout/crash: 0/0/0 time: 27796s job: 2628 dft_time: 0
#59226508: cov: 2955 ft: 11086 corp: 1559 exec/s: 74 oom/timeout/crash: 0/0/0 time: 27807s job: 2629 dft_time: 0
#59253623: cov: 2955 ft: 11086 corp: 1559 exec/s: 90 oom/timeout/crash: 0/0/0 time: 27818s job: 2630 dft_time: 0
#59274873: cov: 2955 ft: 11086 corp: 1559 exec/s: 70 oom/timeout/crash: 0/0/0 time: 27829s job: 2631 dft_time: 0
#59302210: cov: 2955 ft: 11086 corp: 1559 exec/s: 90 oom/timeout/crash: 0/0/0 time: 27840s job: 2632 dft_time: 0
#59329817: cov: 2955 ft: 11086 corp: 1559 exec/s: 91 oom/timeout/crash: 0/0/0 time: 27851s job: 2633 dft_time: 0
#59353932: cov: 2955 ft: 11086 corp: 1559 exec/s: 80 oom/timeout/crash: 0/0/0 time: 27863s job: 2634 dft_time: 0
#59376752: cov: 2955 ft: 11086 corp: 1559 exec/s: 75 oom/timeout/crash: 0/0/0 time: 27874s job: 2635 dft_time: 0
#59404571: cov: 2955 ft: 11086 corp: 1559 exec/s: 92 oom/timeout/crash: 0/0/0 time: 27885s job: 2636 dft_time: 0
#59430321: cov: 2955 ft: 11086 corp: 1559 exec/s: 85 oom/timeout/crash: 0/0/0 time: 27894s job: 2637 dft_time: 0
#59456681: cov: 2955 ft: 11086 corp: 1559 exec/s: 87 oom/timeout/crash: 0/0/0 time: 27907s job: 2638 dft_time: 0
#59484247: cov: 2955 ft: 11086 corp: 1559 exec/s: 91 oom/timeout/crash: 0/0/0 time: 27918s job: 2639 dft_time: 0
#59507896: cov: 2955 ft: 11086 corp: 1559 exec/s: 78 oom/timeout/crash: 0/0/0 time: 27928s job: 2640 dft_time: 0
#59535175: cov: 2955 ft: 11086 corp: 1559 exec/s: 90 oom/timeout/crash: 0/0/0 time: 27939s job: 2641 dft_time: 0
#59557618: cov: 2955 ft: 11086 corp: 1559 exec/s: 74 oom/timeout/crash: 0/0/0 time: 27950s job: 2642 dft_time: 0
#59579831: cov: 2955 ft: 11086 corp: 1559 exec/s: 73 oom/timeout/crash: 0/0/0 time: 27962s job: 2643 dft_time: 0
#59607303: cov: 2955 ft: 11087 corp: 1560 exec/s: 91 oom/timeout/crash: 0/0/0 time: 27972s job: 2644 dft_time: 0
#59631381: cov: 2955 ft: 11087 corp: 1560 exec/s: 79 oom/timeout/crash: 0/0/0 time: 27983s job: 2645 dft_time: 0
#59658634: cov: 2955 ft: 11087 corp: 1560 exec/s: 90 oom/timeout/crash: 0/0/0 time: 27995s job: 2646 dft_time: 0
#59683208: cov: 2955 ft: 11087 corp: 1560 exec/s: 81 oom/timeout/crash: 0/0/0 time: 28007s job: 2647 dft_time: 0
#59704485: cov: 2955 ft: 11087 corp: 1560 exec/s: 70 oom/timeout/crash: 0/0/0 time: 28020s job: 2648 dft_time: 0
#59724026: cov: 2955 ft: 11087 corp: 1560 exec/s: 64 oom/timeout/crash: 0/0/0 time: 28032s job: 2649 dft_time: 0
#59747473: cov: 2955 ft: 11087 corp: 1560 exec/s: 77 oom/timeout/crash: 0/0/0 time: 28042s job: 2650 dft_time: 0
#59769466: cov: 2955 ft: 11087 corp: 1560 exec/s: 73 oom/timeout/crash: 0/0/0 time: 28054s job: 2651 dft_time: 0
#59795917: cov: 2955 ft: 11087 corp: 1560 exec/s: 87 oom/timeout/crash: 0/0/0 time: 28064s job: 2652 dft_time: 0
#59819836: cov: 2955 ft: 11087 corp: 1560 exec/s: 79 oom/timeout/crash: 0/0/0 time: 28075s job: 2653 dft_time: 0
#59840163: cov: 2955 ft: 11088 corp: 1561 exec/s: 67 oom/timeout/crash: 0/0/0 time: 28086s job: 2654 dft_time: 0
#59863759: cov: 2955 ft: 11088 corp: 1561 exec/s: 78 oom/timeout/crash: 0/0/0 time: 28097s job: 2655 dft_time: 0
#59883420: cov: 2955 ft: 11088 corp: 1561 exec/s: 65 oom/timeout/crash: 0/0/0 time: 28108s job: 2656 dft_time: 0
#59903404: cov: 2955 ft: 11088 corp: 1561 exec/s: 66 oom/timeout/crash: 0/0/0 time: 28119s job: 2657 dft_time: 0
#59926256: cov: 2955 ft: 11088 corp: 1561 exec/s: 75 oom/timeout/crash: 0/0/0 time: 28130s job: 2658 dft_time: 0
#59952110: cov: 2955 ft: 11088 corp: 1561 exec/s: 85 oom/timeout/crash: 0/0/0 time: 28141s job: 2659 dft_time: 0
#59978548: cov: 2955 ft: 11088 corp: 1561 exec/s: 87 oom/timeout/crash: 0/0/0 time: 28152s job: 2660 dft_time: 0
#59998428: cov: 2955 ft: 11088 corp: 1561 exec/s: 66 oom/timeout/crash: 0/0/0 time: 28164s job: 2661 dft_time: 0
#60021440: cov: 2955 ft: 11088 corp: 1561 exec/s: 76 oom/timeout/crash: 0/0/0 time: 28175s job: 2662 dft_time: 0
#60048673: cov: 2955 ft: 11092 corp: 1562 exec/s: 90 oom/timeout/crash: 0/0/0 time: 28186s job: 2663 dft_time: 0
#60068386: cov: 2955 ft: 11092 corp: 1562 exec/s: 65 oom/timeout/crash: 0/0/0 time: 28196s job: 2664 dft_time: 0
#60092616: cov: 2955 ft: 11092 corp: 1562 exec/s: 80 oom/timeout/crash: 0/0/0 time: 28208s job: 2665 dft_time: 0
#60119724: cov: 2955 ft: 11092 corp: 1562 exec/s: 90 oom/timeout/crash: 0/0/0 time: 28219s job: 2666 dft_time: 0
#60146605: cov: 2955 ft: 11092 corp: 1562 exec/s: 89 oom/timeout/crash: 0/0/0 time: 28229s job: 2667 dft_time: 0
#60169261: cov: 2955 ft: 11092 corp: 1562 exec/s: 75 oom/timeout/crash: 0/0/0 time: 28240s job: 2668 dft_time: 0
#60191562: cov: 2955 ft: 11092 corp: 1562 exec/s: 74 oom/timeout/crash: 0/0/0 time: 28251s job: 2669 dft_time: 0
#60219756: cov: 2955 ft: 11092 corp: 1562 exec/s: 93 oom/timeout/crash: 0/0/0 time: 28263s job: 2670 dft_time: 0
#60247105: cov: 2955 ft: 11092 corp: 1562 exec/s: 90 oom/timeout/crash: 0/0/0 time: 28273s job: 2671 dft_time: 0
#60273801: cov: 2955 ft: 11092 corp: 1562 exec/s: 88 oom/timeout/crash: 0/0/0 time: 28285s job: 2672 dft_time: 0
#60294739: cov: 2955 ft: 11092 corp: 1562 exec/s: 69 oom/timeout/crash: 0/0/0 time: 28296s job: 2673 dft_time: 0
#60321541: cov: 2955 ft: 11092 corp: 1562 exec/s: 89 oom/timeout/crash: 0/0/0 time: 28308s job: 2674 dft_time: 0
#60343761: cov: 2955 ft: 11092 corp: 1562 exec/s: 73 oom/timeout/crash: 0/0/0 time: 28321s job: 2675 dft_time: 0
#60363322: cov: 2955 ft: 11092 corp: 1562 exec/s: 64 oom/timeout/crash: 0/0/0 time: 28333s job: 2676 dft_time: 0
#60390822: cov: 2955 ft: 11092 corp: 1562 exec/s: 91 oom/timeout/crash: 0/0/0 time: 28343s job: 2677 dft_time: 0
#60417842: cov: 2955 ft: 11092 corp: 1562 exec/s: 89 oom/timeout/crash: 0/0/0 time: 28355s job: 2678 dft_time: 0
#60438999: cov: 2955 ft: 11092 corp: 1562 exec/s: 70 oom/timeout/crash: 0/0/0 time: 28365s job: 2679 dft_time: 0
#60458603: cov: 2955 ft: 11092 corp: 1562 exec/s: 65 oom/timeout/crash: 0/0/0 time: 28376s job: 2680 dft_time: 0
#60479512: cov: 2955 ft: 11092 corp: 1562 exec/s: 69 oom/timeout/crash: 0/0/0 time: 28388s job: 2681 dft_time: 0
#60505496: cov: 2955 ft: 11092 corp: 1562 exec/s: 86 oom/timeout/crash: 0/0/0 time: 28398s job: 2682 dft_time: 0
#60526230: cov: 2955 ft: 11092 corp: 1562 exec/s: 68 oom/timeout/crash: 0/0/0 time: 28409s job: 2683 dft_time: 0
#60549210: cov: 2955 ft: 11092 corp: 1562 exec/s: 76 oom/timeout/crash: 0/0/0 time: 28420s job: 2684 dft_time: 0
#60568984: cov: 2955 ft: 11092 corp: 1562 exec/s: 65 oom/timeout/crash: 0/0/0 time: 28431s job: 2685 dft_time: 0
#60594557: cov: 2955 ft: 11092 corp: 1562 exec/s: 84 oom/timeout/crash: 0/0/0 time: 28442s job: 2686 dft_time: 0
#60620228: cov: 2955 ft: 11092 corp: 1562 exec/s: 85 oom/timeout/crash: 0/0/0 time: 28453s job: 2687 dft_time: 0
#60644667: cov: 2955 ft: 11092 corp: 1562 exec/s: 81 oom/timeout/crash: 0/0/0 time: 28465s job: 2688 dft_time: 0
#60670093: cov: 2955 ft: 11092 corp: 1562 exec/s: 84 oom/timeout/crash: 0/0/0 time: 28477s job: 2689 dft_time: 0
#60692689: cov: 2955 ft: 11092 corp: 1562 exec/s: 75 oom/timeout/crash: 0/0/0 time: 28488s job: 2690 dft_time: 0
#60715063: cov: 2955 ft: 11092 corp: 1562 exec/s: 74 oom/timeout/crash: 0/0/0 time: 28497s job: 2691 dft_time: 0
#60734879: cov: 2955 ft: 11092 corp: 1562 exec/s: 65 oom/timeout/crash: 0/0/0 time: 28509s job: 2692 dft_time: 0
#60760499: cov: 2955 ft: 11092 corp: 1562 exec/s: 85 oom/timeout/crash: 0/0/0 time: 28520s job: 2693 dft_time: 0
#60787565: cov: 2955 ft: 11092 corp: 1562 exec/s: 89 oom/timeout/crash: 0/0/0 time: 28531s job: 2694 dft_time: 0
#60808418: cov: 2955 ft: 11092 corp: 1562 exec/s: 69 oom/timeout/crash: 0/0/0 time: 28541s job: 2695 dft_time: 0
#60836270: cov: 2955 ft: 11092 corp: 1562 exec/s: 92 oom/timeout/crash: 0/0/0 time: 28552s job: 2696 dft_time: 0
#60862232: cov: 2955 ft: 11092 corp: 1562 exec/s: 86 oom/timeout/crash: 0/0/0 time: 28564s job: 2697 dft_time: 0
#60882965: cov: 2955 ft: 11092 corp: 1562 exec/s: 68 oom/timeout/crash: 0/0/0 time: 28574s job: 2698 dft_time: 0
#60903489: cov: 2955 ft: 11092 corp: 1562 exec/s: 68 oom/timeout/crash: 0/0/0 time: 28586s job: 2699 dft_time: 0
#60929823: cov: 2955 ft: 11092 corp: 1562 exec/s: 87 oom/timeout/crash: 0/0/0 time: 28597s job: 2700 dft_time: 0
#60952566: cov: 2955 ft: 11092 corp: 1562 exec/s: 75 oom/timeout/crash: 0/0/0 time: 28609s job: 2701 dft_time: 0
#60979530: cov: 2955 ft: 11092 corp: 1562 exec/s: 89 oom/timeout/crash: 0/0/0 time: 28622s job: 2702 dft_time: 0
#61006566: cov: 2955 ft: 11092 corp: 1562 exec/s: 89 oom/timeout/crash: 0/0/0 time: 28634s job: 2703 dft_time: 0
#61033527: cov: 2955 ft: 11092 corp: 1562 exec/s: 89 oom/timeout/crash: 0/0/0 time: 28644s job: 2704 dft_time: 0
#61055676: cov: 2955 ft: 11092 corp: 1562 exec/s: 73 oom/timeout/crash: 0/0/0 time: 28656s job: 2705 dft_time: 0
#61083494: cov: 2955 ft: 11092 corp: 1562 exec/s: 92 oom/timeout/crash: 0/0/0 time: 28666s job: 2706 dft_time: 0
#61110611: cov: 2955 ft: 11092 corp: 1562 exec/s: 90 oom/timeout/crash: 0/0/0 time: 28677s job: 2707 dft_time: 0
#61130029: cov: 2955 ft: 11092 corp: 1562 exec/s: 64 oom/timeout/crash: 0/0/0 time: 28689s job: 2708 dft_time: 0
#61156881: cov: 2955 ft: 11094 corp: 1563 exec/s: 89 oom/timeout/crash: 0/0/0 time: 28700s job: 2709 dft_time: 0
#61177458: cov: 2955 ft: 11094 corp: 1563 exec/s: 68 oom/timeout/crash: 0/0/0 time: 28710s job: 2710 dft_time: 0
#61200359: cov: 2955 ft: 11094 corp: 1563 exec/s: 76 oom/timeout/crash: 0/0/0 time: 28722s job: 2711 dft_time: 0
#61219755: cov: 2955 ft: 11094 corp: 1563 exec/s: 64 oom/timeout/crash: 0/0/0 time: 28732s job: 2712 dft_time: 0
#61243954: cov: 2955 ft: 11094 corp: 1563 exec/s: 80 oom/timeout/crash: 0/0/0 time: 28743s job: 2713 dft_time: 0
#61264061: cov: 2955 ft: 11094 corp: 1563 exec/s: 66 oom/timeout/crash: 0/0/0 time: 28754s job: 2714 dft_time: 0
#61286590: cov: 2955 ft: 11094 corp: 1563 exec/s: 74 oom/timeout/crash: 0/0/0 time: 28766s job: 2715 dft_time: 0
#61314600: cov: 2955 ft: 11094 corp: 1563 exec/s: 93 oom/timeout/crash: 0/0/0 time: 28778s job: 2716 dft_time: 0
#61340045: cov: 2955 ft: 11094 corp: 1563 exec/s: 84 oom/timeout/crash: 0/0/0 time: 28789s job: 2717 dft_time: 0
#61360373: cov: 2955 ft: 11094 corp: 1563 exec/s: 67 oom/timeout/crash: 0/0/0 time: 28798s job: 2718 dft_time: 0
#61381865: cov: 2955 ft: 11094 corp: 1563 exec/s: 71 oom/timeout/crash: 0/0/0 time: 28810s job: 2719 dft_time: 0
#61401229: cov: 2955 ft: 11094 corp: 1563 exec/s: 64 oom/timeout/crash: 0/0/0 time: 28821s job: 2720 dft_time: 0
#61424035: cov: 2955 ft: 11094 corp: 1563 exec/s: 75 oom/timeout/crash: 0/0/0 time: 28832s job: 2721 dft_time: 0
#61447299: cov: 2955 ft: 11094 corp: 1563 exec/s: 77 oom/timeout/crash: 0/0/0 time: 28842s job: 2722 dft_time: 0
#61474403: cov: 2955 ft: 11094 corp: 1563 exec/s: 90 oom/timeout/crash: 0/0/0 time: 28854s job: 2723 dft_time: 0
#61499235: cov: 2955 ft: 11094 corp: 1563 exec/s: 82 oom/timeout/crash: 0/0/0 time: 28865s job: 2724 dft_time: 0
#61526542: cov: 2955 ft: 11094 corp: 1563 exec/s: 90 oom/timeout/crash: 0/0/0 time: 28875s job: 2725 dft_time: 0
#61553551: cov: 2955 ft: 11094 corp: 1563 exec/s: 89 oom/timeout/crash: 0/0/0 time: 28887s job: 2726 dft_time: 0
#61580721: cov: 2955 ft: 11094 corp: 1563 exec/s: 90 oom/timeout/crash: 0/0/0 time: 28898s job: 2727 dft_time: 0
#61603606: cov: 2955 ft: 11094 corp: 1563 exec/s: 76 oom/timeout/crash: 0/0/0 time: 28911s job: 2728 dft_time: 0
#61627769: cov: 2955 ft: 11094 corp: 1563 exec/s: 80 oom/timeout/crash: 0/0/0 time: 28923s job: 2729 dft_time: 0
#61648206: cov: 2955 ft: 11094 corp: 1563 exec/s: 67 oom/timeout/crash: 0/0/0 time: 28935s job: 2730 dft_time: 0
#61670784: cov: 2955 ft: 11094 corp: 1563 exec/s: 75 oom/timeout/crash: 0/0/0 time: 28945s job: 2731 dft_time: 0
#61697819: cov: 2955 ft: 11094 corp: 1563 exec/s: 89 oom/timeout/crash: 0/0/0 time: 28957s job: 2732 dft_time: 0
#61718908: cov: 2955 ft: 11094 corp: 1563 exec/s: 70 oom/timeout/crash: 0/0/0 time: 28968s job: 2733 dft_time: 0
#61746511: cov: 2955 ft: 11094 corp: 1563 exec/s: 91 oom/timeout/crash: 0/0/0 time: 28978s job: 2734 dft_time: 0
#61766507: cov: 2955 ft: 11094 corp: 1563 exec/s: 66 oom/timeout/crash: 0/0/0 time: 28990s job: 2735 dft_time: 0
#61793508: cov: 2955 ft: 11094 corp: 1563 exec/s: 89 oom/timeout/crash: 0/0/0 time: 29001s job: 2736 dft_time: 0
#61813663: cov: 2955 ft: 11094 corp: 1563 exec/s: 66 oom/timeout/crash: 0/0/0 time: 29011s job: 2737 dft_time: 0
#61837819: cov: 2955 ft: 11094 corp: 1563 exec/s: 80 oom/timeout/crash: 0/0/0 time: 29023s job: 2738 dft_time: 0
#61862500: cov: 2955 ft: 11094 corp: 1563 exec/s: 81 oom/timeout/crash: 0/0/0 time: 29033s job: 2739 dft_time: 0
#61884841: cov: 2955 ft: 11094 corp: 1563 exec/s: 74 oom/timeout/crash: 0/0/0 time: 29044s job: 2740 dft_time: 0
#61905171: cov: 2955 ft: 11094 corp: 1563 exec/s: 67 oom/timeout/crash: 0/0/0 time: 29056s job: 2741 dft_time: 0
#61932928: cov: 2955 ft: 11094 corp: 1563 exec/s: 92 oom/timeout/crash: 0/0/0 time: 29067s job: 2742 dft_time: 0
#61960468: cov: 2955 ft: 11094 corp: 1563 exec/s: 91 oom/timeout/crash: 0/0/0 time: 29079s job: 2743 dft_time: 0
#61982091: cov: 2955 ft: 11094 corp: 1563 exec/s: 71 oom/timeout/crash: 0/0/0 time: 29090s job: 2744 dft_time: 0
#62002094: cov: 2955 ft: 11094 corp: 1563 exec/s: 66 oom/timeout/crash: 0/0/0 time: 29099s job: 2745 dft_time: 0
#62024282: cov: 2955 ft: 11094 corp: 1563 exec/s: 73 oom/timeout/crash: 0/0/0 time: 29111s job: 2746 dft_time: 0
#62051402: cov: 2955 ft: 11094 corp: 1563 exec/s: 90 oom/timeout/crash: 0/0/0 time: 29122s job: 2747 dft_time: 0
#62078878: cov: 2955 ft: 11094 corp: 1563 exec/s: 91 oom/timeout/crash: 0/0/0 time: 29133s job: 2748 dft_time: 0
#62102062: cov: 2955 ft: 11094 corp: 1563 exec/s: 77 oom/timeout/crash: 0/0/0 time: 29143s job: 2749 dft_time: 0
#62125810: cov: 2955 ft: 11094 corp: 1563 exec/s: 78 oom/timeout/crash: 0/0/0 time: 29155s job: 2750 dft_time: 0
#62151418: cov: 2955 ft: 11094 corp: 1563 exec/s: 85 oom/timeout/crash: 0/0/0 time: 29166s job: 2751 dft_time: 0
#62175921: cov: 2955 ft: 11094 corp: 1563 exec/s: 81 oom/timeout/crash: 0/0/0 time: 29176s job: 2752 dft_time: 0
#62197222: cov: 2955 ft: 11094 corp: 1563 exec/s: 70 oom/timeout/crash: 0/0/0 time: 29188s job: 2753 dft_time: 0
#62221527: cov: 2955 ft: 11094 corp: 1563 exec/s: 80 oom/timeout/crash: 0/0/0 time: 29199s job: 2754 dft_time: 0
#62243036: cov: 2955 ft: 11094 corp: 1563 exec/s: 71 oom/timeout/crash: 0/0/0 time: 29212s job: 2755 dft_time: 0
#62268621: cov: 2955 ft: 11094 corp: 1563 exec/s: 85 oom/timeout/crash: 0/0/0 time: 29224s job: 2756 dft_time: 0
#62288622: cov: 2955 ft: 11094 corp: 1563 exec/s: 66 oom/timeout/crash: 0/0/0 time: 29236s job: 2757 dft_time: 0
#62309181: cov: 2955 ft: 11094 corp: 1563 exec/s: 68 oom/timeout/crash: 0/0/0 time: 29247s job: 2758 dft_time: 0
#62337729: cov: 2955 ft: 11094 corp: 1563 exec/s: 94 oom/timeout/crash: 0/0/0 time: 29258s job: 2759 dft_time: 0
#62362113: cov: 2955 ft: 11094 corp: 1563 exec/s: 81 oom/timeout/crash: 0/0/0 time: 29269s job: 2760 dft_time: 0
#62387958: cov: 2955 ft: 11094 corp: 1563 exec/s: 85 oom/timeout/crash: 0/0/0 time: 29279s job: 2761 dft_time: 0
#62408290: cov: 2955 ft: 11094 corp: 1563 exec/s: 67 oom/timeout/crash: 0/0/0 time: 29291s job: 2762 dft_time: 0
#62435424: cov: 2955 ft: 11094 corp: 1563 exec/s: 90 oom/timeout/crash: 0/0/0 time: 29302s job: 2763 dft_time: 0
#62462932: cov: 2955 ft: 11095 corp: 1564 exec/s: 91 oom/timeout/crash: 0/0/0 time: 29312s job: 2764 dft_time: 0
#62486305: cov: 2955 ft: 11095 corp: 1564 exec/s: 77 oom/timeout/crash: 0/0/0 time: 29324s job: 2765 dft_time: 0
#62508029: cov: 2955 ft: 11095 corp: 1564 exec/s: 72 oom/timeout/crash: 0/0/0 time: 29335s job: 2766 dft_time: 0
#62527460: cov: 2955 ft: 11095 corp: 1564 exec/s: 64 oom/timeout/crash: 0/0/0 time: 29345s job: 2767 dft_time: 0
#62552780: cov: 2955 ft: 11095 corp: 1564 exec/s: 84 oom/timeout/crash: 0/0/0 time: 29357s job: 2768 dft_time: 0
#62580751: cov: 2955 ft: 11095 corp: 1564 exec/s: 92 oom/timeout/crash: 0/0/0 time: 29368s job: 2769 dft_time: 0
#62601730: cov: 2955 ft: 11095 corp: 1564 exec/s: 69 oom/timeout/crash: 0/0/0 time: 29380s job: 2770 dft_time: 0
#62628691: cov: 2955 ft: 11095 corp: 1564 exec/s: 89 oom/timeout/crash: 0/0/0 time: 29391s job: 2771 dft_time: 0
#62649230: cov: 2955 ft: 11095 corp: 1564 exec/s: 68 oom/timeout/crash: 0/0/0 time: 29400s job: 2772 dft_time: 0
#62670455: cov: 2955 ft: 11095 corp: 1564 exec/s: 70 oom/timeout/crash: 0/0/0 time: 29412s job: 2773 dft_time: 0
#62697448: cov: 2955 ft: 11095 corp: 1564 exec/s: 89 oom/timeout/crash: 0/0/0 time: 29423s job: 2774 dft_time: 0
#62720249: cov: 2955 ft: 11095 corp: 1564 exec/s: 75 oom/timeout/crash: 0/0/0 time: 29434s job: 2775 dft_time: 0
#62742384: cov: 2955 ft: 11095 corp: 1564 exec/s: 73 oom/timeout/crash: 0/0/0 time: 29445s job: 2776 dft_time: 0
#62761990: cov: 2955 ft: 11095 corp: 1564 exec/s: 65 oom/timeout/crash: 0/0/0 time: 29456s job: 2777 dft_time: 0
#62788974: cov: 2955 ft: 11095 corp: 1564 exec/s: 89 oom/timeout/crash: 0/0/0 time: 29467s job: 2778 dft_time: 0
#62814797: cov: 2955 ft: 11095 corp: 1564 exec/s: 85 oom/timeout/crash: 0/0/0 time: 29477s job: 2779 dft_time: 0
#62842149: cov: 2955 ft: 11095 corp: 1564 exec/s: 90 oom/timeout/crash: 0/0/0 time: 29489s job: 2780 dft_time: 0
#62869216: cov: 2955 ft: 11095 corp: 1564 exec/s: 89 oom/timeout/crash: 0/0/0 time: 29501s job: 2781 dft_time: 0
#62890594: cov: 2955 ft: 11095 corp: 1564 exec/s: 71 oom/timeout/crash: 0/0/0 time: 29513s job: 2782 dft_time: 0
#62911304: cov: 2955 ft: 11096 corp: 1565 exec/s: 68 oom/timeout/crash: 0/0/0 time: 29526s job: 2783 dft_time: 0
#62935906: cov: 2955 ft: 11096 corp: 1565 exec/s: 81 oom/timeout/crash: 0/0/0 time: 29538s job: 2784 dft_time: 0
#62958629: cov: 2955 ft: 11096 corp: 1565 exec/s: 75 oom/timeout/crash: 0/0/0 time: 29548s job: 2785 dft_time: 0
#62981851: cov: 2955 ft: 11096 corp: 1565 exec/s: 77 oom/timeout/crash: 0/0/0 time: 29560s job: 2786 dft_time: 0
#63009320: cov: 2955 ft: 11096 corp: 1565 exec/s: 91 oom/timeout/crash: 0/0/0 time: 29570s job: 2787 dft_time: 0
#63029941: cov: 2955 ft: 11096 corp: 1565 exec/s: 68 oom/timeout/crash: 0/0/0 time: 29580s job: 2788 dft_time: 0
#63052129: cov: 2955 ft: 11096 corp: 1565 exec/s: 73 oom/timeout/crash: 0/0/0 time: 29592s job: 2789 dft_time: 0
#63080065: cov: 2955 ft: 11096 corp: 1565 exec/s: 92 oom/timeout/crash: 0/0/0 time: 29603s job: 2790 dft_time: 0
#63101316: cov: 2955 ft: 11096 corp: 1565 exec/s: 70 oom/timeout/crash: 0/0/0 time: 29613s job: 2791 dft_time: 0
#63128604: cov: 2955 ft: 11096 corp: 1565 exec/s: 90 oom/timeout/crash: 0/0/0 time: 29625s job: 2792 dft_time: 0
#63148270: cov: 2955 ft: 11096 corp: 1565 exec/s: 65 oom/timeout/crash: 0/0/0 time: 29636s job: 2793 dft_time: 0
#63167922: cov: 2955 ft: 11096 corp: 1565 exec/s: 65 oom/timeout/crash: 0/0/0 time: 29647s job: 2794 dft_time: 0
#63192432: cov: 2955 ft: 11096 corp: 1565 exec/s: 81 oom/timeout/crash: 0/0/0 time: 29658s job: 2795 dft_time: 0
#63213549: cov: 2955 ft: 11096 corp: 1565 exec/s: 70 oom/timeout/crash: 0/0/0 time: 29669s job: 2796 dft_time: 0
#63238371: cov: 2955 ft: 11096 corp: 1565 exec/s: 82 oom/timeout/crash: 0/0/0 time: 29681s job: 2797 dft_time: 0
#63263585: cov: 2955 ft: 11096 corp: 1565 exec/s: 83 oom/timeout/crash: 0/0/0 time: 29692s job: 2798 dft_time: 0
#63287546: cov: 2955 ft: 11096 corp: 1565 exec/s: 79 oom/timeout/crash: 0/0/0 time: 29701s job: 2799 dft_time: 0
#63306996: cov: 2955 ft: 11096 corp: 1565 exec/s: 64 oom/timeout/crash: 0/0/0 time: 29714s job: 2800 dft_time: 0
#63331099: cov: 2955 ft: 11096 corp: 1565 exec/s: 80 oom/timeout/crash: 0/0/0 time: 29724s job: 2801 dft_time: 0
#63352462: cov: 2955 ft: 11096 corp: 1565 exec/s: 70 oom/timeout/crash: 0/0/0 time: 29735s job: 2802 dft_time: 0
#63378118: cov: 2955 ft: 11096 corp: 1565 exec/s: 85 oom/timeout/crash: 0/0/0 time: 29746s job: 2803 dft_time: 0
#63401622: cov: 2955 ft: 11096 corp: 1565 exec/s: 78 oom/timeout/crash: 0/0/0 time: 29757s job: 2804 dft_time: 0
#63429012: cov: 2955 ft: 11096 corp: 1565 exec/s: 90 oom/timeout/crash: 0/0/0 time: 29769s job: 2805 dft_time: 0
#63452918: cov: 2955 ft: 11096 corp: 1565 exec/s: 79 oom/timeout/crash: 0/0/0 time: 29779s job: 2806 dft_time: 0
#63474765: cov: 2955 ft: 11104 corp: 1566 exec/s: 72 oom/timeout/crash: 0/0/0 time: 29790s job: 2807 dft_time: 0
#63501942: cov: 2955 ft: 11104 corp: 1566 exec/s: 90 oom/timeout/crash: 0/0/0 time: 29802s job: 2808 dft_time: 0
#63521971: cov: 2955 ft: 11104 corp: 1566 exec/s: 66 oom/timeout/crash: 0/0/0 time: 29814s job: 2809 dft_time: 0
#63548953: cov: 2955 ft: 11104 corp: 1566 exec/s: 89 oom/timeout/crash: 0/0/0 time: 29827s job: 2810 dft_time: 0
#63576017: cov: 2955 ft: 11104 corp: 1566 exec/s: 89 oom/timeout/crash: 0/0/0 time: 29839s job: 2811 dft_time: 0
#63599873: cov: 2955 ft: 11104 corp: 1566 exec/s: 79 oom/timeout/crash: 0/0/0 time: 29849s job: 2812 dft_time: 0
#63625961: cov: 2955 ft: 11104 corp: 1566 exec/s: 86 oom/timeout/crash: 0/0/0 time: 29861s job: 2813 dft_time: 0
#63653352: cov: 2955 ft: 11104 corp: 1566 exec/s: 91 oom/timeout/crash: 0/0/0 time: 29871s job: 2814 dft_time: 0
#63677967: cov: 2955 ft: 11104 corp: 1566 exec/s: 81 oom/timeout/crash: 0/0/0 time: 29881s job: 2815 dft_time: 0
#63697667: cov: 2955 ft: 11104 corp: 1566 exec/s: 65 oom/timeout/crash: 0/0/0 time: 29893s job: 2816 dft_time: 0
#63717965: cov: 2955 ft: 11104 corp: 1566 exec/s: 67 oom/timeout/crash: 0/0/0 time: 29904s job: 2817 dft_time: 0
#63738907: cov: 2955 ft: 11104 corp: 1566 exec/s: 69 oom/timeout/crash: 0/0/0 time: 29915s job: 2818 dft_time: 0
#63763105: cov: 2955 ft: 11104 corp: 1566 exec/s: 80 oom/timeout/crash: 0/0/0 time: 29926s job: 2819 dft_time: 0
#63788666: cov: 2955 ft: 11104 corp: 1566 exec/s: 84 oom/timeout/crash: 0/0/0 time: 29937s job: 2820 dft_time: 0
#63817313: cov: 2955 ft: 11104 corp: 1566 exec/s: 95 oom/timeout/crash: 0/0/0 time: 29948s job: 2821 dft_time: 0
#63842394: cov: 2955 ft: 11104 corp: 1566 exec/s: 83 oom/timeout/crash: 0/0/0 time: 29959s job: 2822 dft_time: 0
#63862005: cov: 2955 ft: 11104 corp: 1566 exec/s: 65 oom/timeout/crash: 0/0/0 time: 29971s job: 2823 dft_time: 0
#63889230: cov: 2955 ft: 11104 corp: 1566 exec/s: 90 oom/timeout/crash: 0/0/0 time: 29982s job: 2824 dft_time: 0
#63916731: cov: 2955 ft: 11104 corp: 1566 exec/s: 91 oom/timeout/crash: 0/0/0 time: 29993s job: 2825 dft_time: 0
#63937524: cov: 2955 ft: 11104 corp: 1566 exec/s: 69 oom/timeout/crash: 0/0/0 time: 30002s job: 2826 dft_time: 0
#63957456: cov: 2955 ft: 11104 corp: 1566 exec/s: 66 oom/timeout/crash: 0/0/0 time: 30015s job: 2827 dft_time: 0
#63984866: cov: 2955 ft: 11104 corp: 1566 exec/s: 91 oom/timeout/crash: 0/0/0 time: 30026s job: 2828 dft_time: 0
#64007030: cov: 2955 ft: 11104 corp: 1566 exec/s: 73 oom/timeout/crash: 0/0/0 time: 30036s job: 2829 dft_time: 0
#64034335: cov: 2955 ft: 11104 corp: 1566 exec/s: 90 oom/timeout/crash: 0/0/0 time: 30047s job: 2830 dft_time: 0
#64061287: cov: 2955 ft: 11104 corp: 1566 exec/s: 89 oom/timeout/crash: 0/0/0 time: 30058s job: 2831 dft_time: 0
#64088289: cov: 2955 ft: 11104 corp: 1566 exec/s: 89 oom/timeout/crash: 0/0/0 time: 30070s job: 2832 dft_time: 0
#64110194: cov: 2955 ft: 11104 corp: 1566 exec/s: 72 oom/timeout/crash: 0/0/0 time: 30080s job: 2833 dft_time: 0
#64130222: cov: 2955 ft: 11104 corp: 1566 exec/s: 66 oom/timeout/crash: 0/0/0 time: 30091s job: 2834 dft_time: 0
#64152540: cov: 2955 ft: 11104 corp: 1566 exec/s: 74 oom/timeout/crash: 0/0/0 time: 30103s job: 2835 dft_time: 0
#64175176: cov: 2955 ft: 11104 corp: 1566 exec/s: 75 oom/timeout/crash: 0/0/0 time: 30115s job: 2836 dft_time: 0
#64194747: cov: 2955 ft: 11104 corp: 1566 exec/s: 65 oom/timeout/crash: 0/0/0 time: 30128s job: 2837 dft_time: 0
#64220509: cov: 2955 ft: 11104 corp: 1566 exec/s: 85 oom/timeout/crash: 0/0/0 time: 30140s job: 2838 dft_time: 0
#64240177: cov: 2955 ft: 11104 corp: 1566 exec/s: 65 oom/timeout/crash: 0/0/0 time: 30150s job: 2839 dft_time: 0
#64266837: cov: 2955 ft: 11104 corp: 1566 exec/s: 88 oom/timeout/crash: 0/0/0 time: 30162s job: 2840 dft_time: 0
#64291258: cov: 2955 ft: 11104 corp: 1566 exec/s: 81 oom/timeout/crash: 0/0/0 time: 30172s job: 2841 dft_time: 0
#64318827: cov: 2955 ft: 11104 corp: 1566 exec/s: 91 oom/timeout/crash: 0/0/0 time: 30182s job: 2842 dft_time: 0
#64345956: cov: 2955 ft: 11104 corp: 1566 exec/s: 90 oom/timeout/crash: 0/0/0 time: 30194s job: 2843 dft_time: 0
#64372834: cov: 2955 ft: 11104 corp: 1566 exec/s: 89 oom/timeout/crash: 0/0/0 time: 30205s job: 2844 dft_time: 0
#64392303: cov: 2955 ft: 11104 corp: 1566 exec/s: 64 oom/timeout/crash: 0/0/0 time: 30216s job: 2845 dft_time: 0
#64414710: cov: 2955 ft: 11104 corp: 1566 exec/s: 74 oom/timeout/crash: 0/0/0 time: 30227s job: 2846 dft_time: 0
#64434173: cov: 2955 ft: 11104 corp: 1566 exec/s: 64 oom/timeout/crash: 0/0/0 time: 30238s job: 2847 dft_time: 0
#64456926: cov: 2955 ft: 11104 corp: 1566 exec/s: 75 oom/timeout/crash: 0/0/0 time: 30249s job: 2848 dft_time: 0
#64479361: cov: 2955 ft: 11104 corp: 1566 exec/s: 74 oom/timeout/crash: 0/0/0 time: 30260s job: 2849 dft_time: 0
#64506532: cov: 2955 ft: 11104 corp: 1566 exec/s: 90 oom/timeout/crash: 0/0/0 time: 30272s job: 2850 dft_time: 0
#64532453: cov: 2955 ft: 11104 corp: 1566 exec/s: 86 oom/timeout/crash: 0/0/0 time: 30283s job: 2851 dft_time: 0
#64552095: cov: 2955 ft: 11104 corp: 1566 exec/s: 65 oom/timeout/crash: 0/0/0 time: 30294s job: 2852 dft_time: 0
#64575720: cov: 2955 ft: 11104 corp: 1566 exec/s: 78 oom/timeout/crash: 0/0/0 time: 30303s job: 2853 dft_time: 0
#64595195: cov: 2955 ft: 11104 corp: 1566 exec/s: 64 oom/timeout/crash: 0/0/0 time: 30316s job: 2854 dft_time: 0
#64622941: cov: 2955 ft: 11104 corp: 1566 exec/s: 92 oom/timeout/crash: 0/0/0 time: 30327s job: 2855 dft_time: 0
#64646867: cov: 2955 ft: 11104 corp: 1566 exec/s: 79 oom/timeout/crash: 0/0/0 time: 30337s job: 2856 dft_time: 0
#64671643: cov: 2955 ft: 11104 corp: 1566 exec/s: 82 oom/timeout/crash: 0/0/0 time: 30348s job: 2857 dft_time: 0
#64696449: cov: 2955 ft: 11108 corp: 1567 exec/s: 82 oom/timeout/crash: 0/0/0 time: 30359s job: 2858 dft_time: 0
#64723302: cov: 2955 ft: 11108 corp: 1567 exec/s: 89 oom/timeout/crash: 0/0/0 time: 30371s job: 2859 dft_time: 0
#64744791: cov: 2955 ft: 11108 corp: 1567 exec/s: 71 oom/timeout/crash: 0/0/0 time: 30381s job: 2860 dft_time: 0
#64771914: cov: 2955 ft: 11108 corp: 1567 exec/s: 90 oom/timeout/crash: 0/0/0 time: 30392s job: 2861 dft_time: 0
#64798931: cov: 2955 ft: 11108 corp: 1567 exec/s: 89 oom/timeout/crash: 0/0/0 time: 30404s job: 2862 dft_time: 0
#64820659: cov: 2955 ft: 11108 corp: 1567 exec/s: 72 oom/timeout/crash: 0/0/0 time: 30416s job: 2863 dft_time: 0
#64840293: cov: 2955 ft: 11108 corp: 1567 exec/s: 65 oom/timeout/crash: 0/0/0 time: 30429s job: 2864 dft_time: 0
#64864000: cov: 2955 ft: 11108 corp: 1567 exec/s: 78 oom/timeout/crash: 0/0/0 time: 30441s job: 2865 dft_time: 0
#64891197: cov: 2955 ft: 11108 corp: 1567 exec/s: 90 oom/timeout/crash: 0/0/0 time: 30451s job: 2866 dft_time: 0
#64910750: cov: 2955 ft: 11108 corp: 1567 exec/s: 64 oom/timeout/crash: 0/0/0 time: 30463s job: 2867 dft_time: 0
#64935858: cov: 2955 ft: 11108 corp: 1567 exec/s: 83 oom/timeout/crash: 0/0/0 time: 30473s job: 2868 dft_time: 0
#64959882: cov: 2955 ft: 11108 corp: 1567 exec/s: 79 oom/timeout/crash: 0/0/0 time: 30484s job: 2869 dft_time: 0
#64987185: cov: 2955 ft: 11109 corp: 1568 exec/s: 90 oom/timeout/crash: 0/0/0 time: 30496s job: 2870 dft_time: 0
#65012783: cov: 2955 ft: 11109 corp: 1568 exec/s: 85 oom/timeout/crash: 0/0/0 time: 30507s job: 2871 dft_time: 0
#65040520: cov: 2955 ft: 11109 corp: 1568 exec/s: 92 oom/timeout/crash: 0/0/0 time: 30517s job: 2872 dft_time: 0
#65060821: cov: 2955 ft: 11109 corp: 1568 exec/s: 67 oom/timeout/crash: 0/0/0 time: 30528s job: 2873 dft_time: 0
#65087304: cov: 2955 ft: 11109 corp: 1568 exec/s: 87 oom/timeout/crash: 0/0/0 time: 30539s job: 2874 dft_time: 0
#65106608: cov: 2955 ft: 11109 corp: 1568 exec/s: 64 oom/timeout/crash: 0/0/0 time: 30550s job: 2875 dft_time: 0
#65130981: cov: 2955 ft: 11109 corp: 1568 exec/s: 80 oom/timeout/crash: 0/0/0 time: 30561s job: 2876 dft_time: 0
#65155188: cov: 2955 ft: 11109 corp: 1568 exec/s: 80 oom/timeout/crash: 0/0/0 time: 30573s job: 2877 dft_time: 0
#65175225: cov: 2955 ft: 11116 corp: 1569 exec/s: 66 oom/timeout/crash: 0/0/0 time: 30584s job: 2878 dft_time: 0
#65202508: cov: 2955 ft: 11116 corp: 1569 exec/s: 90 oom/timeout/crash: 0/0/0 time: 30595s job: 2879 dft_time: 0
#65225822: cov: 2955 ft: 11116 corp: 1569 exec/s: 77 oom/timeout/crash: 0/0/0 time: 30605s job: 2880 dft_time: 0
#65245480: cov: 2955 ft: 11116 corp: 1569 exec/s: 65 oom/timeout/crash: 0/0/0 time: 30617s job: 2881 dft_time: 0
#65267990: cov: 2955 ft: 11116 corp: 1569 exec/s: 74 oom/timeout/crash: 0/0/0 time: 30628s job: 2882 dft_time: 0
#65290678: cov: 2955 ft: 11116 corp: 1569 exec/s: 75 oom/timeout/crash: 0/0/0 time: 30639s job: 2883 dft_time: 0
#65317800: cov: 2955 ft: 11116 corp: 1569 exec/s: 90 oom/timeout/crash: 0/0/0 time: 30649s job: 2884 dft_time: 0
#65338186: cov: 2955 ft: 11116 corp: 1569 exec/s: 67 oom/timeout/crash: 0/0/0 time: 30661s job: 2885 dft_time: 0
#65365219: cov: 2955 ft: 11116 corp: 1569 exec/s: 89 oom/timeout/crash: 0/0/0 time: 30672s job: 2886 dft_time: 0
#65389840: cov: 2955 ft: 11116 corp: 1569 exec/s: 81 oom/timeout/crash: 0/0/0 time: 30682s job: 2887 dft_time: 0
#65417512: cov: 2955 ft: 11116 corp: 1569 exec/s: 91 oom/timeout/crash: 0/0/0 time: 30694s job: 2888 dft_time: 0
#65445326: cov: 2955 ft: 11116 corp: 1569 exec/s: 92 oom/timeout/crash: 0/0/0 time: 30705s job: 2889 dft_time: 0
#65469485: cov: 2955 ft: 11116 corp: 1569 exec/s: 80 oom/timeout/crash: 0/0/0 time: 30718s job: 2890 dft_time: 0
#65491034: cov: 2955 ft: 11116 corp: 1569 exec/s: 71 oom/timeout/crash: 0/0/0 time: 30730s job: 2891 dft_time: 0
#65510438: cov: 2955 ft: 11116 corp: 1569 exec/s: 64 oom/timeout/crash: 0/0/0 time: 30742s job: 2892 dft_time: 0
#65537733: cov: 2955 ft: 11116 corp: 1569 exec/s: 90 oom/timeout/crash: 0/0/0 time: 30752s job: 2893 dft_time: 0
#65557030: cov: 2955 ft: 11116 corp: 1569 exec/s: 64 oom/timeout/crash: 0/0/0 time: 30764s job: 2894 dft_time: 0
#65576932: cov: 2955 ft: 11116 corp: 1569 exec/s: 66 oom/timeout/crash: 0/0/0 time: 30775s job: 2895 dft_time: 0
#65596876: cov: 2955 ft: 11116 corp: 1569 exec/s: 66 oom/timeout/crash: 0/0/0 time: 30785s job: 2896 dft_time: 0
#65623818: cov: 2955 ft: 11116 corp: 1569 exec/s: 89 oom/timeout/crash: 0/0/0 time: 30797s job: 2897 dft_time: 0
#65650515: cov: 2955 ft: 11116 corp: 1569 exec/s: 88 oom/timeout/crash: 0/0/0 time: 30808s job: 2898 dft_time: 0
#65677756: cov: 2955 ft: 11116 corp: 1569 exec/s: 90 oom/timeout/crash: 0/0/0 time: 30818s job: 2899 dft_time: 0
#65702737: cov: 2955 ft: 11116 corp: 1569 exec/s: 82 oom/timeout/crash: 0/0/0 time: 30830s job: 2900 dft_time: 0
#65727904: cov: 2955 ft: 11116 corp: 1569 exec/s: 83 oom/timeout/crash: 0/0/0 time: 30840s job: 2901 dft_time: 0
#65748605: cov: 2955 ft: 11116 corp: 1569 exec/s: 68 oom/timeout/crash: 0/0/0 time: 30851s job: 2902 dft_time: 0
#65775344: cov: 2955 ft: 11116 corp: 1569 exec/s: 88 oom/timeout/crash: 0/0/0 time: 30863s job: 2903 dft_time: 0
#65796737: cov: 2955 ft: 11117 corp: 1570 exec/s: 71 oom/timeout/crash: 0/0/0 time: 30874s job: 2904 dft_time: 0
#65817374: cov: 2955 ft: 11117 corp: 1570 exec/s: 68 oom/timeout/crash: 0/0/0 time: 30886s job: 2905 dft_time: 0
#65844981: cov: 2955 ft: 11117 corp: 1570 exec/s: 91 oom/timeout/crash: 0/0/0 time: 30896s job: 2906 dft_time: 0
#65871672: cov: 2955 ft: 11117 corp: 1570 exec/s: 88 oom/timeout/crash: 0/0/0 time: 30906s job: 2907 dft_time: 0
#65896421: cov: 2955 ft: 11117 corp: 1570 exec/s: 82 oom/timeout/crash: 0/0/0 time: 30918s job: 2908 dft_time: 0
#65920086: cov: 2955 ft: 11117 corp: 1570 exec/s: 78 oom/timeout/crash: 0/0/0 time: 30929s job: 2909 dft_time: 0
#65940493: cov: 2955 ft: 11117 corp: 1570 exec/s: 67 oom/timeout/crash: 0/0/0 time: 30940s job: 2910 dft_time: 0
#65965714: cov: 2955 ft: 11117 corp: 1570 exec/s: 83 oom/timeout/crash: 0/0/0 time: 30950s job: 2911 dft_time: 0
#65985662: cov: 2955 ft: 11117 corp: 1570 exec/s: 66 oom/timeout/crash: 0/0/0 time: 30962s job: 2912 dft_time: 0
#66008946: cov: 2955 ft: 11117 corp: 1570 exec/s: 77 oom/timeout/crash: 0/0/0 time: 30973s job: 2913 dft_time: 0
#66032181: cov: 2955 ft: 11117 corp: 1570 exec/s: 77 oom/timeout/crash: 0/0/0 time: 30983s job: 2914 dft_time: 0
#66056365: cov: 2955 ft: 11117 corp: 1570 exec/s: 80 oom/timeout/crash: 0/0/0 time: 30995s job: 2915 dft_time: 0
#66080017: cov: 2955 ft: 11117 corp: 1570 exec/s: 78 oom/timeout/crash: 0/0/0 time: 31006s job: 2916 dft_time: 0
#66099998: cov: 2955 ft: 11117 corp: 1570 exec/s: 66 oom/timeout/crash: 0/0/0 time: 31019s job: 2917 dft_time: 0
#66123967: cov: 2955 ft: 11117 corp: 1570 exec/s: 79 oom/timeout/crash: 0/0/0 time: 31031s job: 2918 dft_time: 0
#66146472: cov: 2955 ft: 11117 corp: 1570 exec/s: 74 oom/timeout/crash: 0/0/0 time: 31043s job: 2919 dft_time: 0
#66174257: cov: 2955 ft: 11117 corp: 1570 exec/s: 92 oom/timeout/crash: 0/0/0 time: 31053s job: 2920 dft_time: 0
#66193896: cov: 2955 ft: 11117 corp: 1570 exec/s: 65 oom/timeout/crash: 0/0/0 time: 31065s job: 2921 dft_time: 0
#66217433: cov: 2955 ft: 11117 corp: 1570 exec/s: 78 oom/timeout/crash: 0/0/0 time: 31076s job: 2922 dft_time: 0
#66244796: cov: 2955 ft: 11117 corp: 1570 exec/s: 90 oom/timeout/crash: 0/0/0 time: 31086s job: 2923 dft_time: 0
#66272052: cov: 2955 ft: 11117 corp: 1570 exec/s: 90 oom/timeout/crash: 0/0/0 time: 31098s job: 2924 dft_time: 0
#66293355: cov: 2955 ft: 11117 corp: 1570 exec/s: 70 oom/timeout/crash: 0/0/0 time: 31109s job: 2925 dft_time: 0
#66320874: cov: 2955 ft: 11117 corp: 1570 exec/s: 91 oom/timeout/crash: 0/0/0 time: 31119s job: 2926 dft_time: 0
#66345846: cov: 2955 ft: 11117 corp: 1570 exec/s: 82 oom/timeout/crash: 0/0/0 time: 31131s job: 2927 dft_time: 0
#66371594: cov: 2955 ft: 11117 corp: 1570 exec/s: 85 oom/timeout/crash: 0/0/0 time: 31141s job: 2928 dft_time: 0
#66392663: cov: 2955 ft: 11117 corp: 1570 exec/s: 69 oom/timeout/crash: 0/0/0 time: 31152s job: 2929 dft_time: 0
#66419744: cov: 2955 ft: 11117 corp: 1570 exec/s: 89 oom/timeout/crash: 0/0/0 time: 31164s job: 2930 dft_time: 0
#66442810: cov: 2955 ft: 11117 corp: 1570 exec/s: 76 oom/timeout/crash: 0/0/0 time: 31175s job: 2931 dft_time: 0
#66467212: cov: 2955 ft: 11117 corp: 1570 exec/s: 81 oom/timeout/crash: 0/0/0 time: 31187s job: 2932 dft_time: 0
#66494436: cov: 2955 ft: 11117 corp: 1570 exec/s: 90 oom/timeout/crash: 0/0/0 time: 31198s job: 2933 dft_time: 0
#66514852: cov: 2955 ft: 11117 corp: 1570 exec/s: 67 oom/timeout/crash: 0/0/0 time: 31207s job: 2934 dft_time: 0
#66541957: cov: 2955 ft: 11117 corp: 1570 exec/s: 90 oom/timeout/crash: 0/0/0 time: 31219s job: 2935 dft_time: 0
#66569402: cov: 2955 ft: 11117 corp: 1570 exec/s: 91 oom/timeout/crash: 0/0/0 time: 31230s job: 2936 dft_time: 0
#66590576: cov: 2955 ft: 11117 corp: 1570 exec/s: 70 oom/timeout/crash: 0/0/0 time: 31241s job: 2937 dft_time: 0
#66614633: cov: 2955 ft: 11117 corp: 1570 exec/s: 79 oom/timeout/crash: 0/0/0 time: 31251s job: 2938 dft_time: 0
#66635424: cov: 2955 ft: 11118 corp: 1571 exec/s: 69 oom/timeout/crash: 0/0/0 time: 31263s job: 2939 dft_time: 0
#66655615: cov: 2955 ft: 11118 corp: 1571 exec/s: 67 oom/timeout/crash: 0/0/0 time: 31274s job: 2940 dft_time: 0
#66679834: cov: 2955 ft: 11118 corp: 1571 exec/s: 80 oom/timeout/crash: 0/0/0 time: 31284s job: 2941 dft_time: 0
#66701282: cov: 2955 ft: 11118 corp: 1571 exec/s: 71 oom/timeout/crash: 0/0/0 time: 31296s job: 2942 dft_time: 0
#66727326: cov: 2955 ft: 11118 corp: 1571 exec/s: 86 oom/timeout/crash: 0/0/0 time: 31307s job: 2943 dft_time: 0
#66750578: cov: 2955 ft: 11118 corp: 1571 exec/s: 77 oom/timeout/crash: 0/0/0 time: 31320s job: 2944 dft_time: 0
#66774003: cov: 2955 ft: 11118 corp: 1571 exec/s: 77 oom/timeout/crash: 0/0/0 time: 31332s job: 2945 dft_time: 0
#66793560: cov: 2955 ft: 11118 corp: 1571 exec/s: 64 oom/timeout/crash: 0/0/0 time: 31345s job: 2946 dft_time: 0
#66818776: cov: 2955 ft: 11118 corp: 1571 exec/s: 83 oom/timeout/crash: 0/0/0 time: 31354s job: 2947 dft_time: 0
#66841249: cov: 2955 ft: 11118 corp: 1571 exec/s: 74 oom/timeout/crash: 0/0/0 time: 31366s job: 2948 dft_time: 0
#66863474: cov: 2955 ft: 11118 corp: 1571 exec/s: 73 oom/timeout/crash: 0/0/0 time: 31377s job: 2949 dft_time: 0
#66889441: cov: 2955 ft: 11118 corp: 1571 exec/s: 86 oom/timeout/crash: 0/0/0 time: 31387s job: 2950 dft_time: 0
#66916840: cov: 2955 ft: 11145 corp: 1572 exec/s: 91 oom/timeout/crash: 0/0/0 time: 31399s job: 2951 dft_time: 0
#66943618: cov: 2955 ft: 11145 corp: 1572 exec/s: 88 oom/timeout/crash: 0/0/0 time: 31410s job: 2952 dft_time: 0
#66967350: cov: 2955 ft: 11145 corp: 1572 exec/s: 78 oom/timeout/crash: 0/0/0 time: 31420s job: 2953 dft_time: 0
#66994014: cov: 2955 ft: 11145 corp: 1572 exec/s: 88 oom/timeout/crash: 0/0/0 time: 31432s job: 2954 dft_time: 0
#67013732: cov: 2955 ft: 11145 corp: 1572 exec/s: 65 oom/timeout/crash: 0/0/0 time: 31442s job: 2955 dft_time: 0
#67037331: cov: 2955 ft: 11145 corp: 1572 exec/s: 78 oom/timeout/crash: 0/0/0 time: 31453s job: 2956 dft_time: 0
#67061367: cov: 2955 ft: 11145 corp: 1572 exec/s: 79 oom/timeout/crash: 0/0/0 time: 31465s job: 2957 dft_time: 0
#67085590: cov: 2955 ft: 11145 corp: 1572 exec/s: 80 oom/timeout/crash: 0/0/0 time: 31476s job: 2958 dft_time: 0
#67105099: cov: 2955 ft: 11145 corp: 1572 exec/s: 64 oom/timeout/crash: 0/0/0 time: 31488s job: 2959 dft_time: 0
#67132124: cov: 2955 ft: 11145 corp: 1572 exec/s: 89 oom/timeout/crash: 0/0/0 time: 31499s job: 2960 dft_time: 0
#67157418: cov: 2955 ft: 11145 corp: 1572 exec/s: 84 oom/timeout/crash: 0/0/0 time: 31508s job: 2961 dft_time: 0
#67184644: cov: 2955 ft: 11145 corp: 1572 exec/s: 90 oom/timeout/crash: 0/0/0 time: 31520s job: 2962 dft_time: 0
#67210675: cov: 2955 ft: 11145 corp: 1572 exec/s: 86 oom/timeout/crash: 0/0/0 time: 31531s job: 2963 dft_time: 0
#67231130: cov: 2955 ft: 11145 corp: 1572 exec/s: 67 oom/timeout/crash: 0/0/0 time: 31542s job: 2964 dft_time: 0
#67255640: cov: 2955 ft: 11145 corp: 1572 exec/s: 81 oom/timeout/crash: 0/0/0 time: 31553s job: 2965 dft_time: 0
#67278889: cov: 2955 ft: 11145 corp: 1572 exec/s: 77 oom/timeout/crash: 0/0/0 time: 31564s job: 2966 dft_time: 0
#67305865: cov: 2955 ft: 11145 corp: 1572 exec/s: 89 oom/timeout/crash: 0/0/0 time: 31576s job: 2967 dft_time: 0
#67333700: cov: 2955 ft: 11145 corp: 1572 exec/s: 92 oom/timeout/crash: 0/0/0 time: 31585s job: 2968 dft_time: 0
#67355964: cov: 2955 ft: 11145 corp: 1572 exec/s: 73 oom/timeout/crash: 0/0/0 time: 31597s job: 2969 dft_time: 0
#67382869: cov: 2955 ft: 11145 corp: 1572 exec/s: 89 oom/timeout/crash: 0/0/0 time: 31609s job: 2970 dft_time: 0
#67403391: cov: 2955 ft: 11145 corp: 1572 exec/s: 68 oom/timeout/crash: 0/0/0 time: 31621s job: 2971 dft_time: 0
#67426451: cov: 2955 ft: 11145 corp: 1572 exec/s: 76 oom/timeout/crash: 0/0/0 time: 31633s job: 2972 dft_time: 0
#67446905: cov: 2955 ft: 11146 corp: 1573 exec/s: 67 oom/timeout/crash: 0/0/0 time: 31646s job: 2973 dft_time: 0
#67469507: cov: 2955 ft: 11146 corp: 1573 exec/s: 75 oom/timeout/crash: 0/0/0 time: 31656s job: 2974 dft_time: 0
#67495540: cov: 2955 ft: 11146 corp: 1573 exec/s: 86 oom/timeout/crash: 0/0/0 time: 31667s job: 2975 dft_time: 0
#67514975: cov: 2955 ft: 11146 corp: 1573 exec/s: 64 oom/timeout/crash: 0/0/0 time: 31678s job: 2976 dft_time: 0
#67535140: cov: 2955 ft: 11146 corp: 1573 exec/s: 66 oom/timeout/crash: 0/0/0 time: 31688s job: 2977 dft_time: 0
#67562225: cov: 2955 ft: 11146 corp: 1573 exec/s: 89 oom/timeout/crash: 0/0/0 time: 31700s job: 2978 dft_time: 0
#67583566: cov: 2955 ft: 11146 corp: 1573 exec/s: 70 oom/timeout/crash: 0/0/0 time: 31711s job: 2979 dft_time: 0
#67610636: cov: 2955 ft: 11146 corp: 1573 exec/s: 89 oom/timeout/crash: 0/0/0 time: 31722s job: 2980 dft_time: 0
#67630135: cov: 2955 ft: 11146 corp: 1573 exec/s: 64 oom/timeout/crash: 0/0/0 time: 31733s job: 2981 dft_time: 0
#67656941: cov: 2955 ft: 11146 corp: 1573 exec/s: 89 oom/timeout/crash: 0/0/0 time: 31744s job: 2982 dft_time: 0
#67678104: cov: 2955 ft: 11146 corp: 1573 exec/s: 70 oom/timeout/crash: 0/0/0 time: 31755s job: 2983 dft_time: 0
#67698682: cov: 2955 ft: 11146 corp: 1573 exec/s: 68 oom/timeout/crash: 0/0/0 time: 31766s job: 2984 dft_time: 0
#67722860: cov: 2955 ft: 11146 corp: 1573 exec/s: 80 oom/timeout/crash: 0/0/0 time: 31777s job: 2985 dft_time: 0
#67749481: cov: 2955 ft: 11146 corp: 1573 exec/s: 88 oom/timeout/crash: 0/0/0 time: 31789s job: 2986 dft_time: 0
#67774012: cov: 2955 ft: 11146 corp: 1573 exec/s: 81 oom/timeout/crash: 0/0/0 time: 31800s job: 2987 dft_time: 0
#67798308: cov: 2955 ft: 11146 corp: 1573 exec/s: 80 oom/timeout/crash: 0/0/0 time: 31809s job: 2988 dft_time: 0
#67820652: cov: 2955 ft: 11146 corp: 1573 exec/s: 74 oom/timeout/crash: 0/0/0 time: 31822s job: 2989 dft_time: 0
#67849657: cov: 2955 ft: 11146 corp: 1573 exec/s: 96 oom/timeout/crash: 0/0/0 time: 31833s job: 2990 dft_time: 0
#67871264: cov: 2955 ft: 11146 corp: 1573 exec/s: 71 oom/timeout/crash: 0/0/0 time: 31843s job: 2991 dft_time: 0
#67894675: cov: 2955 ft: 11146 corp: 1573 exec/s: 77 oom/timeout/crash: 0/0/0 time: 31854s job: 2992 dft_time: 0
#67918800: cov: 2955 ft: 11146 corp: 1573 exec/s: 80 oom/timeout/crash: 0/0/0 time: 31865s job: 2993 dft_time: 0
#67943231: cov: 2955 ft: 11146 corp: 1573 exec/s: 81 oom/timeout/crash: 0/0/0 time: 31877s job: 2994 dft_time: 0
#67963603: cov: 2955 ft: 11146 corp: 1573 exec/s: 67 oom/timeout/crash: 0/0/0 time: 31887s job: 2995 dft_time: 0
#67983265: cov: 2955 ft: 11146 corp: 1573 exec/s: 65 oom/timeout/crash: 0/0/0 time: 31898s job: 2996 dft_time: 0
#68010469: cov: 2955 ft: 11146 corp: 1573 exec/s: 90 oom/timeout/crash: 0/0/0 time: 31910s job: 2997 dft_time: 0
#68036726: cov: 2955 ft: 11146 corp: 1573 exec/s: 87 oom/timeout/crash: 0/0/0 time: 31922s job: 2998 dft_time: 0
#68061832: cov: 2955 ft: 11146 corp: 1573 exec/s: 83 oom/timeout/crash: 0/0/0 time: 31935s job: 2999 dft_time: 0
#68081463: cov: 2955 ft: 11146 corp: 1573 exec/s: 65 oom/timeout/crash: 0/0/0 time: 31947s job: 3000 dft_time: 0
#68109120: cov: 2955 ft: 11146 corp: 1573 exec/s: 91 oom/timeout/crash: 0/0/0 time: 31957s job: 3001 dft_time: 0
#68129786: cov: 2955 ft: 11146 corp: 1573 exec/s: 68 oom/timeout/crash: 0/0/0 time: 31969s job: 3002 dft_time: 0
#68156847: cov: 2955 ft: 11146 corp: 1573 exec/s: 89 oom/timeout/crash: 0/0/0 time: 31979s job: 3003 dft_time: 0
#68179773: cov: 2955 ft: 11146 corp: 1573 exec/s: 76 oom/timeout/crash: 0/0/0 time: 31989s job: 3004 dft_time: 0
#68206939: cov: 2955 ft: 11146 corp: 1573 exec/s: 90 oom/timeout/crash: 0/0/0 time: 32001s job: 3005 dft_time: 0
#68226714: cov: 2955 ft: 11146 corp: 1573 exec/s: 65 oom/timeout/crash: 0/0/0 time: 32012s job: 3006 dft_time: 0
#68252180: cov: 2955 ft: 11146 corp: 1573 exec/s: 84 oom/timeout/crash: 0/0/0 time: 32023s job: 3007 dft_time: 0
#68275535: cov: 2955 ft: 11146 corp: 1573 exec/s: 77 oom/timeout/crash: 0/0/0 time: 32034s job: 3008 dft_time: 0
#68299816: cov: 2955 ft: 11146 corp: 1573 exec/s: 80 oom/timeout/crash: 0/0/0 time: 32045s job: 3009 dft_time: 0
#68326990: cov: 2955 ft: 11146 corp: 1573 exec/s: 90 oom/timeout/crash: 0/0/0 time: 32056s job: 3010 dft_time: 0
#68350427: cov: 2955 ft: 11146 corp: 1573 exec/s: 77 oom/timeout/crash: 0/0/0 time: 32067s job: 3011 dft_time: 0
#68374572: cov: 2955 ft: 11146 corp: 1573 exec/s: 80 oom/timeout/crash: 0/0/0 time: 32079s job: 3012 dft_time: 0
#68398530: cov: 2955 ft: 11146 corp: 1573 exec/s: 79 oom/timeout/crash: 0/0/0 time: 32090s job: 3013 dft_time: 0
#68421575: cov: 2955 ft: 11146 corp: 1573 exec/s: 76 oom/timeout/crash: 0/0/0 time: 32101s job: 3014 dft_time: 0
#68447303: cov: 2955 ft: 11146 corp: 1573 exec/s: 85 oom/timeout/crash: 0/0/0 time: 32110s job: 3015 dft_time: 0
#68469966: cov: 2955 ft: 11146 corp: 1573 exec/s: 75 oom/timeout/crash: 0/0/0 time: 32123s job: 3016 dft_time: 0
#68489965: cov: 2955 ft: 11146 corp: 1573 exec/s: 66 oom/timeout/crash: 0/0/0 time: 32134s job: 3017 dft_time: 0
#68515633: cov: 2955 ft: 11146 corp: 1573 exec/s: 85 oom/timeout/crash: 0/0/0 time: 32144s job: 3018 dft_time: 0
#68539270: cov: 2955 ft: 11146 corp: 1573 exec/s: 78 oom/timeout/crash: 0/0/0 time: 32155s job: 3019 dft_time: 0
#68566899: cov: 2955 ft: 11146 corp: 1573 exec/s: 91 oom/timeout/crash: 0/0/0 time: 32166s job: 3020 dft_time: 0
#68590330: cov: 2955 ft: 11146 corp: 1573 exec/s: 77 oom/timeout/crash: 0/0/0 time: 32178s job: 3021 dft_time: 0
#68611539: cov: 2955 ft: 11146 corp: 1573 exec/s: 70 oom/timeout/crash: 0/0/0 time: 32188s job: 3022 dft_time: 0
#68632007: cov: 2955 ft: 11146 corp: 1573 exec/s: 68 oom/timeout/crash: 0/0/0 time: 32199s job: 3023 dft_time: 0
#68653493: cov: 2955 ft: 11146 corp: 1573 exec/s: 71 oom/timeout/crash: 0/0/0 time: 32211s job: 3024 dft_time: 0
#68675982: cov: 2955 ft: 11146 corp: 1573 exec/s: 74 oom/timeout/crash: 0/0/0 time: 32223s job: 3025 dft_time: 0
#68703443: cov: 2955 ft: 11146 corp: 1573 exec/s: 91 oom/timeout/crash: 0/0/0 time: 32236s job: 3026 dft_time: 0
#68729933: cov: 2955 ft: 11146 corp: 1573 exec/s: 88 oom/timeout/crash: 0/0/0 time: 32248s job: 3027 dft_time: 0
#68757154: cov: 2955 ft: 11146 corp: 1573 exec/s: 90 oom/timeout/crash: 0/0/0 time: 32258s job: 3028 dft_time: 0
#68776739: cov: 2955 ft: 11146 corp: 1573 exec/s: 65 oom/timeout/crash: 0/0/0 time: 32270s job: 3029 dft_time: 0
#68796950: cov: 2955 ft: 11146 corp: 1573 exec/s: 67 oom/timeout/crash: 0/0/0 time: 32280s job: 3030 dft_time: 0
#68824491: cov: 2955 ft: 11146 corp: 1573 exec/s: 91 oom/timeout/crash: 0/0/0 time: 32291s job: 3031 dft_time: 0
#68847551: cov: 2955 ft: 11146 corp: 1573 exec/s: 76 oom/timeout/crash: 0/0/0 time: 32302s job: 3032 dft_time: 0
#68870653: cov: 2955 ft: 11146 corp: 1573 exec/s: 76 oom/timeout/crash: 0/0/0 time: 32313s job: 3033 dft_time: 0
#68898599: cov: 2955 ft: 11146 corp: 1573 exec/s: 92 oom/timeout/crash: 0/0/0 time: 32324s job: 3034 dft_time: 0
#68918115: cov: 2955 ft: 11146 corp: 1573 exec/s: 64 oom/timeout/crash: 0/0/0 time: 32335s job: 3035 dft_time: 0
#68938147: cov: 2955 ft: 11146 corp: 1573 exec/s: 66 oom/timeout/crash: 0/0/0 time: 32346s job: 3036 dft_time: 0
#68965175: cov: 2955 ft: 11146 corp: 1573 exec/s: 89 oom/timeout/crash: 0/0/0 time: 32357s job: 3037 dft_time: 0
#68984853: cov: 2955 ft: 11146 corp: 1573 exec/s: 65 oom/timeout/crash: 0/0/0 time: 32368s job: 3038 dft_time: 0
#69012100: cov: 2955 ft: 11146 corp: 1573 exec/s: 90 oom/timeout/crash: 0/0/0 time: 32380s job: 3039 dft_time: 0
#69039270: cov: 2955 ft: 11146 corp: 1573 exec/s: 90 oom/timeout/crash: 0/0/0 time: 32391s job: 3040 dft_time: 0
#69058561: cov: 2955 ft: 11146 corp: 1573 exec/s: 64 oom/timeout/crash: 0/0/0 time: 32402s job: 3041 dft_time: 0
#69078502: cov: 2955 ft: 11146 corp: 1573 exec/s: 66 oom/timeout/crash: 0/0/0 time: 32412s job: 3042 dft_time: 0
#69102165: cov: 2955 ft: 11146 corp: 1573 exec/s: 78 oom/timeout/crash: 0/0/0 time: 32424s job: 3043 dft_time: 0
#69128676: cov: 2955 ft: 11146 corp: 1573 exec/s: 88 oom/timeout/crash: 0/0/0 time: 32435s job: 3044 dft_time: 0
#69153506: cov: 2955 ft: 11146 corp: 1573 exec/s: 82 oom/timeout/crash: 0/0/0 time: 32445s job: 3045 dft_time: 0
#69181065: cov: 2955 ft: 11146 corp: 1573 exec/s: 91 oom/timeout/crash: 0/0/0 time: 32456s job: 3046 dft_time: 0
#69205383: cov: 2955 ft: 11146 corp: 1573 exec/s: 80 oom/timeout/crash: 0/0/0 time: 32467s job: 3047 dft_time: 0
#69233855: cov: 2955 ft: 11146 corp: 1573 exec/s: 94 oom/timeout/crash: 0/0/0 time: 32479s job: 3048 dft_time: 0
#69259623: cov: 2955 ft: 11146 corp: 1573 exec/s: 85 oom/timeout/crash: 0/0/0 time: 32489s job: 3049 dft_time: 0
#69286755: cov: 2955 ft: 11146 corp: 1573 exec/s: 90 oom/timeout/crash: 0/0/0 time: 32500s job: 3050 dft_time: 0
#69308659: cov: 2955 ft: 11146 corp: 1573 exec/s: 72 oom/timeout/crash: 0/0/0 time: 32512s job: 3051 dft_time: 0
#69328426: cov: 2955 ft: 11146 corp: 1573 exec/s: 65 oom/timeout/crash: 0/0/0 time: 32524s job: 3052 dft_time: 0
#69348175: cov: 2955 ft: 11146 corp: 1573 exec/s: 65 oom/timeout/crash: 0/0/0 time: 32537s job: 3053 dft_time: 0
#69368920: cov: 2955 ft: 11146 corp: 1573 exec/s: 68 oom/timeout/crash: 0/0/0 time: 32549s job: 3054 dft_time: 0
#69395981: cov: 2955 ft: 11146 corp: 1573 exec/s: 89 oom/timeout/crash: 0/0/0 time: 32559s job: 3055 dft_time: 0
#69415809: cov: 2955 ft: 11146 corp: 1573 exec/s: 65 oom/timeout/crash: 0/0/0 time: 32571s job: 3056 dft_time: 0
#69440398: cov: 2955 ft: 11146 corp: 1573 exec/s: 81 oom/timeout/crash: 0/0/0 time: 32582s job: 3057 dft_time: 0
#69467902: cov: 2955 ft: 11146 corp: 1573 exec/s: 91 oom/timeout/crash: 0/0/0 time: 32592s job: 3058 dft_time: 0
#69488734: cov: 2955 ft: 11148 corp: 1574 exec/s: 69 oom/timeout/crash: 0/0/0 time: 32604s job: 3059 dft_time: 0
#69516504: cov: 2955 ft: 11148 corp: 1574 exec/s: 92 oom/timeout/crash: 0/0/0 time: 32615s job: 3060 dft_time: 0
#69538993: cov: 2955 ft: 11148 corp: 1574 exec/s: 74 oom/timeout/crash: 0/0/0 time: 32625s job: 3061 dft_time: 0
#69559744: cov: 2955 ft: 11148 corp: 1574 exec/s: 68 oom/timeout/crash: 0/0/0 time: 32636s job: 3062 dft_time: 0
#69579912: cov: 2955 ft: 11148 corp: 1574 exec/s: 67 oom/timeout/crash: 0/0/0 time: 32647s job: 3063 dft_time: 0
#69600686: cov: 2955 ft: 11148 corp: 1574 exec/s: 69 oom/timeout/crash: 0/0/0 time: 32658s job: 3064 dft_time: 0
#69628312: cov: 2955 ft: 11148 corp: 1574 exec/s: 91 oom/timeout/crash: 0/0/0 time: 32669s job: 3065 dft_time: 0
#69655116: cov: 2955 ft: 11148 corp: 1574 exec/s: 89 oom/timeout/crash: 0/0/0 time: 32681s job: 3066 dft_time: 0
#69682350: cov: 2955 ft: 11148 corp: 1574 exec/s: 90 oom/timeout/crash: 0/0/0 time: 32692s job: 3067 dft_time: 0
#69704687: cov: 2955 ft: 11148 corp: 1574 exec/s: 74 oom/timeout/crash: 0/0/0 time: 32703s job: 3068 dft_time: 0
#69724520: cov: 2955 ft: 11148 corp: 1574 exec/s: 65 oom/timeout/crash: 0/0/0 time: 32713s job: 3069 dft_time: 0
#69751330: cov: 2955 ft: 11148 corp: 1574 exec/s: 89 oom/timeout/crash: 0/0/0 time: 32725s job: 3070 dft_time: 0
#69773917: cov: 2955 ft: 11148 corp: 1574 exec/s: 75 oom/timeout/crash: 0/0/0 time: 32736s job: 3071 dft_time: 0
#69795734: cov: 2955 ft: 11148 corp: 1574 exec/s: 72 oom/timeout/crash: 0/0/0 time: 32747s job: 3072 dft_time: 0
#69815195: cov: 2955 ft: 11148 corp: 1574 exec/s: 64 oom/timeout/crash: 0/0/0 time: 32757s job: 3073 dft_time: 0
#69840047: cov: 2955 ft: 11148 corp: 1574 exec/s: 82 oom/timeout/crash: 0/0/0 time: 32769s job: 3074 dft_time: 0
#69867354: cov: 2955 ft: 11148 corp: 1574 exec/s: 90 oom/timeout/crash: 0/0/0 time: 32780s job: 3075 dft_time: 0
#69894580: cov: 2955 ft: 11148 corp: 1574 exec/s: 90 oom/timeout/crash: 0/0/0 time: 32790s job: 3076 dft_time: 0
#69916274: cov: 2955 ft: 11148 corp: 1574 exec/s: 72 oom/timeout/crash: 0/0/0 time: 32801s job: 3077 dft_time: 0
#69936725: cov: 2955 ft: 11148 corp: 1574 exec/s: 67 oom/timeout/crash: 0/0/0 time: 32813s job: 3078 dft_time: 0
#69963355: cov: 2955 ft: 11148 corp: 1574 exec/s: 88 oom/timeout/crash: 0/0/0 time: 32826s job: 3079 dft_time: 0
#69984356: cov: 2955 ft: 11148 corp: 1574 exec/s: 69 oom/timeout/crash: 0/0/0 time: 32838s job: 3080 dft_time: 0
#70004566: cov: 2955 ft: 11148 corp: 1574 exec/s: 67 oom/timeout/crash: 0/0/0 time: 32850s job: 3081 dft_time: 0
#70029352: cov: 2955 ft: 11148 corp: 1574 exec/s: 82 oom/timeout/crash: 0/0/0 time: 32860s job: 3082 dft_time: 0
#70058193: cov: 2955 ft: 11148 corp: 1574 exec/s: 95 oom/timeout/crash: 0/0/0 time: 32872s job: 3083 dft_time: 0
#70082278: cov: 2955 ft: 11148 corp: 1574 exec/s: 80 oom/timeout/crash: 0/0/0 time: 32883s job: 3084 dft_time: 0
#70107034: cov: 2955 ft: 11148 corp: 1574 exec/s: 82 oom/timeout/crash: 0/0/0 time: 32893s job: 3085 dft_time: 0
#70129457: cov: 2955 ft: 11148 corp: 1574 exec/s: 74 oom/timeout/crash: 0/0/0 time: 32905s job: 3086 dft_time: 0
#70156425: cov: 2955 ft: 11148 corp: 1574 exec/s: 89 oom/timeout/crash: 0/0/0 time: 32916s job: 3087 dft_time: 0
#70184548: cov: 2955 ft: 11148 corp: 1574 exec/s: 93 oom/timeout/crash: 0/0/0 time: 32926s job: 3088 dft_time: 0
#70207779: cov: 2955 ft: 11148 corp: 1574 exec/s: 77 oom/timeout/crash: 0/0/0 time: 32938s job: 3089 dft_time: 0
#70227842: cov: 2955 ft: 11148 corp: 1574 exec/s: 66 oom/timeout/crash: 0/0/0 time: 32948s job: 3090 dft_time: 0
#70249400: cov: 2955 ft: 11148 corp: 1574 exec/s: 71 oom/timeout/crash: 0/0/0 time: 32959s job: 3091 dft_time: 0
#70276239: cov: 2955 ft: 11148 corp: 1574 exec/s: 89 oom/timeout/crash: 0/0/0 time: 32971s job: 3092 dft_time: 0
#70302191: cov: 2955 ft: 11148 corp: 1574 exec/s: 86 oom/timeout/crash: 0/0/0 time: 32982s job: 3093 dft_time: 0
#70328843: cov: 2955 ft: 11148 corp: 1574 exec/s: 88 oom/timeout/crash: 0/0/0 time: 32994s job: 3094 dft_time: 0
#70352955: cov: 2955 ft: 11148 corp: 1574 exec/s: 80 oom/timeout/crash: 0/0/0 time: 33005s job: 3095 dft_time: 0
#70372606: cov: 2955 ft: 11148 corp: 1574 exec/s: 65 oom/timeout/crash: 0/0/0 time: 33014s job: 3096 dft_time: 0
#70399251: cov: 2955 ft: 11148 corp: 1574 exec/s: 88 oom/timeout/crash: 0/0/0 time: 33026s job: 3097 dft_time: 0
#70421478: cov: 2955 ft: 11148 corp: 1574 exec/s: 73 oom/timeout/crash: 0/0/0 time: 33037s job: 3098 dft_time: 0
#70444391: cov: 2955 ft: 11148 corp: 1574 exec/s: 76 oom/timeout/crash: 0/0/0 time: 33048s job: 3099 dft_time: 0
#70472018: cov: 2955 ft: 11148 corp: 1574 exec/s: 91 oom/timeout/crash: 0/0/0 time: 33058s job: 3100 dft_time: 0
#70497829: cov: 2955 ft: 11148 corp: 1574 exec/s: 85 oom/timeout/crash: 0/0/0 time: 33070s job: 3101 dft_time: 0
#70518751: cov: 2955 ft: 11148 corp: 1574 exec/s: 69 oom/timeout/crash: 0/0/0 time: 33081s job: 3102 dft_time: 0
#70538978: cov: 2955 ft: 11148 corp: 1574 exec/s: 67 oom/timeout/crash: 0/0/0 time: 33091s job: 3103 dft_time: 0
#70562835: cov: 2955 ft: 11148 corp: 1574 exec/s: 79 oom/timeout/crash: 0/0/0 time: 33102s job: 3104 dft_time: 0
#70590034: cov: 2955 ft: 11148 corp: 1574 exec/s: 90 oom/timeout/crash: 0/0/0 time: 33114s job: 3105 dft_time: 0
#70611164: cov: 2955 ft: 11148 corp: 1574 exec/s: 70 oom/timeout/crash: 0/0/0 time: 33127s job: 3106 dft_time: 0
#70635495: cov: 2955 ft: 11148 corp: 1574 exec/s: 80 oom/timeout/crash: 0/0/0 time: 33139s job: 3107 dft_time: 0
#70654867: cov: 2955 ft: 11148 corp: 1574 exec/s: 64 oom/timeout/crash: 0/0/0 time: 33152s job: 3108 dft_time: 0
#70674516: cov: 2955 ft: 11148 corp: 1574 exec/s: 65 oom/timeout/crash: 0/0/0 time: 33161s job: 3109 dft_time: 0
#70701621: cov: 2955 ft: 11148 corp: 1574 exec/s: 90 oom/timeout/crash: 0/0/0 time: 33173s job: 3110 dft_time: 0
#70728599: cov: 2955 ft: 11148 corp: 1574 exec/s: 89 oom/timeout/crash: 0/0/0 time: 33184s job: 3111 dft_time: 0
#70749998: cov: 2955 ft: 11148 corp: 1574 exec/s: 71 oom/timeout/crash: 0/0/0 time: 33194s job: 3112 dft_time: 0
#70772289: cov: 2955 ft: 11148 corp: 1574 exec/s: 74 oom/timeout/crash: 0/0/0 time: 33206s job: 3113 dft_time: 0
#70798032: cov: 2955 ft: 11148 corp: 1574 exec/s: 85 oom/timeout/crash: 0/0/0 time: 33217s job: 3114 dft_time: 0
#70819663: cov: 2955 ft: 11148 corp: 1574 exec/s: 71 oom/timeout/crash: 0/0/0 time: 33227s job: 3115 dft_time: 0
#70844529: cov: 2955 ft: 11148 corp: 1574 exec/s: 82 oom/timeout/crash: 0/0/0 time: 33239s job: 3116 dft_time: 0
#70866200: cov: 2955 ft: 11148 corp: 1574 exec/s: 71 oom/timeout/crash: 0/0/0 time: 33249s job: 3117 dft_time: 0
#70893281: cov: 2955 ft: 11148 corp: 1574 exec/s: 89 oom/timeout/crash: 0/0/0 time: 33260s job: 3118 dft_time: 0
#70920785: cov: 2955 ft: 11148 corp: 1574 exec/s: 91 oom/timeout/crash: 0/0/0 time: 33272s job: 3119 dft_time: 0
#70945855: cov: 2955 ft: 11148 corp: 1574 exec/s: 83 oom/timeout/crash: 0/0/0 time: 33283s job: 3120 dft_time: 0
#70973230: cov: 2955 ft: 11148 corp: 1574 exec/s: 90 oom/timeout/crash: 0/0/0 time: 33295s job: 3121 dft_time: 0
#70997151: cov: 2955 ft: 11148 corp: 1574 exec/s: 79 oom/timeout/crash: 0/0/0 time: 33306s job: 3122 dft_time: 0
#71017118: cov: 2955 ft: 11148 corp: 1574 exec/s: 66 oom/timeout/crash: 0/0/0 time: 33315s job: 3123 dft_time: 0
#71044085: cov: 2955 ft: 11148 corp: 1574 exec/s: 89 oom/timeout/crash: 0/0/0 time: 33327s job: 3124 dft_time: 0
#71067919: cov: 2955 ft: 11148 corp: 1574 exec/s: 79 oom/timeout/crash: 0/0/0 time: 33338s job: 3125 dft_time: 0
#71087744: cov: 2955 ft: 11148 corp: 1574 exec/s: 65 oom/timeout/crash: 0/0/0 time: 33349s job: 3126 dft_time: 0
#71113373: cov: 2955 ft: 11148 corp: 1574 exec/s: 85 oom/timeout/crash: 0/0/0 time: 33359s job: 3127 dft_time: 0
#71133016: cov: 2955 ft: 11148 corp: 1574 exec/s: 65 oom/timeout/crash: 0/0/0 time: 33371s job: 3128 dft_time: 0
#71152726: cov: 2955 ft: 11148 corp: 1574 exec/s: 65 oom/timeout/crash: 0/0/0 time: 33382s job: 3129 dft_time: 0
#71174241: cov: 2955 ft: 11148 corp: 1574 exec/s: 71 oom/timeout/crash: 0/0/0 time: 33392s job: 3130 dft_time: 0
#71198206: cov: 2955 ft: 11148 corp: 1574 exec/s: 79 oom/timeout/crash: 0/0/0 time: 33404s job: 3131 dft_time: 0
#71218256: cov: 2955 ft: 11148 corp: 1574 exec/s: 66 oom/timeout/crash: 0/0/0 time: 33415s job: 3132 dft_time: 0
#71245110: cov: 2955 ft: 11149 corp: 1575 exec/s: 89 oom/timeout/crash: 0/0/0 time: 33428s job: 3133 dft_time: 0
#71265968: cov: 2955 ft: 11149 corp: 1575 exec/s: 69 oom/timeout/crash: 0/0/0 time: 33440s job: 3134 dft_time: 0
#71290503: cov: 2955 ft: 11149 corp: 1575 exec/s: 81 oom/timeout/crash: 0/0/0 time: 33453s job: 3135 dft_time: 0
#71317628: cov: 2955 ft: 11149 corp: 1575 exec/s: 90 oom/timeout/crash: 0/0/0 time: 33462s job: 3136 dft_time: 0
#71341908: cov: 2955 ft: 11149 corp: 1575 exec/s: 80 oom/timeout/crash: 0/0/0 time: 33474s job: 3137 dft_time: 0
#71362760: cov: 2955 ft: 11150 corp: 1576 exec/s: 69 oom/timeout/crash: 0/0/0 time: 33485s job: 3138 dft_time: 0
#71386957: cov: 2955 ft: 11150 corp: 1576 exec/s: 80 oom/timeout/crash: 0/0/0 time: 33495s job: 3139 dft_time: 0
#71411523: cov: 2955 ft: 11150 corp: 1576 exec/s: 81 oom/timeout/crash: 0/0/0 time: 33507s job: 3140 dft_time: 0
#71432116: cov: 2955 ft: 11150 corp: 1576 exec/s: 68 oom/timeout/crash: 0/0/0 time: 33518s job: 3141 dft_time: 0
#71459937: cov: 2955 ft: 11150 corp: 1576 exec/s: 92 oom/timeout/crash: 0/0/0 time: 33528s job: 3142 dft_time: 0
#71480752: cov: 2955 ft: 11150 corp: 1576 exec/s: 69 oom/timeout/crash: 0/0/0 time: 33540s job: 3143 dft_time: 0
#71505020: cov: 2955 ft: 11150 corp: 1576 exec/s: 80 oom/timeout/crash: 0/0/0 time: 33550s job: 3144 dft_time: 0
#71532023: cov: 2955 ft: 11150 corp: 1576 exec/s: 89 oom/timeout/crash: 0/0/0 time: 33562s job: 3145 dft_time: 0
#71556784: cov: 2955 ft: 11150 corp: 1576 exec/s: 82 oom/timeout/crash: 0/0/0 time: 33573s job: 3146 dft_time: 0
#71578427: cov: 2955 ft: 11150 corp: 1576 exec/s: 71 oom/timeout/crash: 0/0/0 time: 33584s job: 3147 dft_time: 0
#71605278: cov: 2955 ft: 11150 corp: 1576 exec/s: 89 oom/timeout/crash: 0/0/0 time: 33596s job: 3148 dft_time: 0
#71631382: cov: 2955 ft: 11150 corp: 1576 exec/s: 86 oom/timeout/crash: 0/0/0 time: 33607s job: 3149 dft_time: 0
#71658906: cov: 2955 ft: 11150 corp: 1576 exec/s: 91 oom/timeout/crash: 0/0/0 time: 33616s job: 3150 dft_time: 0
#71678810: cov: 2955 ft: 11150 corp: 1576 exec/s: 66 oom/timeout/crash: 0/0/0 time: 33628s job: 3151 dft_time: 0
#71700742: cov: 2955 ft: 11150 corp: 1576 exec/s: 72 oom/timeout/crash: 0/0/0 time: 33639s job: 3152 dft_time: 0
#71720564: cov: 2955 ft: 11150 corp: 1576 exec/s: 65 oom/timeout/crash: 0/0/0 time: 33650s job: 3153 dft_time: 0
#71748182: cov: 2955 ft: 11150 corp: 1576 exec/s: 91 oom/timeout/crash: 0/0/0 time: 33661s job: 3154 dft_time: 0
#71775202: cov: 2955 ft: 11150 corp: 1576 exec/s: 89 oom/timeout/crash: 0/0/0 time: 33672s job: 3155 dft_time: 0
#71801968: cov: 2955 ft: 11150 corp: 1576 exec/s: 88 oom/timeout/crash: 0/0/0 time: 33684s job: 3156 dft_time: 0
#71823718: cov: 2955 ft: 11150 corp: 1576 exec/s: 72 oom/timeout/crash: 0/0/0 time: 33693s job: 3157 dft_time: 0
#71851477: cov: 2955 ft: 11150 corp: 1576 exec/s: 92 oom/timeout/crash: 0/0/0 time: 33705s job: 3158 dft_time: 0
#71873908: cov: 2955 ft: 11150 corp: 1576 exec/s: 74 oom/timeout/crash: 0/0/0 time: 33717s job: 3159 dft_time: 0
#71898657: cov: 2955 ft: 11150 corp: 1576 exec/s: 82 oom/timeout/crash: 0/0/0 time: 33729s job: 3160 dft_time: 0
#71918060: cov: 2955 ft: 11150 corp: 1576 exec/s: 64 oom/timeout/crash: 0/0/0 time: 33742s job: 3161 dft_time: 0
#71938090: cov: 2955 ft: 11150 corp: 1576 exec/s: 66 oom/timeout/crash: 0/0/0 time: 33754s job: 3162 dft_time: 0
#71964918: cov: 2955 ft: 11150 corp: 1576 exec/s: 89 oom/timeout/crash: 0/0/0 time: 33764s job: 3163 dft_time: 0
#71987098: cov: 2955 ft: 11150 corp: 1576 exec/s: 73 oom/timeout/crash: 0/0/0 time: 33776s job: 3164 dft_time: 0
#72013370: cov: 2955 ft: 11150 corp: 1576 exec/s: 87 oom/timeout/crash: 0/0/0 time: 33786s job: 3165 dft_time: 0
#72034837: cov: 2955 ft: 11150 corp: 1576 exec/s: 71 oom/timeout/crash: 0/0/0 time: 33796s job: 3166 dft_time: 0
#72062495: cov: 2955 ft: 11150 corp: 1576 exec/s: 91 oom/timeout/crash: 0/0/0 time: 33808s job: 3167 dft_time: 0
#72087323: cov: 2955 ft: 11150 corp: 1576 exec/s: 82 oom/timeout/crash: 0/0/0 time: 33819s job: 3168 dft_time: 0
#72107725: cov: 2955 ft: 11150 corp: 1576 exec/s: 67 oom/timeout/crash: 0/0/0 time: 33829s job: 3169 dft_time: 0
#72127989: cov: 2955 ft: 11150 corp: 1576 exec/s: 67 oom/timeout/crash: 0/0/0 time: 33841s job: 3170 dft_time: 0
#72154942: cov: 2955 ft: 11150 corp: 1576 exec/s: 89 oom/timeout/crash: 0/0/0 time: 33852s job: 3171 dft_time: 0
#72178191: cov: 2955 ft: 11150 corp: 1576 exec/s: 77 oom/timeout/crash: 0/0/0 time: 33863s job: 3172 dft_time: 0
#72198150: cov: 2955 ft: 11150 corp: 1576 exec/s: 66 oom/timeout/crash: 0/0/0 time: 33874s job: 3173 dft_time: 0
#72218716: cov: 2955 ft: 11150 corp: 1576 exec/s: 68 oom/timeout/crash: 0/0/0 time: 33885s job: 3174 dft_time: 0
#72245714: cov: 2955 ft: 11150 corp: 1576 exec/s: 89 oom/timeout/crash: 0/0/0 time: 33897s job: 3175 dft_time: 0
#72272960: cov: 2955 ft: 11150 corp: 1576 exec/s: 90 oom/timeout/crash: 0/0/0 time: 33908s job: 3176 dft_time: 0
#72297501: cov: 2955 ft: 11150 corp: 1576 exec/s: 81 oom/timeout/crash: 0/0/0 time: 33917s job: 3177 dft_time: 0
#72316909: cov: 2955 ft: 11150 corp: 1576 exec/s: 64 oom/timeout/crash: 0/0/0 time: 33930s job: 3178 dft_time: 0
#72338880: cov: 2955 ft: 11150 corp: 1576 exec/s: 72 oom/timeout/crash: 0/0/0 time: 33941s job: 3179 dft_time: 0
#72366264: cov: 2955 ft: 11150 corp: 1576 exec/s: 90 oom/timeout/crash: 0/0/0 time: 33951s job: 3180 dft_time: 0
#72385645: cov: 2955 ft: 11150 corp: 1576 exec/s: 64 oom/timeout/crash: 0/0/0 time: 33962s job: 3181 dft_time: 0
#72412905: cov: 2955 ft: 11150 corp: 1576 exec/s: 90 oom/timeout/crash: 0/0/0 time: 33973s job: 3182 dft_time: 0
#72440762: cov: 2955 ft: 11150 corp: 1576 exec/s: 92 oom/timeout/crash: 0/0/0 time: 33985s job: 3183 dft_time: 0
#72463517: cov: 2955 ft: 11150 corp: 1576 exec/s: 75 oom/timeout/crash: 0/0/0 time: 33995s job: 3184 dft_time: 0
#72487688: cov: 2955 ft: 11150 corp: 1576 exec/s: 80 oom/timeout/crash: 0/0/0 time: 34006s job: 3185 dft_time: 0
#72513606: cov: 2955 ft: 11150 corp: 1576 exec/s: 86 oom/timeout/crash: 0/0/0 time: 34018s job: 3186 dft_time: 0
#72536744: cov: 2955 ft: 11152 corp: 1577 exec/s: 76 oom/timeout/crash: 0/0/0 time: 34030s job: 3187 dft_time: 0
#72561767: cov: 2955 ft: 11152 corp: 1577 exec/s: 83 oom/timeout/crash: 0/0/0 time: 34043s job: 3188 dft_time: 0
#72582183: cov: 2955 ft: 11152 corp: 1577 exec/s: 67 oom/timeout/crash: 0/0/0 time: 34055s job: 3189 dft_time: 0
#72603988: cov: 2955 ft: 11152 corp: 1577 exec/s: 72 oom/timeout/crash: 0/0/0 time: 34065s job: 3190 dft_time: 0
#72632017: cov: 2955 ft: 11152 corp: 1577 exec/s: 93 oom/timeout/crash: 0/0/0 time: 34077s job: 3191 dft_time: 0
#72651510: cov: 2955 ft: 11152 corp: 1577 exec/s: 64 oom/timeout/crash: 0/0/0 time: 34088s job: 3192 dft_time: 0
#72674148: cov: 2955 ft: 11152 corp: 1577 exec/s: 75 oom/timeout/crash: 0/0/0 time: 34097s job: 3193 dft_time: 0
#72698689: cov: 2955 ft: 11152 corp: 1577 exec/s: 81 oom/timeout/crash: 0/0/0 time: 34109s job: 3194 dft_time: 0
#72723926: cov: 2955 ft: 11152 corp: 1577 exec/s: 83 oom/timeout/crash: 0/0/0 time: 34120s job: 3195 dft_time: 0
#72751467: cov: 2955 ft: 11152 corp: 1577 exec/s: 91 oom/timeout/crash: 0/0/0 time: 34131s job: 3196 dft_time: 0
#72771087: cov: 2955 ft: 11152 corp: 1577 exec/s: 65 oom/timeout/crash: 0/0/0 time: 34142s job: 3197 dft_time: 0
#72793397: cov: 2955 ft: 11152 corp: 1577 exec/s: 74 oom/timeout/crash: 0/0/0 time: 34153s job: 3198 dft_time: 0
#72820412: cov: 2955 ft: 11152 corp: 1577 exec/s: 89 oom/timeout/crash: 0/0/0 time: 34164s job: 3199 dft_time: 0
#72845487: cov: 2955 ft: 11152 corp: 1577 exec/s: 83 oom/timeout/crash: 0/0/0 time: 34175s job: 3200 dft_time: 0
#72868688: cov: 2955 ft: 11152 corp: 1577 exec/s: 77 oom/timeout/crash: 0/0/0 time: 34187s job: 3201 dft_time: 0
#72893492: cov: 2955 ft: 11152 corp: 1577 exec/s: 82 oom/timeout/crash: 0/0/0 time: 34198s job: 3202 dft_time: 0
#72919793: cov: 2955 ft: 11152 corp: 1577 exec/s: 87 oom/timeout/crash: 0/0/0 time: 34209s job: 3203 dft_time: 0
#72939480: cov: 2955 ft: 11152 corp: 1577 exec/s: 65 oom/timeout/crash: 0/0/0 time: 34218s job: 3204 dft_time: 0
#72966622: cov: 2955 ft: 11152 corp: 1577 exec/s: 90 oom/timeout/crash: 0/0/0 time: 34231s job: 3205 dft_time: 0
#72993126: cov: 2955 ft: 11152 corp: 1577 exec/s: 88 oom/timeout/crash: 0/0/0 time: 34242s job: 3206 dft_time: 0
#73016511: cov: 2955 ft: 11152 corp: 1577 exec/s: 77 oom/timeout/crash: 0/0/0 time: 34252s job: 3207 dft_time: 0
#73039150: cov: 2955 ft: 11152 corp: 1577 exec/s: 75 oom/timeout/crash: 0/0/0 time: 34263s job: 3208 dft_time: 0
#73066277: cov: 2955 ft: 11152 corp: 1577 exec/s: 90 oom/timeout/crash: 0/0/0 time: 34274s job: 3209 dft_time: 0
#73093543: cov: 2955 ft: 11152 corp: 1577 exec/s: 90 oom/timeout/crash: 0/0/0 time: 34286s job: 3210 dft_time: 0
#73114637: cov: 2955 ft: 11152 corp: 1577 exec/s: 70 oom/timeout/crash: 0/0/0 time: 34296s job: 3211 dft_time: 0
#73134310: cov: 2955 ft: 11152 corp: 1577 exec/s: 65 oom/timeout/crash: 0/0/0 time: 34307s job: 3212 dft_time: 0
#73160003: cov: 2955 ft: 11152 corp: 1577 exec/s: 85 oom/timeout/crash: 0/0/0 time: 34319s job: 3213 dft_time: 0
#73179730: cov: 2955 ft: 11152 corp: 1577 exec/s: 65 oom/timeout/crash: 0/0/0 time: 34331s job: 3214 dft_time: 0
#73201194: cov: 2955 ft: 11154 corp: 1578 exec/s: 71 oom/timeout/crash: 0/0/0 time: 34344s job: 3215 dft_time: 0
#73228150: cov: 2955 ft: 11154 corp: 1578 exec/s: 89 oom/timeout/crash: 0/0/0 time: 34356s job: 3216 dft_time: 0
#73251580: cov: 2955 ft: 11154 corp: 1578 exec/s: 77 oom/timeout/crash: 0/0/0 time: 34366s job: 3217 dft_time: 0
#73278229: cov: 2955 ft: 11154 corp: 1578 exec/s: 88 oom/timeout/crash: 0/0/0 time: 34378s job: 3218 dft_time: 0
#73298115: cov: 2955 ft: 11154 corp: 1578 exec/s: 66 oom/timeout/crash: 0/0/0 time: 34389s job: 3219 dft_time: 0
#73323914: cov: 2955 ft: 11154 corp: 1578 exec/s: 85 oom/timeout/crash: 0/0/0 time: 34399s job: 3220 dft_time: 0
#73351009: cov: 2955 ft: 11154 corp: 1578 exec/s: 90 oom/timeout/crash: 0/0/0 time: 34411s job: 3221 dft_time: 0
#73371027: cov: 2955 ft: 11154 corp: 1578 exec/s: 66 oom/timeout/crash: 0/0/0 time: 34422s job: 3222 dft_time: 0
#73391942: cov: 2955 ft: 11154 corp: 1578 exec/s: 69 oom/timeout/crash: 0/0/0 time: 34432s job: 3223 dft_time: 0
#73415904: cov: 2955 ft: 11154 corp: 1578 exec/s: 79 oom/timeout/crash: 0/0/0 time: 34443s job: 3224 dft_time: 0
#73440422: cov: 2955 ft: 11154 corp: 1578 exec/s: 81 oom/timeout/crash: 0/0/0 time: 34454s job: 3225 dft_time: 0
#73468266: cov: 2955 ft: 11154 corp: 1578 exec/s: 92 oom/timeout/crash: 0/0/0 time: 34465s job: 3226 dft_time: 0
#73488664: cov: 2955 ft: 11154 corp: 1578 exec/s: 67 oom/timeout/crash: 0/0/0 time: 34476s job: 3227 dft_time: 0
#73508357: cov: 2955 ft: 11154 corp: 1578 exec/s: 65 oom/timeout/crash: 0/0/0 time: 34488s job: 3228 dft_time: 0
#73535602: cov: 2955 ft: 11154 corp: 1578 exec/s: 90 oom/timeout/crash: 0/0/0 time: 34499s job: 3229 dft_time: 0
#73557565: cov: 2955 ft: 11154 corp: 1578 exec/s: 72 oom/timeout/crash: 0/0/0 time: 34510s job: 3230 dft_time: 0
#73584404: cov: 2955 ft: 11154 corp: 1578 exec/s: 89 oom/timeout/crash: 0/0/0 time: 34519s job: 3231 dft_time: 0
#73611522: cov: 2955 ft: 11154 corp: 1578 exec/s: 90 oom/timeout/crash: 0/0/0 time: 34532s job: 3232 dft_time: 0
#73635018: cov: 2955 ft: 11154 corp: 1578 exec/s: 78 oom/timeout/crash: 0/0/0 time: 34543s job: 3233 dft_time: 0
#73658144: cov: 2955 ft: 11154 corp: 1578 exec/s: 76 oom/timeout/crash: 0/0/0 time: 34553s job: 3234 dft_time: 0
#73682090: cov: 2955 ft: 11154 corp: 1578 exec/s: 79 oom/timeout/crash: 0/0/0 time: 34564s job: 3235 dft_time: 0
#73709104: cov: 2955 ft: 11154 corp: 1578 exec/s: 89 oom/timeout/crash: 0/0/0 time: 34575s job: 3236 dft_time: 0
#73731532: cov: 2955 ft: 11154 corp: 1578 exec/s: 74 oom/timeout/crash: 0/0/0 time: 34587s job: 3237 dft_time: 0
#73750916: cov: 2955 ft: 11154 corp: 1578 exec/s: 64 oom/timeout/crash: 0/0/0 time: 34597s job: 3238 dft_time: 0
#73770796: cov: 2955 ft: 11154 corp: 1578 exec/s: 66 oom/timeout/crash: 0/0/0 time: 34608s job: 3239 dft_time: 0
#73797788: cov: 2955 ft: 11154 corp: 1578 exec/s: 89 oom/timeout/crash: 0/0/0 time: 34620s job: 3240 dft_time: 0
#73825804: cov: 2955 ft: 11154 corp: 1578 exec/s: 93 oom/timeout/crash: 0/0/0 time: 34632s job: 3241 dft_time: 0
#73852634: cov: 2955 ft: 11154 corp: 1578 exec/s: 89 oom/timeout/crash: 0/0/0 time: 34645s job: 3242 dft_time: 0
#73878857: cov: 2955 ft: 11154 corp: 1578 exec/s: 87 oom/timeout/crash: 0/0/0 time: 34657s job: 3243 dft_time: 0
#73898782: cov: 2955 ft: 11154 corp: 1578 exec/s: 66 oom/timeout/crash: 0/0/0 time: 34667s job: 3244 dft_time: 0
#73926198: cov: 2955 ft: 11154 corp: 1578 exec/s: 91 oom/timeout/crash: 0/0/0 time: 34679s job: 3245 dft_time: 0
#73945640: cov: 2955 ft: 11154 corp: 1578 exec/s: 64 oom/timeout/crash: 0/0/0 time: 34690s job: 3246 dft_time: 0
#73967896: cov: 2955 ft: 11154 corp: 1578 exec/s: 73 oom/timeout/crash: 0/0/0 time: 34700s job: 3247 dft_time: 0
#73987587: cov: 2955 ft: 11154 corp: 1578 exec/s: 65 oom/timeout/crash: 0/0/0 time: 34712s job: 3248 dft_time: 0
#74011326: cov: 2955 ft: 11154 corp: 1578 exec/s: 78 oom/timeout/crash: 0/0/0 time: 34723s job: 3249 dft_time: 0
#74036038: cov: 2955 ft: 11154 corp: 1578 exec/s: 82 oom/timeout/crash: 0/0/0 time: 34733s job: 3250 dft_time: 0
#74058283: cov: 2955 ft: 11154 corp: 1578 exec/s: 73 oom/timeout/crash: 0/0/0 time: 34744s job: 3251 dft_time: 0
#74081277: cov: 2955 ft: 11154 corp: 1578 exec/s: 76 oom/timeout/crash: 0/0/0 time: 34755s job: 3252 dft_time: 0
#74108722: cov: 2955 ft: 11154 corp: 1578 exec/s: 91 oom/timeout/crash: 0/0/0 time: 34766s job: 3253 dft_time: 0
#74131812: cov: 2955 ft: 11154 corp: 1578 exec/s: 76 oom/timeout/crash: 0/0/0 time: 34778s job: 3254 dft_time: 0
#74158337: cov: 2955 ft: 11154 corp: 1578 exec/s: 88 oom/timeout/crash: 0/0/0 time: 34789s job: 3255 dft_time: 0
#74179396: cov: 2955 ft: 11154 corp: 1578 exec/s: 69 oom/timeout/crash: 0/0/0 time: 34800s job: 3256 dft_time: 0
#74203576: cov: 2955 ft: 11154 corp: 1578 exec/s: 80 oom/timeout/crash: 0/0/0 time: 34811s job: 3257 dft_time: 0
#74226303: cov: 2955 ft: 11154 corp: 1578 exec/s: 75 oom/timeout/crash: 0/0/0 time: 34821s job: 3258 dft_time: 0
#74247229: cov: 2955 ft: 11154 corp: 1578 exec/s: 69 oom/timeout/crash: 0/0/0 time: 34833s job: 3259 dft_time: 0
#74275251: cov: 2955 ft: 11154 corp: 1578 exec/s: 93 oom/timeout/crash: 0/0/0 time: 34844s job: 3260 dft_time: 0
#74302805: cov: 2955 ft: 11154 corp: 1578 exec/s: 91 oom/timeout/crash: 0/0/0 time: 34855s job: 3261 dft_time: 0
#74324599: cov: 2955 ft: 11154 corp: 1578 exec/s: 72 oom/timeout/crash: 0/0/0 time: 34865s job: 3262 dft_time: 0
#74346867: cov: 2955 ft: 11154 corp: 1578 exec/s: 73 oom/timeout/crash: 0/0/0 time: 34876s job: 3263 dft_time: 0
#74369041: cov: 2955 ft: 11154 corp: 1578 exec/s: 73 oom/timeout/crash: 0/0/0 time: 34888s job: 3264 dft_time: 0
#74396541: cov: 2955 ft: 11154 corp: 1578 exec/s: 91 oom/timeout/crash: 0/0/0 time: 34898s job: 3265 dft_time: 0
#74417684: cov: 2955 ft: 11154 corp: 1578 exec/s: 70 oom/timeout/crash: 0/0/0 time: 34909s job: 3266 dft_time: 0
#74444625: cov: 2955 ft: 11154 corp: 1578 exec/s: 89 oom/timeout/crash: 0/0/0 time: 34921s job: 3267 dft_time: 0
#74464806: cov: 2955 ft: 11154 corp: 1578 exec/s: 67 oom/timeout/crash: 0/0/0 time: 34934s job: 3268 dft_time: 0
#74486173: cov: 2955 ft: 11154 corp: 1578 exec/s: 70 oom/timeout/crash: 0/0/0 time: 34946s job: 3269 dft_time: 0
#74511969: cov: 2955 ft: 11154 corp: 1578 exec/s: 85 oom/timeout/crash: 0/0/0 time: 34958s job: 3270 dft_time: 0
#74536394: cov: 2955 ft: 11154 corp: 1578 exec/s: 81 oom/timeout/crash: 0/0/0 time: 34968s job: 3271 dft_time: 0
#74563643: cov: 2955 ft: 11154 corp: 1578 exec/s: 90 oom/timeout/crash: 0/0/0 time: 34980s job: 3272 dft_time: 0
#74590656: cov: 2955 ft: 11154 corp: 1578 exec/s: 89 oom/timeout/crash: 0/0/0 time: 34991s job: 3273 dft_time: 0
#74610700: cov: 2955 ft: 11154 corp: 1578 exec/s: 66 oom/timeout/crash: 0/0/0 time: 35001s job: 3274 dft_time: 0
#74630222: cov: 2955 ft: 11154 corp: 1578 exec/s: 64 oom/timeout/crash: 0/0/0 time: 35013s job: 3275 dft_time: 0
#74651317: cov: 2955 ft: 11154 corp: 1578 exec/s: 70 oom/timeout/crash: 0/0/0 time: 35024s job: 3276 dft_time: 0
#74678015: cov: 2955 ft: 11154 corp: 1578 exec/s: 88 oom/timeout/crash: 0/0/0 time: 35034s job: 3277 dft_time: 0
#74700284: cov: 2955 ft: 11154 corp: 1578 exec/s: 73 oom/timeout/crash: 0/0/0 time: 35046s job: 3278 dft_time: 0
#74722590: cov: 2955 ft: 11154 corp: 1578 exec/s: 74 oom/timeout/crash: 0/0/0 time: 35056s job: 3279 dft_time: 0
#74749856: cov: 2955 ft: 11154 corp: 1578 exec/s: 90 oom/timeout/crash: 0/0/0 time: 35067s job: 3280 dft_time: 0
#74770200: cov: 2955 ft: 11154 corp: 1578 exec/s: 67 oom/timeout/crash: 0/0/0 time: 35079s job: 3281 dft_time: 0
#74792366: cov: 2955 ft: 11154 corp: 1578 exec/s: 73 oom/timeout/crash: 0/0/0 time: 35090s job: 3282 dft_time: 0
#74816347: cov: 2955 ft: 11154 corp: 1578 exec/s: 79 oom/timeout/crash: 0/0/0 time: 35102s job: 3283 dft_time: 0
#74843311: cov: 2955 ft: 11154 corp: 1578 exec/s: 89 oom/timeout/crash: 0/0/0 time: 35113s job: 3284 dft_time: 0
#74866010: cov: 2955 ft: 11154 corp: 1578 exec/s: 75 oom/timeout/crash: 0/0/0 time: 35122s job: 3285 dft_time: 0
#74886496: cov: 2955 ft: 11154 corp: 1578 exec/s: 68 oom/timeout/crash: 0/0/0 time: 35134s job: 3286 dft_time: 0
#74911819: cov: 2955 ft: 11154 corp: 1578 exec/s: 84 oom/timeout/crash: 0/0/0 time: 35145s job: 3287 dft_time: 0
#74931236: cov: 2955 ft: 11154 corp: 1578 exec/s: 64 oom/timeout/crash: 0/0/0 time: 35156s job: 3288 dft_time: 0
#74956639: cov: 2955 ft: 11154 corp: 1578 exec/s: 84 oom/timeout/crash: 0/0/0 time: 35166s job: 3289 dft_time: 0
#74983653: cov: 2955 ft: 11154 corp: 1578 exec/s: 89 oom/timeout/crash: 0/0/0 time: 35178s job: 3290 dft_time: 0
#75009703: cov: 2955 ft: 11154 corp: 1578 exec/s: 86 oom/timeout/crash: 0/0/0 time: 35189s job: 3291 dft_time: 0
#75032477: cov: 2955 ft: 11154 corp: 1578 exec/s: 75 oom/timeout/crash: 0/0/0 time: 35199s job: 3292 dft_time: 0
#75056087: cov: 2955 ft: 11154 corp: 1578 exec/s: 78 oom/timeout/crash: 0/0/0 time: 35210s job: 3293 dft_time: 0
#75083089: cov: 2955 ft: 11154 corp: 1578 exec/s: 89 oom/timeout/crash: 0/0/0 time: 35222s job: 3294 dft_time: 0
#75106412: cov: 2955 ft: 11154 corp: 1578 exec/s: 77 oom/timeout/crash: 0/0/0 time: 35235s job: 3295 dft_time: 0
#75132903: cov: 2955 ft: 11154 corp: 1578 exec/s: 88 oom/timeout/crash: 0/0/0 time: 35248s job: 3296 dft_time: 0
#75158251: cov: 2955 ft: 11154 corp: 1578 exec/s: 84 oom/timeout/crash: 0/0/0 time: 35259s job: 3297 dft_time: 0
#75185484: cov: 2955 ft: 11154 corp: 1578 exec/s: 90 oom/timeout/crash: 0/0/0 time: 35269s job: 3298 dft_time: 0
#75212937: cov: 2955 ft: 11154 corp: 1578 exec/s: 91 oom/timeout/crash: 0/0/0 time: 35281s job: 3299 dft_time: 0
#75236649: cov: 2955 ft: 11154 corp: 1578 exec/s: 78 oom/timeout/crash: 0/0/0 time: 35292s job: 3300 dft_time: 0
#75263189: cov: 2955 ft: 11154 corp: 1578 exec/s: 88 oom/timeout/crash: 0/0/0 time: 35302s job: 3301 dft_time: 0
#75286222: cov: 2955 ft: 11154 corp: 1578 exec/s: 76 oom/timeout/crash: 0/0/0 time: 35314s job: 3302 dft_time: 0
#75305562: cov: 2955 ft: 11154 corp: 1578 exec/s: 64 oom/timeout/crash: 0/0/0 time: 35325s job: 3303 dft_time: 0
#75328768: cov: 2955 ft: 11154 corp: 1578 exec/s: 77 oom/timeout/crash: 0/0/0 time: 35335s job: 3304 dft_time: 0
#75352590: cov: 2955 ft: 11154 corp: 1578 exec/s: 79 oom/timeout/crash: 0/0/0 time: 35347s job: 3305 dft_time: 0
#75380383: cov: 2955 ft: 11154 corp: 1578 exec/s: 92 oom/timeout/crash: 0/0/0 time: 35357s job: 3306 dft_time: 0
#75400983: cov: 2955 ft: 11154 corp: 1578 exec/s: 68 oom/timeout/crash: 0/0/0 time: 35368s job: 3307 dft_time: 0
#75428356: cov: 2955 ft: 11154 corp: 1578 exec/s: 90 oom/timeout/crash: 0/0/0 time: 35380s job: 3308 dft_time: 0
#75448475: cov: 2955 ft: 11154 corp: 1578 exec/s: 66 oom/timeout/crash: 0/0/0 time: 35391s job: 3309 dft_time: 0
#75474896: cov: 2955 ft: 11154 corp: 1578 exec/s: 87 oom/timeout/crash: 0/0/0 time: 35403s job: 3310 dft_time: 0
#75494241: cov: 2955 ft: 11154 corp: 1578 exec/s: 64 oom/timeout/crash: 0/0/0 time: 35414s job: 3311 dft_time: 0
#75515411: cov: 2955 ft: 11154 corp: 1578 exec/s: 70 oom/timeout/crash: 0/0/0 time: 35423s job: 3312 dft_time: 0
#75543401: cov: 2955 ft: 11154 corp: 1578 exec/s: 92 oom/timeout/crash: 0/0/0 time: 35435s job: 3313 dft_time: 0
#75562986: cov: 2955 ft: 11154 corp: 1578 exec/s: 65 oom/timeout/crash: 0/0/0 time: 35446s job: 3314 dft_time: 0
#75583379: cov: 2955 ft: 11154 corp: 1578 exec/s: 67 oom/timeout/crash: 0/0/0 time: 35457s job: 3315 dft_time: 0
#75609500: cov: 2955 ft: 11154 corp: 1578 exec/s: 86 oom/timeout/crash: 0/0/0 time: 35468s job: 3316 dft_time: 0
#75628925: cov: 2955 ft: 11154 corp: 1578 exec/s: 64 oom/timeout/crash: 0/0/0 time: 35479s job: 3317 dft_time: 0
#75648619: cov: 2955 ft: 11154 corp: 1578 exec/s: 65 oom/timeout/crash: 0/0/0 time: 35491s job: 3318 dft_time: 0
#75674421: cov: 2955 ft: 11154 corp: 1578 exec/s: 85 oom/timeout/crash: 0/0/0 time: 35501s job: 3319 dft_time: 0
#75695127: cov: 2955 ft: 11154 corp: 1578 exec/s: 68 oom/timeout/crash: 0/0/0 time: 35512s job: 3320 dft_time: 0
#75722724: cov: 2955 ft: 11154 corp: 1578 exec/s: 91 oom/timeout/crash: 0/0/0 time: 35523s job: 3321 dft_time: 0
#75750104: cov: 2955 ft: 11154 corp: 1578 exec/s: 90 oom/timeout/crash: 0/0/0 time: 35536s job: 3322 dft_time: 0
#75770713: cov: 2955 ft: 11154 corp: 1578 exec/s: 68 oom/timeout/crash: 0/0/0 time: 35549s job: 3323 dft_time: 0
#75796188: cov: 2955 ft: 11154 corp: 1578 exec/s: 84 oom/timeout/crash: 0/0/0 time: 35561s job: 3324 dft_time: 0
#75818672: cov: 2955 ft: 11154 corp: 1578 exec/s: 74 oom/timeout/crash: 0/0/0 time: 35570s job: 3325 dft_time: 0
#75845547: cov: 2955 ft: 11154 corp: 1578 exec/s: 89 oom/timeout/crash: 0/0/0 time: 35582s job: 3326 dft_time: 0
#75870414: cov: 2955 ft: 11159 corp: 1579 exec/s: 82 oom/timeout/crash: 0/0/0 time: 35593s job: 3327 dft_time: 0
#75892825: cov: 2955 ft: 11159 corp: 1579 exec/s: 74 oom/timeout/crash: 0/0/0 time: 35603s job: 3328 dft_time: 0
#75918742: cov: 2955 ft: 11159 corp: 1579 exec/s: 86 oom/timeout/crash: 0/0/0 time: 35615s job: 3329 dft_time: 0
#75944585: cov: 2955 ft: 11159 corp: 1579 exec/s: 85 oom/timeout/crash: 0/0/0 time: 35626s job: 3330 dft_time: 0
#75968139: cov: 2955 ft: 11159 corp: 1579 exec/s: 78 oom/timeout/crash: 0/0/0 time: 35636s job: 3331 dft_time: 0
#75995733: cov: 2955 ft: 11159 corp: 1579 exec/s: 91 oom/timeout/crash: 0/0/0 time: 35648s job: 3332 dft_time: 0
#76023178: cov: 2955 ft: 11159 corp: 1579 exec/s: 91 oom/timeout/crash: 0/0/0 time: 35658s job: 3333 dft_time: 0
#76051054: cov: 2955 ft: 11159 corp: 1579 exec/s: 92 oom/timeout/crash: 0/0/0 time: 35670s job: 3334 dft_time: 0
#76078633: cov: 2955 ft: 11159 corp: 1579 exec/s: 91 oom/timeout/crash: 0/0/0 time: 35681s job: 3335 dft_time: 0
#76098666: cov: 2955 ft: 11159 corp: 1579 exec/s: 66 oom/timeout/crash: 0/0/0 time: 35692s job: 3336 dft_time: 0
#76122144: cov: 2955 ft: 11159 corp: 1579 exec/s: 78 oom/timeout/crash: 0/0/0 time: 35704s job: 3337 dft_time: 0
#76146080: cov: 2955 ft: 11159 corp: 1579 exec/s: 79 oom/timeout/crash: 0/0/0 time: 35715s job: 3338 dft_time: 0
#76166447: cov: 2955 ft: 11159 corp: 1579 exec/s: 67 oom/timeout/crash: 0/0/0 time: 35724s job: 3339 dft_time: 0
#76187722: cov: 2955 ft: 11159 corp: 1579 exec/s: 70 oom/timeout/crash: 0/0/0 time: 35736s job: 3340 dft_time: 0
#76207821: cov: 2955 ft: 11159 corp: 1579 exec/s: 66 oom/timeout/crash: 0/0/0 time: 35747s job: 3341 dft_time: 0
#76227487: cov: 2955 ft: 11159 corp: 1579 exec/s: 65 oom/timeout/crash: 0/0/0 time: 35758s job: 3342 dft_time: 0
#76246971: cov: 2955 ft: 11159 corp: 1579 exec/s: 64 oom/timeout/crash: 0/0/0 time: 35769s job: 3343 dft_time: 0
#76274405: cov: 2955 ft: 11159 corp: 1579 exec/s: 91 oom/timeout/crash: 0/0/0 time: 35780s job: 3344 dft_time: 0
#76297003: cov: 2955 ft: 11159 corp: 1579 exec/s: 75 oom/timeout/crash: 0/0/0 time: 35792s job: 3345 dft_time: 0
